pagina_siifa,id_factura_siifa,numero_factura,nit_emisor,razon_social_emisor,nit_adquiriente,razon_social_adquiriente,valor_factura,fecha_emision,hora_emision,fecha_vencimiento,cufe,tipo_factura,indicador_tipo_operacion,numero_elementos,tiene_radicado_siifa,id_factura_radicado_siifa,numero_radicado,fecha_radicado
1,118647716,FH4363144,890901826,HOSPITAL PABLO TOBON URIBE,901543761,EPS FAMILIAR DE COLOMBIAS SAS,18750112.0,2026-01-01T00:00:00,09:05:38,2026-01-31T00:00:00,9d3f4580e073a66d7dfe9bf77d9b77e38cb670b146a742892e21c9791b2e1fd9eff163c0e02edb07c0cc02a20c3b3e52,01,SS-SinAporte,79,true,,,
1,118677432,CP10174,901494060,CENTRO MEDICO DE ESPECIALISTA LAS PENINSULAS IPS SAS,901543761,EPS FAMILIAR DE COLOMBIA SAS,274330.0,2026-01-01T00:00:00,00:00:00,2026-01-31T00:00:00,43607b3ad7750b28c95ffa7facda8c10b133c25ae546e0ceff0bccdd757dca7f8aed03037923b1e6267fc2706447e96a,01,SS-CUFE     ,1,true,,,
1,118677436,CP10175,901494060,CENTRO MEDICO DE ESPECIALISTA LAS PENINSULAS IPS SAS,901543761,EPS FAMILIAR DE COLOMBIA SAS,274330.0,2026-01-01T00:00:00,00:00:00,2026-01-31T00:00:00,f6043ae6c0600d18b6fa115d38dba427b722bbeac373d5af5d5e2c3c6282b514da5bc0bb9574a77a22721b32aed6862f,01,SS-CUFE     ,1,true,,,
1,118677440,CP10176,901494060,CENTRO MEDICO DE ESPECIALISTA LAS PENINSULAS IPS SAS,901543761,EPS FAMILIAR DE COLOMBIA SAS,274330.0,2026-01-01T00:00:00,00:00:00,2026-01-31T00:00:00,cfd4651d093fbf9645f91ca41dfae925e1e5b0dd835a5938a98b5a4f4ec261b1c33fe9de283fb36c4ce58cc77e8fd381,01,SS-CUFE     ,1,true,,,
1,118677444,CP10177,901494060,CENTRO MEDICO DE ESPECIALISTA LAS PENINSULAS IPS SAS,901543761,EPS FAMILIAR DE COLOMBIA SAS,280280.0,2026-01-01T00:00:00,00:00:00,2026-01-31T00:00:00,0bdcfb0acab95a5e20f9d23f43f0b977b916377f264c17da3121b70c5d1f98dccd18801123f1f5aa8fba205f77466ed4,01,SS-CUFE     ,1,true,,,
1,118677448,CP10178,901494060,CENTRO MEDICO DE ESPECIALISTA LAS PENINSULAS IPS SAS,901543761,EPS FAMILIAR DE COLOMBIA SAS,280280.0,2026-01-01T00:00:00,00:00:00,2026-01-31T00:00:00,024d902823ab228b36ca01fa909d8a92fd9c227d0d39fa4efc9979952c44d31f6253d803be1c8493f0f095999a6c99b9,01,SS-CUFE     ,1,true,,,
1,118677450,CP10179,901494060,CENTRO MEDICO DE ESPECIALISTA LAS PENINSULAS IPS SAS,901543761,EPS FAMILIAR DE COLOMBIA SAS,280280.0,2026-01-01T00:00:00,00:00:00,2026-01-31T00:00:00,e6edffc78dda19697ffaf0d16485ad4c4f80b44f66fff106383a640d9420977a032af024f042bbadee89d6a31e67113d,01,SS-CUFE     ,1,true,,,
1,118677451,CP10180,901494060,CENTRO MEDICO DE ESPECIALISTA LAS PENINSULAS IPS SAS,901543761,EPS FAMILIAR DE COLOMBIA SAS,280280.0,2026-01-01T00:00:00,00:00:00,2026-01-31T00:00:00,01e02219e2df5d1fd414ef2e77ecdb60bc5092c2b2b0a51677b91ec7eb41064846911b83f3ab31a81ffeab5ab4002c83,01,SS-CUFE     ,1,true,,,
1,118677455,CP10181,901494060,CENTRO MEDICO DE ESPECIALISTA LAS PENINSULAS IPS SAS,901543761,EPS FAMILIAR DE COLOMBIA SAS,280280.0,2026-01-01T00:00:00,00:00:00,2026-01-31T00:00:00,3eb0ca267c46670290fa22f3056d6b1f3a1cccba802d0dc144e861c0ce1e0c93126a2a1be07baebc9a4bdfc59836ad04,01,SS-CUFE     ,1,true,,,
1,118677459,CP10182,901494060,CENTRO MEDICO DE ESPECIALISTA LAS PENINSULAS IPS SAS,901543761,EPS FAMILIAR DE COLOMBIA SAS,280280.0,2026-01-01T00:00:00,00:00:00,2026-01-31T00:00:00,34355f396440754219aec98c0d9384c849db16a744e87405b9c8db81c2e72aa67c23e13393d3790d80c60bc4a537dbbe,01,SS-CUFE     ,1,true,,,
1,118677462,CP10183,901494060,CENTRO MEDICO DE ESPECIALISTA LAS PENINSULAS IPS SAS,901543761,EPS FAMILIAR DE COLOMBIA SAS,280280.0,2026-01-01T00:00:00,00:00:00,2026-01-31T00:00:00,1ea734e89b5aacf313d898eee861908aef5e6389830763cfaecf13ade43ecf696479949a17102c26af9c3e3057e59664,01,SS-CUFE     ,1,true,,,
1,118677465,CP10184,901494060,CENTRO MEDICO DE ESPECIALISTA LAS PENINSULAS IPS SAS,901543761,EPS FAMILIAR DE COLOMBIA SAS,280280.0,2026-01-01T00:00:00,00:00:00,2026-01-31T00:00:00,9028cc319b05175f68d99997391549f0c3050e822df52174aacb4c134bdff427ff7da2a59428548e679d7c769c396e50,01,SS-CUFE     ,1,true,,,
1,118677467,CP10185,901494060,CENTRO MEDICO DE ESPECIALISTA LAS PENINSULAS IPS SAS,901543761,EPS FAMILIAR DE COLOMBIA SAS,280280.0,2026-01-01T00:00:00,00:00:00,2026-01-31T00:00:00,e863f5a88f044278c7a267faed523f6780729454376f8000c56f07d2e197e1dd849e78b50568ed57c3946e66660cb69d,01,SS-CUFE     ,1,true,,,
1,118677473,CP10186,901494060,CENTRO MEDICO DE ESPECIALISTA LAS PENINSULAS IPS SAS,901543761,EPS FAMILIAR DE COLOMBIA SAS,280280.0,2026-01-01T00:00:00,00:00:00,2026-01-31T00:00:00,4b0f75a877d9f15529f5db2a93328491c7e0a51f0ad6d4d6d37f3ac71645ea3e90b97a0a0f96fb959c5a391c0c6cbe07,01,SS-CUFE     ,1,true,,,
1,118677477,CP10187,901494060,CENTRO MEDICO DE ESPECIALISTA LAS PENINSULAS IPS SAS,901543761,EPS FAMILIAR DE COLOMBIA SAS,280280.0,2026-01-01T00:00:00,00:00:00,2026-01-31T00:00:00,54418abba36ab94f474b6b75ea4bbd39a0769904143b54039049be2eabffe01dae79b39421b002d9b60fc29ffdfea6a8,01,SS-CUFE     ,1,true,,,
1,118677481,CP10188,901494060,CENTRO MEDICO DE ESPECIALISTA LAS PENINSULAS IPS SAS,901543761,EPS FAMILIAR DE COLOMBIA SAS,280280.0,2026-01-01T00:00:00,00:00:00,2026-01-31T00:00:00,25531063a5d9d586adb96a43bae6aeb949aa51d9956b029fa7234b78a7051fdefe2683e41ad05e81a1468b43a99fa256,01,SS-CUFE     ,1,true,,,
1,118677486,CP10189,901494060,CENTRO MEDICO DE ESPECIALISTA LAS PENINSULAS IPS SAS,901543761,EPS FAMILIAR DE COLOMBIA SAS,280280.0,2026-01-01T00:00:00,00:00:00,2026-01-31T00:00:00,a1448ccd00fe3ee22706b1937cc13d9a4fbe9427a10c52be39115db7627ae7163efbc364b905936d46c7959932535a18,01,SS-CUFE     ,1,true,,,
1,118677492,CP10190,901494060,CENTRO MEDICO DE ESPECIALISTA LAS PENINSULAS IPS SAS,901543761,EPS FAMILIAR DE COLOMBIA SAS,280280.0,2026-01-01T00:00:00,00:00:00,2026-01-31T00:00:00,6a6b1a52fa69779abc31b6736804d3b0a950a20220f5079ffb519d680e7f29cfd29c2502d44ebd5724cdd2536ef1020c,01,SS-CUFE     ,1,true,,,
1,118677496,CP10191,901494060,CENTRO MEDICO DE ESPECIALISTA LAS PENINSULAS IPS SAS,901543761,EPS FAMILIAR DE COLOMBIA SAS,280280.0,2026-01-01T00:00:00,00:00:00,2026-01-31T00:00:00,e352165dfa8ae5edbfe3c6b4ff3e3c3d55f342af73d8ee277c9f78343e2714d3665d872854587f1ab561e3b383703aab,01,SS-CUFE     ,1,true,,,
1,118677500,CP10192,901494060,CENTRO MEDICO DE ESPECIALISTA LAS PENINSULAS IPS SAS,901543761,EPS FAMILIAR DE COLOMBIA SAS,280280.0,2026-01-01T00:00:00,00:00:00,2026-01-31T00:00:00,d8dd900d65e03ca0f2e9c685be78ad3842a42f44f25a733406c696df1b3d90d52b56200fadec77f1f4f151edbb1d67aa,01,SS-CUFE     ,1,true,,,
1,118677503,CP10193,901494060,CENTRO MEDICO DE ESPECIALISTA LAS PENINSULAS IPS SAS,901543761,EPS FAMILIAR DE COLOMBIA SAS,280280.0,2026-01-01T00:00:00,00:00:00,2026-01-31T00:00:00,0a31c6ea0c73d420098e7d9e5e9ae43d0332c71ac9090979b18d7904c1d0e378bc8a168733c1fcd78a27948a33f2b4b5,01,SS-CUFE     ,1,true,,,
1,118677508,CP10194,901494060,CENTRO MEDICO DE ESPECIALISTA LAS PENINSULAS IPS SAS,901543761,EPS FAMILIAR DE COLOMBIA SAS,280280.0,2026-01-01T00:00:00,00:00:00,2026-01-31T00:00:00,d7445cd61cfcc8f0b8a915561aa6f9cf89f257098558487fef3f2e2d79dda59affd5eb32a764f298c528acf037aa6346,01,SS-CUFE     ,1,true,,,
1,118677511,CP10195,901494060,CENTRO MEDICO DE ESPECIALISTA LAS PENINSULAS IPS SAS,901543761,EPS FAMILIAR DE COLOMBIA SAS,280280.0,2026-01-01T00:00:00,00:00:00,2026-01-31T00:00:00,286668e20896fb9f79a18be4c512e059cd238878416abf029c0ff9f9941be357633bc00dbcf9f6564fc7faebc470b173,01,SS-CUFE     ,1,true,,,
1,118677518,CP10196,901494060,CENTRO MEDICO DE ESPECIALISTA LAS PENINSULAS IPS SAS,901543761,EPS FAMILIAR DE COLOMBIA SAS,280280.0,2026-01-01T00:00:00,00:00:00,2026-01-31T00:00:00,fc471a1aca5e4026173f386e1a39363d7a72c1a9350bddfa9c9afff280598bc7ed7926999dc05aa6e260a0cc7cdad9b7,01,SS-CUFE     ,1,true,,,
1,118677525,CP10197,901494060,CENTRO MEDICO DE ESPECIALISTA LAS PENINSULAS IPS SAS,901543761,EPS FAMILIAR DE COLOMBIA SAS,280280.0,2026-01-01T00:00:00,00:00:00,2026-01-31T00:00:00,98e9577f09f2acb94e1dc439950adbe708ab6ae4c43644c4357040edde39d697022b11dcc1b5f519bef56e5194cecfc3,01,SS-CUFE     ,1,true,,,
1,118677537,CP10198,901494060,CENTRO MEDICO DE ESPECIALISTA LAS PENINSULAS IPS SAS,901543761,EPS FAMILIAR DE COLOMBIA SAS,280280.0,2026-01-01T00:00:00,00:00:00,2026-01-31T00:00:00,41b134a9ff530ed91f58c471b963546d261678beaabcb4fe930ca5b57ea2f80744eecbbd5ca75996be2eadfe2b2b5ea8,01,SS-CUFE     ,1,true,,,
1,118677553,CP10199,901494060,CENTRO MEDICO DE ESPECIALISTA LAS PENINSULAS IPS SAS,901543761,EPS FAMILIAR DE COLOMBIA SAS,280280.0,2026-01-01T00:00:00,00:00:00,2026-01-31T00:00:00,92ca92fb7f0b1b210c3816b99ce5612f1257278d32434157f9bd3319eff46201b10ea8e875e2761c74de09007a77205e,01,SS-CUFE     ,1,true,,,
1,118677556,CP10200,901494060,CENTRO MEDICO DE ESPECIALISTA LAS PENINSULAS IPS SAS,901543761,EPS FAMILIAR DE COLOMBIA SAS,280280.0,2026-01-01T00:00:00,00:00:00,2026-01-31T00:00:00,b347fe03e4805c00d647d5a6a314c42dc1af80614b656939ee3efba822e09c0c1eab20ec346a4eea9ffb830e91611686,01,SS-CUFE     ,1,true,,,
1,118677568,CP10201,901494060,CENTRO MEDICO DE ESPECIALISTA LAS PENINSULAS IPS SAS,901543761,EPS FAMILIAR DE COLOMBIA SAS,280280.0,2026-01-01T00:00:00,00:00:00,2026-01-31T00:00:00,703213a4a03e9c2e075615c43c6697c7c465567ac3261a803ba9c4a48ee3173877bbec59bebe816f9d0d210675d569f3,01,SS-CUFE     ,1,true,,,
1,118677572,CP10202,901494060,CENTRO MEDICO DE ESPECIALISTA LAS PENINSULAS IPS SAS,901543761,EPS FAMILIAR DE COLOMBIA SAS,280280.0,2026-01-01T00:00:00,00:00:00,2026-01-31T00:00:00,305abcf4673a28ca1a2b6feeb6904af0ca4262ac5d6a9adfa90ea6d8d83dc7c8209888aa626240a656ce71d3e2e96413,01,SS-CUFE     ,1,true,,,
1,118677585,CP10203,901494060,CENTRO MEDICO DE ESPECIALISTA LAS PENINSULAS IPS SAS,901543761,EPS FAMILIAR DE COLOMBIA SAS,280280.0,2026-01-01T00:00:00,00:00:00,2026-01-31T00:00:00,e47c292ffbd88f5873955a936f4a6c7f4113cfdae6776eba28cb0a5257e58864c2f70a4afc34148aa137031de29c956b,01,SS-CUFE     ,1,true,,,
1,118677588,CP10204,901494060,CENTRO MEDICO DE ESPECIALISTA LAS PENINSULAS IPS SAS,901543761,EPS FAMILIAR DE COLOMBIA SAS,280280.0,2026-01-01T00:00:00,00:00:00,2026-01-31T00:00:00,b42ae5791f8b97ff75109196e30e492caba72b602b8353eed2673712f69e5923bac530e2cfc62836f039cdbf72c965c7,01,SS-CUFE     ,1,true,,,
1,118677594,CP10205,901494060,CENTRO MEDICO DE ESPECIALISTA LAS PENINSULAS IPS SAS,901543761,EPS FAMILIAR DE COLOMBIA SAS,280280.0,2026-01-01T00:00:00,00:00:00,2026-01-31T00:00:00,c9241ab5f86077718dc38ee16bfcb3439e0aa9c794c26f36457e5bcf3ac457db96089fbc985b04eb1fe0a80a4ca17091,01,SS-CUFE     ,1,true,,,
1,118677599,CP10206,901494060,CENTRO MEDICO DE ESPECIALISTA LAS PENINSULAS IPS SAS,901543761,EPS FAMILIAR DE COLOMBIA SAS,280280.0,2026-01-01T00:00:00,00:00:00,2026-01-31T00:00:00,fcaa24f02e999cdbc453c60d07a3410b76deb42eeeea449ada30e0158bb2fafe9ae1b8d6ac669bd3cfc4fbc709f651cd,01,SS-CUFE     ,1,true,,,
1,118677615,CP10207,901494060,CENTRO MEDICO DE ESPECIALISTA LAS PENINSULAS IPS SAS,901543761,EPS FAMILIAR DE COLOMBIA SAS,280280.0,2026-01-01T00:00:00,00:00:00,2026-01-31T00:00:00,dda695c21608ae05be94a92e21f02c46aa4352bdd88f72cc77b2f88e8117aa925bfab503fc2886f21b08ea1245a62b89,01,SS-CUFE     ,1,true,,,
1,118677629,CP10208,901494060,CENTRO MEDICO DE ESPECIALISTA LAS PENINSULAS IPS SAS,901543761,EPS FAMILIAR DE COLOMBIA SAS,280280.0,2026-01-01T00:00:00,00:00:00,2026-01-31T00:00:00,65f92361206ea1d1b0cd41db9f91fc1e9fb34402b19ea95bae67dd035b9fc473c80d9d80ae087462a31a7a29d812e8a8,01,SS-CUFE     ,1,true,,,
1,118677634,CP10209,901494060,CENTRO MEDICO DE ESPECIALISTA LAS PENINSULAS IPS SAS,901543761,EPS FAMILIAR DE COLOMBIA SAS,280280.0,2026-01-01T00:00:00,00:00:00,2026-01-31T00:00:00,0c3eef286799a7eb554d6542ce918315af926e707628860fbeec407dcd3e72dbbb98205729435b3c81cce623569765a3,01,SS-CUFE     ,1,true,,,
1,118677638,CP10210,901494060,CENTRO MEDICO DE ESPECIALISTA LAS PENINSULAS IPS SAS,901543761,EPS FAMILIAR DE COLOMBIA SAS,280280.0,2026-01-01T00:00:00,00:00:00,2026-01-31T00:00:00,31773cebba63df390f28b06e3030b9baa7dcf346e416ef2f9edc9624d905ae009d1274e093472482add278b1f1664001,01,SS-CUFE     ,1,true,,,
1,118677647,CP10211,901494060,CENTRO MEDICO DE ESPECIALISTA LAS PENINSULAS IPS SAS,901543761,EPS FAMILIAR DE COLOMBIA SAS,280280.0,2026-01-01T00:00:00,00:00:00,2026-01-31T00:00:00,60528c7a0899c1081cc84ae21ef2662d0ac920f373f2c2df432043cf5d31b49b568f8711a2dcb887dca8d051312b1a00,01,SS-CUFE     ,1,true,,,
1,118677651,CP10212,901494060,CENTRO MEDICO DE ESPECIALISTA LAS PENINSULAS IPS SAS,901543761,EPS FAMILIAR DE COLOMBIA SAS,280280.0,2026-01-01T00:00:00,00:00:00,2026-01-31T00:00:00,5ab1d291b2afc7aa4ad2a0522cda7bea9c48d200eb510fa096cefa091172f7792c3c7307253fa85a118cbff929d24da5,01,SS-CUFE     ,1,true,,,
1,118677656,CP10213,901494060,CENTRO MEDICO DE ESPECIALISTA LAS PENINSULAS IPS SAS,901543761,EPS FAMILIAR DE COLOMBIA SAS,252252.0,2026-01-01T00:00:00,00:00:00,2026-01-31T00:00:00,87cad7dd8ad07e0a43c8b4070f0657d56d59d40f63638b3d70cab4bde7e19db58408134f77c853a45af12aee4391d3bb,01,SS-CUFE     ,1,true,,,
1,118677669,CP10214,901494060,CENTRO MEDICO DE ESPECIALISTA LAS PENINSULAS IPS SAS,901543761,EPS FAMILIAR DE COLOMBIA SAS,280280.0,2026-01-01T00:00:00,00:00:00,2026-01-31T00:00:00,85bfacad8bed89f057e9b17e14d31350a54908686ba475496c316f895b92568a5e2b1ab48c7abc2bdc25742bbe748592,01,SS-CUFE     ,1,true,,,
1,118677672,CP10215,901494060,CENTRO MEDICO DE ESPECIALISTA LAS PENINSULAS IPS SAS,901543761,EPS FAMILIAR DE COLOMBIA SAS,280280.0,2026-01-01T00:00:00,00:00:00,2026-01-31T00:00:00,70c8978c8cec3fed7633e3f5fd9b5da5c7aba75dda4c0dc554bcbccee3f6ea3c398c4870959aeee86467b1eba6faa72c,01,SS-CUFE     ,1,true,,,
1,118677678,CP10216,901494060,CENTRO MEDICO DE ESPECIALISTA LAS PENINSULAS IPS SAS,901543761,EPS FAMILIAR DE COLOMBIA SAS,280280.0,2026-01-01T00:00:00,00:00:00,2026-01-31T00:00:00,7f6e6cf4dd45bc4ed168dc7f9353d547a02711a6b5d2d3f9e84b97017847081724d083dded0e20468241f0b793010fa3,01,SS-CUFE     ,1,true,,,
1,118677691,CP10217,901494060,CENTRO MEDICO DE ESPECIALISTA LAS PENINSULAS IPS SAS,901543761,EPS FAMILIAR DE COLOMBIA SAS,280280.0,2026-01-01T00:00:00,00:00:00,2026-01-31T00:00:00,b47b086b9bafb61b59b346f6002e455ea4a68b6e014ac3c7d8cf35cb2ecdea9d9ff89451eaa1127352227d1c139a4c96,01,SS-CUFE     ,1,true,,,
1,118677693,CP10218,901494060,CENTRO MEDICO DE ESPECIALISTA LAS PENINSULAS IPS SAS,901543761,EPS FAMILIAR DE COLOMBIA SAS,280280.0,2026-01-01T00:00:00,00:00:00,2026-01-31T00:00:00,f66386b7c2336d7013184007ce62a4f59495799ad95b10fb1c82ea26e1f65620313aa86382be974ed1332e799f2a3e96,01,SS-CUFE     ,1,true,,,
1,118677702,CP10219,901494060,CENTRO MEDICO DE ESPECIALISTA LAS PENINSULAS IPS SAS,901543761,EPS FAMILIAR DE COLOMBIA SAS,280280.0,2026-01-01T00:00:00,00:00:00,2026-01-31T00:00:00,aa36e302cca8cad2ae18879066ccd2c42651f91cc320fc6f696fe6355e49f6b0aa73923caba5c14782f3a8b8d2771697,01,SS-CUFE     ,1,true,,,
1,118677709,CP10220,901494060,CENTRO MEDICO DE ESPECIALISTA LAS PENINSULAS IPS SAS,901543761,EPS FAMILIAR DE COLOMBIA SAS,280280.0,2026-01-01T00:00:00,00:00:00,2026-01-31T00:00:00,fca183ccefa7df2f74787f7fe69f5c890fe6d5a42f6c4bb61e0c7b401d65efb25785a7151413de1d5bc984b65c62af63,01,SS-CUFE     ,1,true,,,
1,118677715,CP10221,901494060,CENTRO MEDICO DE ESPECIALISTA LAS PENINSULAS IPS SAS,901543761,EPS FAMILIAR DE COLOMBIA SAS,280280.0,2026-01-01T00:00:00,00:00:00,2026-01-31T00:00:00,154b0c4d22726aa45693d7ec83301c93ff7ff55b2255cc0cc3196084de7482fa0e789b9707789ab1da51e5fe1ade6015,01,SS-CUFE     ,1,true,,,
1,118677718,CP10222,901494060,CENTRO MEDICO DE ESPECIALISTA LAS PENINSULAS IPS SAS,901543761,EPS FAMILIAR DE COLOMBIA SAS,280280.0,2026-01-01T00:00:00,00:00:00,2026-01-31T00:00:00,240b2ed6d66875cff2e027a7d685db7dcff9ed358ea91b70b7057cbbab7596ed2b0ce01bd97db0114502110dec17fcbd,01,SS-CUFE     ,1,true,,,
1,118677722,CP10223,901494060,CENTRO MEDICO DE ESPECIALISTA LAS PENINSULAS IPS SAS,901543761,EPS FAMILIAR DE COLOMBIA SAS,280280.0,2026-01-01T00:00:00,00:00:00,2026-01-31T00:00:00,9b83ebae3881cf016455834b8bc82dd84f3706176b8eaada54963b1d87bde7274521417ff021babf77cd8f4bca00b6b2,01,SS-CUFE     ,1,true,,,
1,118677727,CP10224,901494060,CENTRO MEDICO DE ESPECIALISTA LAS PENINSULAS IPS SAS,901543761,EPS FAMILIAR DE COLOMBIA SAS,150000.0,2026-01-01T00:00:00,00:00:00,2026-01-31T00:00:00,dc89bb03dd2acc4489f2fad6b524a5b3e3087f2a863f50d04bb5787a27c539abc555e23081fd66aa2eccd17b1dfd113e,01,SS-CUFE     ,1,true,,,
1,118677730,CP10225,901494060,CENTRO MEDICO DE ESPECIALISTA LAS PENINSULAS IPS SAS,901543761,EPS FAMILIAR DE COLOMBIA SAS,150000.0,2026-01-01T00:00:00,00:00:00,2026-01-31T00:00:00,981b9acd887729c91e29237d1ef4196998f845c2c2307f054e0f654cd57067e1871381298cc4b0d7db94c33062d73e54,01,SS-CUFE     ,1,true,,,
1,118677732,CP10226,901494060,CENTRO MEDICO DE ESPECIALISTA LAS PENINSULAS IPS SAS,901543761,EPS FAMILIAR DE COLOMBIA SAS,150000.0,2026-01-01T00:00:00,00:00:00,2026-01-31T00:00:00,6282e405b10d8a04a42eee3cdafec5466849465e9a58d59d89ffc8f93b5e60bd69ef4e2378a69fc99c9eb248dc46b424,01,SS-CUFE     ,1,true,,,
1,118677735,CP10227,901494060,CENTRO MEDICO DE ESPECIALISTA LAS PENINSULAS IPS SAS,901543761,EPS FAMILIAR DE COLOMBIA SAS,150000.0,2026-01-01T00:00:00,00:00:00,2026-01-31T00:00:00,81426aa35ceaf597db0010011e6405df7e2b07b1e6b37cb0c373a0dd2bd1f2a792a3e4b6876b1a37889e7a77266bb277,01,SS-CUFE     ,1,true,,,
1,118677740,CP10228,901494060,CENTRO MEDICO DE ESPECIALISTA LAS PENINSULAS IPS SAS,901543761,EPS FAMILIAR DE COLOMBIA SAS,150000.0,2026-01-01T00:00:00,00:00:00,2026-01-31T00:00:00,2a3ecfe613c0c8fc7f776d94a2db0197249e470df9016a5c68704be5a3907635a3b6fccecbf43120c28d5345763c0c6d,01,SS-CUFE     ,1,true,,,
1,118677744,CP10230,901494060,CENTRO MEDICO DE ESPECIALISTA LAS PENINSULAS IPS SAS,901543761,EPS FAMILIAR DE COLOMBIA SAS,150000.0,2026-01-01T00:00:00,00:00:00,2026-01-31T00:00:00,e3b4a5811ea0f1830691725a031c74150fec4e0f1aa92e41ad9b673f64dacfcd3d6497c534ba68af081c7fd5b827d396,01,SS-CUFE     ,1,true,,,
1,118677746,CP10231,901494060,CENTRO MEDICO DE ESPECIALISTA LAS PENINSULAS IPS SAS,901543761,EPS FAMILIAR DE COLOMBIA SAS,150000.0,2026-01-01T00:00:00,00:00:00,2026-01-31T00:00:00,5fe5edf2f7a19e5413c2e3955acc04c55d2a6187f2944f3ba27c3b412f2ac98ab2b2e0f8a38bd7b32bc31d4e83c574d4,01,SS-CUFE     ,1,true,,,
1,118677749,CP10232,901494060,CENTRO MEDICO DE ESPECIALISTA LAS PENINSULAS IPS SAS,901543761,EPS FAMILIAR DE COLOMBIA SAS,150000.0,2026-01-01T00:00:00,00:00:00,2026-01-31T00:00:00,479433c2ec090cee76b5e5a6ca90c82c6df61890fb3a97050cbf9c522ceb3f41888d1c6dfa911b45607a4a39adf4d397,01,SS-CUFE     ,1,true,,,
1,118677751,CP10233,901494060,CENTRO MEDICO DE ESPECIALISTA LAS PENINSULAS IPS SAS,901543761,EPS FAMILIAR DE COLOMBIA SAS,150000.0,2026-01-01T00:00:00,00:00:00,2026-01-31T00:00:00,0de6332286713a6d74bf28052692b5f85ca7fdd26a0380b6be9cf9469faf73e404c4d6abc4226dc1f2bb3579b52a3e16,01,SS-CUFE     ,1,true,,,
1,118677755,CP10234,901494060,CENTRO MEDICO DE ESPECIALISTA LAS PENINSULAS IPS SAS,901543761,EPS FAMILIAR DE COLOMBIA SAS,150000.0,2026-01-01T00:00:00,00:00:00,2026-01-31T00:00:00,54f836f7b259047050db25ff04831e55a85ef16917aee3f0fc33cc117bf1447a107d0ae4a57d199c00eaa6d9120ccf73,01,SS-CUFE     ,1,true,,,
1,118677758,CP10235,901494060,CENTRO MEDICO DE ESPECIALISTA LAS PENINSULAS IPS SAS,901543761,EPS FAMILIAR DE COLOMBIA SAS,150000.0,2026-01-01T00:00:00,00:00:00,2026-01-31T00:00:00,6211718ffd879f26bcb6449269e2e487f8e2f79d424b4aa0092b7950627e1f5f75adb534d13393f20f4c34e2eb560b8a,01,SS-CUFE     ,1,true,,,
1,118677763,CP10236,901494060,CENTRO MEDICO DE ESPECIALISTA LAS PENINSULAS IPS SAS,901543761,EPS FAMILIAR DE COLOMBIA SAS,150000.0,2026-01-01T00:00:00,00:00:00,2026-01-31T00:00:00,905b53de3938a0649e0a9a64612eb919330fb9d90a442416c45a21be7453b4fbce6c541eb0f8c29664da4fa84c06bd1f,01,SS-CUFE     ,1,true,,,
1,118677768,CP10237,901494060,CENTRO MEDICO DE ESPECIALISTA LAS PENINSULAS IPS SAS,901543761,EPS FAMILIAR DE COLOMBIA SAS,150000.0,2026-01-01T00:00:00,00:00:00,2026-01-31T00:00:00,8c7eb8e50da86d96f6828403e5d335c0b07ff612e6221da9740ad79176ac9aebf6046c65e937ea3032adde71d562ac73,01,SS-CUFE     ,1,true,,,
1,118677783,CP10239,901494060,CENTRO MEDICO DE ESPECIALISTA LAS PENINSULAS IPS SAS,901543761,EPS FAMILIAR DE COLOMBIA SAS,150000.0,2026-01-01T00:00:00,00:00:00,2026-01-31T00:00:00,6bf75eb5220c5ae3b66b375992b1d3c3fb7700082f45fb21dc7403d5b0c2325a52a8d3fdc1eb2093296e9d960a8c68f0,01,SS-CUFE     ,1,true,,,
1,118677792,CP10240,901494060,CENTRO MEDICO DE ESPECIALISTA LAS PENINSULAS IPS SAS,901543761,EPS FAMILIAR DE COLOMBIA SAS,150000.0,2026-01-01T00:00:00,00:00:00,2026-01-31T00:00:00,946d373cfa5acecab5bf155af7776d9c68e8d03b9913d5ce5b81051893b6749116e9ef659353a43c2dfc9ac0dbd939d4,01,SS-CUFE     ,1,true,,,
1,118677805,CP10241,901494060,CENTRO MEDICO DE ESPECIALISTA LAS PENINSULAS IPS SAS,901543761,EPS FAMILIAR DE COLOMBIA SAS,150000.0,2026-01-01T00:00:00,00:00:00,2026-01-31T00:00:00,efa5de9f0d26204a61e3e0a4698e9312906701eb0bbddfb5f9a82dee663c52c79970d0b3099a140695a273559fdd2c0a,01,SS-CUFE     ,1,true,,,
1,118677814,CP10242,901494060,CENTRO MEDICO DE ESPECIALISTA LAS PENINSULAS IPS SAS,901543761,EPS FAMILIAR DE COLOMBIA SAS,150000.0,2026-01-01T00:00:00,00:00:00,2026-01-31T00:00:00,8ef795b38edaa38cd3cef66bfff1613ace1d3413e8b6c4fd42b8d79d647f072dd1dc2f702ef072879c7a19c13d2b3fdc,01,SS-CUFE     ,1,true,,,
1,118677819,CP10243,901494060,CENTRO MEDICO DE ESPECIALISTA LAS PENINSULAS IPS SAS,901543761,EPS FAMILIAR DE COLOMBIA SAS,150000.0,2026-01-01T00:00:00,00:00:00,2026-01-31T00:00:00,531965f0ffd8e02dae181303bfd9349ae85644a8288edfc5f11aa4db3cb3da847b936e221faeff86154dbe9aa63015f6,01,SS-CUFE     ,1,true,,,
1,118677823,CP10244,901494060,CENTRO MEDICO DE ESPECIALISTA LAS PENINSULAS IPS SAS,901543761,EPS FAMILIAR DE COLOMBIA SAS,150000.0,2026-01-01T00:00:00,00:00:00,2026-01-31T00:00:00,f836219b5a0d59a7c6901a076c96f13e7459f6121192e305e7d14bc947d28b7a73885dac004dfca37d65fc29e53944a3,01,SS-CUFE     ,1,true,,,
1,118677831,CP10245,901494060,CENTRO MEDICO DE ESPECIALISTA LAS PENINSULAS IPS SAS,901543761,EPS FAMILIAR DE COLOMBIA SAS,135000.0,2026-01-01T00:00:00,00:00:00,2026-01-31T00:00:00,f60e10b6cbac884c85eb0f9bfd79ca8b7c116e2474cf9fbf0c8976bf69bd9cb35596458ec953673e4e5cbe5be916daa8,01,SS-CUFE     ,1,true,,,
1,118677845,CP10246,901494060,CENTRO MEDICO DE ESPECIALISTA LAS PENINSULAS IPS SAS,901543761,EPS FAMILIAR DE COLOMBIA SAS,150000.0,2026-01-01T00:00:00,00:00:00,2026-01-31T00:00:00,fb5e3c1d59ff301f48c0c7053f73346496bfd0297dff56c65dc66ad328f5a068a31545a651aa13c9a0b272fb294968c3,01,SS-CUFE     ,1,true,,,
1,118677850,CP10247,901494060,CENTRO MEDICO DE ESPECIALISTA LAS PENINSULAS IPS SAS,901543761,EPS FAMILIAR DE COLOMBIA SAS,150000.0,2026-01-01T00:00:00,00:00:00,2026-01-31T00:00:00,07caf5089f815bdda556e162985c6e2407bfbbba5760d9633779ee4d68b32eac650fe99a4534174971dbaa0efdea4562,01,SS-CUFE     ,1,true,,,
1,118677855,CP10248,901494060,CENTRO MEDICO DE ESPECIALISTA LAS PENINSULAS IPS SAS,901543761,EPS FAMILIAR DE COLOMBIA SAS,150000.0,2026-01-01T00:00:00,00:00:00,2026-01-31T00:00:00,44a6dd03e509b2d734f42fa9dfa47c2641a51cc13da516cc1eeae6621966984f764305644bc36d08a379e9a1abe205ed,01,SS-CUFE     ,1,true,,,
1,118677858,CP10249,901494060,CENTRO MEDICO DE ESPECIALISTA LAS PENINSULAS IPS SAS,901543761,EPS FAMILIAR DE COLOMBIA SAS,150000.0,2026-01-01T00:00:00,00:00:00,2026-01-31T00:00:00,d4c99f8728603935b9c3f3392060d70f2b91d77fdf395f2f3a73e0d57d3619ccefd2fedc2158c46e7ef1c8e4f6c965d1,01,SS-CUFE     ,1,true,,,
1,118677860,CP10250,901494060,CENTRO MEDICO DE ESPECIALISTA LAS PENINSULAS IPS SAS,901543761,EPS FAMILIAR DE COLOMBIA SAS,150000.0,2026-01-01T00:00:00,00:00:00,2026-01-31T00:00:00,16ab2b0bfcbf983cca812eb26251c9f96ae7c67ffa6068767b793c9cc4919f34026cc8b75a84e1ec05c26e27b1b11f7f,01,SS-CUFE     ,1,true,,,
1,118677862,CP10252,901494060,CENTRO MEDICO DE ESPECIALISTA LAS PENINSULAS IPS SAS,901543761,EPS FAMILIAR DE COLOMBIA SAS,150000.0,2026-01-01T00:00:00,00:00:00,2026-01-31T00:00:00,57a9ff0767e2f86f08ec0b259dad1c4c97c2606c121821d73f4c5912bae5bf79436a13ccad6ca958bd7ae606f4ff7145,01,SS-CUFE     ,1,true,,,
1,118677864,CP10253,901494060,CENTRO MEDICO DE ESPECIALISTA LAS PENINSULAS IPS SAS,901543761,EPS FAMILIAR DE COLOMBIA SAS,150000.0,2026-01-01T00:00:00,00:00:00,2026-01-31T00:00:00,9e7900a2aec813001d7c6156408cd6972924b2c1f27455af70365e616a2a585835436e9376aca0ccaab50cd16fddf4f5,01,SS-CUFE     ,1,true,,,
1,118677866,CP10254,901494060,CENTRO MEDICO DE ESPECIALISTA LAS PENINSULAS IPS SAS,901543761,EPS FAMILIAR DE COLOMBIA SAS,150000.0,2026-01-01T00:00:00,00:00:00,2026-01-31T00:00:00,b9b78191d8881fd22ada58025eca3df4765b2d4e500e6dee2c13b565c2bee970ec01a4a4cc8b9d94f34e851601c6a907,01,SS-CUFE     ,1,true,,,
1,118677868,CP10255,901494060,CENTRO MEDICO DE ESPECIALISTA LAS PENINSULAS IPS SAS,901543761,EPS FAMILIAR DE COLOMBIA SAS,150000.0,2026-01-01T00:00:00,00:00:00,2026-01-31T00:00:00,0bcc7bd98d3a211197e862681066e2c3595cb1cb32c1ceaa82cdabe765732943890da88c8dc17270cab8b6cf3329c999,01,SS-CUFE     ,1,true,,,
1,118677871,CP10256,901494060,CENTRO MEDICO DE ESPECIALISTA LAS PENINSULAS IPS SAS,901543761,EPS FAMILIAR DE COLOMBIA SAS,150000.0,2026-01-01T00:00:00,00:00:00,2026-01-31T00:00:00,1ec3566804bc68c69c974f297a73630cf7bd1ee0803790c9a5487ae6880b0fb7ac383720759cf7aadd71cd49165a8fa3,01,SS-CUFE     ,1,true,,,
1,118677872,CP10257,901494060,CENTRO MEDICO DE ESPECIALISTA LAS PENINSULAS IPS SAS,901543761,EPS FAMILIAR DE COLOMBIA SAS,150000.0,2026-01-01T00:00:00,00:00:00,2026-01-31T00:00:00,8175aa552874e6351dde5b3d785c9a815b3aa0050ee3416177dace6da5f5d4c05dee08144fd514b8f22c11a841b97dcc,01,SS-CUFE     ,1,true,,,
1,118677876,CP10258,901494060,CENTRO MEDICO DE ESPECIALISTA LAS PENINSULAS IPS SAS,901543761,EPS FAMILIAR DE COLOMBIA SAS,150000.0,2026-01-01T00:00:00,00:00:00,2026-01-31T00:00:00,f243c95b067793a3e485df7af44f71ae92196fcb40d3a0ac71fa2b1d3055a11706facd1104a2d0f54c3c684381cde007,01,SS-CUFE     ,1,true,,,
1,118677877,CP10259,901494060,CENTRO MEDICO DE ESPECIALISTA LAS PENINSULAS IPS SAS,901543761,EPS FAMILIAR DE COLOMBIA SAS,150000.0,2026-01-01T00:00:00,00:00:00,2026-01-31T00:00:00,71d91698585b18af8634222b1ccec81c7f9363de441566be80c57bc5f7ebc31c8e30b6aeb770b05f1585c02ff71444bd,01,SS-CUFE     ,1,true,,,
1,118677879,CP10260,901494060,CENTRO MEDICO DE ESPECIALISTA LAS PENINSULAS IPS SAS,901543761,EPS FAMILIAR DE COLOMBIA SAS,150000.0,2026-01-01T00:00:00,00:00:00,2026-01-31T00:00:00,f947c6096dc12d6d4a601da28a80fb1b5cbeb56af027ad30c0954d4519b7827a1de26f0cd8d86827a8c16a0e96470c1a,01,SS-CUFE     ,1,true,,,
1,118677881,CP10261,901494060,CENTRO MEDICO DE ESPECIALISTA LAS PENINSULAS IPS SAS,901543761,EPS FAMILIAR DE COLOMBIA SAS,150000.0,2026-01-01T00:00:00,00:00:00,2026-01-31T00:00:00,65834f6b64fa6d08fb11245cba6082d0739e91b829f203d578bbff5e05ab14b4cc2eaccf3b4c8dfbda55a2de70555f67,01,SS-CUFE     ,1,true,,,
1,118677882,CP10262,901494060,CENTRO MEDICO DE ESPECIALISTA LAS PENINSULAS IPS SAS,901543761,EPS FAMILIAR DE COLOMBIA SAS,574000.0,2026-01-01T00:00:00,12:33:43,2026-01-31T00:00:00,2156e751177c136fe3a5115eb120026781b4253d031badd3b10ae135fca270637e0af55bd837900d21af04fe63b0c3bf,01,SS-CUFE     ,1,true,,,
1,118677885,CP10263,901494060,CENTRO MEDICO DE ESPECIALISTA LAS PENINSULAS IPS SAS,901543761,EPS FAMILIAR DE COLOMBIA SAS,574000.0,2026-01-01T00:00:00,12:35:26,2026-01-31T00:00:00,61b1dec4690c7616b6c6615fbbef0ff77f5f80c7e74c0699f2f56a6437d912459867363ddd46ea9fe5ba70d83bfcbee2,01,SS-CUFE     ,1,true,,,
1,118677889,CP10265,901494060,CENTRO MEDICO DE ESPECIALISTA LAS PENINSULAS IPS SAS,901543761,EPS FAMILIAR DE COLOMBIA SAS,143500.0,2026-01-01T00:00:00,00:00:00,2026-01-31T00:00:00,d1ebed08273697219b58f4876924c7241868c2ef2be1d2d9778d026086f3c8c67e8a3708bab23a13dc5851d0edcf166f,01,SS-CUFE     ,1,true,,,
1,118678171,CP10229,901494060,CENTRO MEDICO DE ESPECIALISTA LAS PENINSULAS IPS SAS,901543761,EPS FAMILIAR DE COLOMBIA SAS,150000.0,2026-01-01T00:00:00,00:00:00,2026-01-31T00:00:00,81446e8179765fefb5d5cbdb4c61670c7a71ebec204cc7f741d3b9afcf79334f5382165ebb781259dcebe485801e16e1,01,SS-CUFE     ,1,true,,,
1,118678336,CP10238,901494060,CENTRO MEDICO DE ESPECIALISTA LAS PENINSULAS IPS SAS,901543761,EPS FAMILIAR DE COLOMBIA SAS,150000.0,2026-01-01T00:00:00,00:00:00,2026-01-31T00:00:00,0ec2b9971f3a146b0b7a5d4558e4e330249fb762fc13af57202cfa8144377cd717f6eb78bcadb1ed8f09f77adbef5ad2,01,SS-CUFE     ,1,true,,,
1,118678529,CP10251,901494060,CENTRO MEDICO DE ESPECIALISTA LAS PENINSULAS IPS SAS,901543761,EPS FAMILIAR DE COLOMBIA SAS,150000.0,2026-01-01T00:00:00,00:00:00,2026-01-31T00:00:00,79813e8b774b42199f6fa113f0a8c3a12a478821366d4b24e77a7fd4898206e591ee2d141431adc564807534e129ad77,01,SS-CUFE     ,1,true,,,
1,118678663,CP10264,901494060,CENTRO MEDICO DE ESPECIALISTA LAS PENINSULAS IPS SAS,901543761,EPS FAMILIAR DE COLOMBIA SAS,574000.0,2026-01-01T00:00:00,12:37:12,2026-01-31T00:00:00,c2b1562a47f8e8d3ca35e61c64c988a454d78c03a9871412e38b7454da2ea986b075658814d72862f3c0745ca2d5a087,01,SS-CUFE     ,2,true,,,
1,118683688,CP10266,901494060,CENTRO MEDICO DE ESPECIALISTA LAS PENINSULAS IPS SAS,901543761,EPS FAMILIAR DE COLOMBIA SAS,574000.0,2026-01-01T00:00:00,12:41:24,2026-01-31T00:00:00,cee0b5cad01cdd7fae73aad7d5481b765b38b02bbba00545bfbf229605e65b6afa145dd9c5f6fd60a9a94a00973fed5a,01,SS-CUFE     ,2,true,,,
1,118683690,CP10267,901494060,CENTRO MEDICO DE ESPECIALISTA LAS PENINSULAS IPS SAS,901543761,EPS FAMILIAR DE COLOMBIA SAS,167025.0,2026-01-01T00:00:00,00:00:00,2026-01-31T00:00:00,50b0d7ddd99d58ff9f2ffcafcadc769fb0b6ac9d346f4193f7645307c151b20081feade4ef56985a6ee82b9abc499d85,01,SS-CUFE     ,1,true,,,
1,118683696,CP10268,901494060,CENTRO MEDICO DE ESPECIALISTA LAS PENINSULAS IPS SAS,901543761,EPS FAMILIAR DE COLOMBIA SAS,167025.0,2026-01-01T00:00:00,00:00:00,2026-01-31T00:00:00,f89350b232f3ca69aae87f7fb9ee0db27987d91888ae5dd8b01ad6cdd72441e16df97c30742e98ecde936edf15867506,01,SS-CUFE     ,1,true,,,
1,118683698,CP10269,901494060,CENTRO MEDICO DE ESPECIALISTA LAS PENINSULAS IPS SAS,901543761,EPS FAMILIAR DE COLOMBIA SAS,100000.0,2026-01-01T00:00:00,00:00:00,2026-01-31T00:00:00,fe9b98e6e1fd654e072eecdaf1fe8ecab745b1c97ffd9f11012dc4d49a5877fa12c637f7711a773bf90bbd4f410a93ca,01,SS-CUFE     ,1,true,,,
1,118683703,CP10271,901494060,CENTRO MEDICO DE ESPECIALISTA LAS PENINSULAS IPS SAS,901543761,EPS FAMILIAR DE COLOMBIA SAS,773000.0,2026-01-01T00:00:00,12:51:50,2026-01-31T00:00:00,54016e175db0db9f927defa2966bc3610e36baf77769535a89f9a51fbe8734c6ea2955dd385f37a2a0de1dc9ced95279,01,SS-CUFE     ,2,true,,,
1,118683712,CP10272,901494060,CENTRO MEDICO DE ESPECIALISTA LAS PENINSULAS IPS SAS,901543761,EPS FAMILIAR DE COLOMBIA SAS,796000.0,2026-01-01T00:00:00,12:53:06,2026-01-31T00:00:00,52f065041157a225b9ddd4ef4e7d54104138e663c74964a0c9a2dbcfa736e0a199471ea67aebf7ea05284ca91cb8764e,01,SS-CUFE     ,1,true,,,
1,118683715,CP10273,901494060,CENTRO MEDICO DE ESPECIALISTA LAS PENINSULAS IPS SAS,901543761,EPS FAMILIAR DE COLOMBIA SAS,796000.0,2026-01-01T00:00:00,12:56:44,2026-01-31T00:00:00,e1c21b35e96eb3bf0d5887962853265f49377b5b14e84137e5b7ca16aa86df52374f0cadca416ed3ee565623265e77fb,01,SS-CUFE     ,1,true,,,
1,118683716,CP10274,901494060,CENTRO MEDICO DE ESPECIALISTA LAS PENINSULAS IPS SAS,901543761,EPS FAMILIAR DE COLOMBIA SAS,750000.0,2026-01-01T00:00:00,12:58:06,2026-01-31T00:00:00,97046b888f3de19b051692ad2da7c4e3eddf2d0e0eed0050e6c39e6d5e0696f1e36a05257c62b7f43c842b753b2857ec,01,SS-CUFE     ,1,true,,,
1,118683719,CP10275,901494060,CENTRO MEDICO DE ESPECIALISTA LAS PENINSULAS IPS SAS,901543761,EPS FAMILIAR DE COLOMBIA SAS,1546000.0,2026-01-01T00:00:00,12:59:39,2026-01-31T00:00:00,f562889319a9d9fae466b61897124c12ddb0874da213bae14a0c6e59c119e0f3ec728fa189166a920b52fc6f7e1ed960,01,SS-CUFE     ,2,true,,,
1,118683723,CP10278,901494060,CENTRO MEDICO DE ESPECIALISTA LAS PENINSULAS IPS SAS,901543761,EPS FAMILIAR DE COLOMBIA SAS,375000.0,2026-01-01T00:00:00,13:05:20,2026-01-31T00:00:00,f30239aa6dca30ea6b57545c5192064fc600724c7ea766c927c0f9fd57f43e85ca8de4ad48e524499c62ab8d39a0cf15,01,SS-CUFE     ,1,true,,,
1,118683724,CP10279,901494060,CENTRO MEDICO DE ESPECIALISTA LAS PENINSULAS IPS SAS,901543761,EPS FAMILIAR DE COLOMBIA SAS,1546000.0,2026-01-01T00:00:00,13:06:51,2026-01-31T00:00:00,e1334d460a8346234f1eacc6f9a645a41b7e284f6a11ef435f14f02802a95cdd9b382bd933c05a32fb6f9ade81fa83a1,01,SS-CUFE     ,2,true,,,
1,118683726,CP10280,901494060,CENTRO MEDICO DE ESPECIALISTA LAS PENINSULAS IPS SAS,901543761,EPS FAMILIAR DE COLOMBIA SAS,750000.0,2026-01-01T00:00:00,13:08:07,2026-01-31T00:00:00,9afb0837d4b1d9645ac5cfec72ef6890a0c2cca458b47043f6f790e7b0514c3aab5ebb70df39aeee31bb2a15a2479c5e,01,SS-CUFE     ,1,true,,,
1,118684029,CP10276,901494060,CENTRO MEDICO DE ESPECIALISTA LAS PENINSULAS IPS SAS,901543761,EPS FAMILIAR DE COLOMBIA SAS,1546000.0,2026-01-01T00:00:00,13:01:22,2026-01-31T00:00:00,2714c9ac380a7281b928db036ad4798b00738d09137e6775acb6b1b72f168245da7dbb10a92bd560fd259c649491f955,01,SS-CUFE     ,2,true,,,
1,118684209,CP10277,901494060,CENTRO MEDICO DE ESPECIALISTA LAS PENINSULAS IPS SAS,901543761,EPS FAMILIAR DE COLOMBIA SAS,1546000.0,2026-01-01T00:00:00,13:02:56,2026-01-31T00:00:00,46a7796f93659e86a8a0e25d7f1511eec309be3989b69d57529fcad3cbfa286390206f5054424c423c912b05a742c7ab,01,SS-CUFE     ,2,true,,,
1,118684287,CP10281,901494060,CENTRO MEDICO DE ESPECIALISTA LAS PENINSULAS IPS SAS,901543761,EPS FAMILIAR DE COLOMBIA SAS,796000.0,2026-01-01T00:00:00,13:09:18,2026-01-31T00:00:00,a6f3cd37636fbd20e3b70967a0d068ba961a5b6b88f084b20ed96169b52a82dcf6f1cbaf9cd4e803ba54ab05bb9fd53d,01,SS-CUFE     ,1,true,,,
1,118684337,CP10282,901494060,CENTRO MEDICO DE ESPECIALISTA LAS PENINSULAS IPS SAS,901543761,EPS FAMILIAR DE COLOMBIA SAS,750000.0,2026-01-01T00:00:00,13:10:25,2026-01-31T00:00:00,10bbca3e29ce42cde5e8572f94bd388a3c07820385169a26a72ec1cfda00748b83f60581c2fff3d693463da795ca94e8,01,SS-CUFE     ,1,true,,,
1,118685419,CP10283,901494060,CENTRO MEDICO DE ESPECIALISTA LAS PENINSULAS IPS SAS,901543761,EPS FAMILIAR DE COLOMBIA SAS,750000.0,2026-01-01T00:00:00,13:22:32,2026-01-31T00:00:00,a0e4c39b0e72b1a04db35686ec4337fa12b17f2862f8cdedf097eb690e08573e33a4bfef89fccffa57cbc48ab3dc9b92,01,SS-CUFE     ,1,true,,,
1,118686751,FE835916,891500084,HOSPITAL FRANCISCO DE PAULA SANTANDER EMPRESA SOCIAL DEL ESTADO,901543761,EPS FAMILIAR DE COLOMBIAS S.A.S.,439116.0,2026-01-01T00:00:00,11:49:00,,8a3dc08dc5efb55a7f3938a11958f451545a58d8e8f05ca0676ca1f50d5d3dd12c256680c005c7645ab3c763a995e37e,01,SS-CUFE     ,4,true,,,
1,118748953,FVES549234,891200679,ESE HOSPITAL JOSE MARIA HERNANDEZ,901543761,EPS FAMILIAR DE COLOMBIA SAS,1542471.0,2025-12-30T00:00:00,14:56:03,,5502874b20b6d09b9d2aae8ea0e749c52124a0316a4451f607993368ab4312a6c3d010136ecda2f4ec5ffb174257cb07,01,SS-CUFE     ,16,true,,,
1,118749194,FVES549341,891200679,ESE HOSPITAL JOSE MARIA HERNANDEZ,901543761,EPS FAMILIAR DE COLOMBIA SAS,754022.0,2025-12-30T00:00:00,17:06:33,,1b908a060665538db539af4540becca8a2b38b391b522a563a1137ba1f6f502d6f73281b4af084ffb44cd8d0c2d3c2ac,01,SS-CUFE     ,18,true,,,
1,118752986,FVES549590,891200679,ESE HOSPITAL JOSE MARIA HERNANDEZ,901543761,EPS FAMILIAR DE COLOMBIA SAS,1107368.0,2025-12-31T00:00:00,10:47:56,,3211c010df835cba180ce0c70104fc48581d8f0186fb66c52ff1666be71149e2df455ad3032e7bcbb71330dcd71e36f9,01,SS-CUFE     ,7,true,,,
1,118753545,FVES549675,891200679,ESE HOSPITAL JOSE MARIA HERNANDEZ,901543761,EPS FAMILIAR DE COLOMBIA SAS,293400.0,2025-12-31T00:00:00,16:29:18,,7fee40c4ec8bee69208787465b4eed0f8b53e66c1fe98f022e3d02b2f82c710ffefece027320ca88e7a4af9322d5d298,01,SS-CUFE     ,4,true,,,
1,118753673,FVES549705,891200679,ESE HOSPITAL JOSE MARIA HERNANDEZ,901543761,EPS FAMILIAR DE COLOMBIA SAS,68387.0,2025-12-31T00:00:00,23:51:41,,d0c7864f60563b6dc8ccdd267524ed073f590c8b1bc70493e69104c7dbf553405e8027f337cb1a1470fac880dd95dd0f,01,SS-CUFE     ,9,true,,,
1,118765556,FE835951,891500084,HOSPITAL FRANCISCO DE PAULA SANTANDER EMPRESA SOCIAL DEL ESTADO,901543761,EPS FAMILIAR DE COLOMBIAS S.A.S.,67269.0,2026-01-01T00:00:00,20:52:00,,f2dd8f8bd44da0e09648d9aa0b5eb915c782d624892f96db3a080552f2aaa7a874ac4735be71064dd6ae2d07fbf0e492,01,SS-CUFE     ,2,true,,,
1,118798345,FH4363202,890901826,HOSPITAL PABLO TOBON URIBE,901543761,EPS FAMILIAR DE COLOMBIAS SAS,442767.0,2026-01-02T00:00:00,01:48:26,2026-02-01T00:00:00,4a102a95ed3da19ace9c8acc2f4d8f97a01cf6eb382098f78ab19f0d138a264ef293716ef684f4273b63cd26941ffa34,01,SS-SinAporte,9,true,,,
1,118840512,FE835971,891500084,HOSPITAL FRANCISCO DE PAULA SANTANDER EMPRESA SOCIAL DEL ESTADO,901543761,EPS FAMILIAR DE COLOMBIAS S.A.S.,582680.0,2026-01-02T00:00:00,01:04:00,,87b12584cbea705d3c9d20ab772eefe90cf8f5945a35f286ca0230e492185212f60983eaef1e192e1297004138197fe0,01,SS-CUFE     ,4,true,,,
1,118840558,FE835972,891500084,HOSPITAL FRANCISCO DE PAULA SANTANDER EMPRESA SOCIAL DEL ESTADO,901543761,EPS FAMILIAR DE COLOMBIAS S.A.S.,138102.0,2026-01-02T00:00:00,01:18:00,,a3649db76e3980eee2d5a0d374c270c8db58dbee1467cb3d22c3929173f0cc98f746beddb7391cc59fafef73fb25077c,01,SS-CUFE     ,3,true,,,
1,118860692,FE2C198432,900055393,CENTRO DE IMAGENES DIAGNOSTICAS TERCER MILENIO S.A.S,901543761,EPS FAMILIAR DE COLOMBIA S.A.S. SBS,252525.0,2026-01-02T00:00:00,06:47:00,2026-02-01T00:00:00,6836195cef5fa60b745eaf708daa8d37bbaaedb24fbe067b88bb3580394775f9f2de7e6d38ed00313993eebadb12ae3b,01,SS-SinAporte,1,true,,,
1,118878399,EHIN1562904,890480135,FUNDACION HOSPITAL INFANTIL NAPOLEON FRANCO PAREJA,901543761,EPS FAMILIAR DE COLOMBIA S.A.S.,256088.0,2025-12-31T00:00:00,20:58:16,,8cbcee9cb18ac1307f8e9069f41440b18b2de69de38120748a501b35cf305657339b45680ce7a5eb8a749b2d08648e8b,01,SS-CUFE     ,10,true,,,
1,118881137,FONC292484,812007194,ONCOMEDICA S.A.S.,901543761,EPS FAMILIAR DE COLOMBIA S.A.S,85555.0,2026-01-02T00:00:00,00:00:00,,d22b77f5acf3b543b4292a48a4fe4043616c5183e6a324e30937bac87190c431e79b2b489f2ea5ca20fa66871e8273b9,01,SS-CUFE     ,1,true,,,
1,118881899,CMC93355,824001041,CLINICA MEDICOS S.A.,901543761,EPS FAMILIAR DE COLOMBIA S.A.S,273241.0,2026-01-02T00:00:00,08:00:50,,b95ab13696d82078e91a6eb599646e32708cfa00cfdeb6205cbfdff5de3293a42479990db318012d7bcfd1594202f7e2,01,SS-CUFE     ,6,true,,,
1,118889073,FSSC3548,901334785,SANAR Y CURAR IPS S.A.S,901543761,EPS FAMILIAR DE COLOMBIA S.A.S,601464113.0,2026-01-02T00:00:00,00:00:00,2026-03-03T00:00:00,91018475a761170f3867a8a2746c14aad1293c1a3a42824d435bee6a0052c7802aa6baa9c0346d1b53709f3c766e668c,01,SS-CUFE     ,1,true,,,
1,118889655,FSSC3549,901334785,SANAR Y CURAR IPS S.A.S,901543761,EPS FAMILIAR DE COLOMBIA S.A.S,2058022.0,2026-01-02T00:00:00,00:00:00,2026-03-03T00:00:00,15ce1fb66ba2116a1cea48f477b2d94b474593566ec70060f951fcec9ceff889511db9d3dfc01807d4ed3ab44edf9921,01,SS-CUFE     ,1,true,,,
1,118890590,9529246,900958564,SUBRED INTEGRADA DE SERVICIOS DE SALUD SUR E.S.E.,901543761,EPS FAMILIAR DE COLOMBIA S.A.S.,818100.0,2026-01-02T00:00:00,08:18:09,,383c927027274ae8c2413f981db82eca26e6bb368f3b5b0bb0683e7cf00574b9da774c8b64a5c23c169b7b1a8332175a,01,SS-CUFE     ,9,true,,,
1,118894517,UNA279306,901536799,EMPRESA SOCIAL DEL ESTADO UNIVERSITARIA DEL ATLANTICO,901543761,EPS FAMILIAR DE COLOMBIA S.A.S,146700.0,2025-12-18T00:00:00,16:55:16,,66943e70f6d8d4771a0fd10f34033af0044e3095eaead3d5d9dc0e7e0c99385e507dcd015677b4d5ef6f18a68a7d7d9e,01,SS-CUFE     ,2,true,,,
1,118894524,FH4363358,890901826,HOSPITAL PABLO TOBON URIBE,901543761,EPS FAMILIAR DE COLOMBIAS SAS,135000.0,2026-01-02T00:00:00,08:24:07,2026-02-01T00:00:00,1b5c9ae6c16e234268e97822c8cb02d7ad697f4ea162678861158c6e85205e7e9c18dbcfae6818074548d1146d64c495,01,SS-SinAporte,1,true,,,
1,118906160,SJP687065,891580002,HOSPITAL UNIVERSITARIO SAN JOSE DE POPAYAN E.S.E.,901543761,EPS FAMILIAR DE COLOMBIA SAS,143000.0,2026-01-02T00:00:00,08:52:26,,3fb9ec032273bd098b4749fecc33ad6c84e4fdb56ef8687c0062b3939e9ab96806c013ae55bc23287d45c60be84a5f26,01,SS-CUFE     ,1,true,,,
1,118911421,FVES549785,891200679,ESE HOSPITAL JOSE MARIA HERNANDEZ,901543761,EPS FAMILIAR DE COLOMBIA SAS,1139930.0,2026-01-01T00:00:00,22:30:58,,9061db3b64f40a34a601ad07133575bd85ad2891e15e99fe88f5fdc50767f835fabba755611818a6f61e8c75d7d75c4a,01,SS-CUFE     ,19,true,,,
1,118911443,FVES549844,891200679,ESE HOSPITAL JOSE MARIA HERNANDEZ,901543761,EPS FAMILIAR DE COLOMBIA SAS,761917.0,2026-01-02T00:00:00,08:43:31,,7b00eba4409c7198222e09d995be251e638eee4f5d82a94b919c3a4739ba395cdffdd10dc4396e6e510eb4c3e05e0ddf,01,SS-CUFE     ,24,true,,,
1,118912308,FONC292546,812007194,ONCOMEDICA S.A.S.,901543761,EPS FAMILIAR DE COLOMBIA S.A.S,85555.0,2026-01-02T00:00:00,00:00:00,,921753f9f8922af1d1b9c764e8c2957687e36adb30bc76346fc5e1217ab0367fe99ca55bcea189019ebc713afe9c8a00,01,SS-CUFE     ,1,true,,,
1,118916006,EVEN67706,800075650,EMPRESA SOCIAL DEL ESTADO HOSPITAL SANTO TOMAS DE VILLANUEVA,901543761,EPS FAMILIAR DE COLOMBIA  S.A.S NIT 901543761-5,120833.0,2025-12-17T00:00:00,09:06:42,2026-01-16T00:00:00,b2711290b82010050ee7899c059fffad5ed2d3d5c19d9c4da4baf5542144c4e3694297afa2a4a878bfe6b187d487ceef,01,SS-CUFE     ,3,true,,,
1,118916201,EVEN67718,800075650,EMPRESA SOCIAL DEL ESTADO HOSPITAL SANTO TOMAS DE VILLANUEVA,901543761,EPS FAMILIAR DE COLOMBIA  S.A.S NIT 901543761-5,265451.0,2025-12-17T00:00:00,09:41:38,2026-01-16T00:00:00,88cfbe840e26c3685688225c32c48861f8165922dc23a8b38c61f9f00853d53cf5bc15221310684e58f8a75b7526a49a,01,SS-CUFE     ,8,true,,,
1,118919254,FS43485,890906991,E.S.E. HOSPITAL MARIA ANTONIA TORO DE ELEJALDE,901543761,EPS FAMILIAR DE COLOMBIA S.A.S,55749500.0,2026-01-02T00:00:00,07:50:19,2025-12-30T00:00:00,fabc6e082ce7135066aca622b2bbd5442468b66bb01e470b35268cc60859f0561ebad5cf4d5776db55b14d915f44d3a7,61,SS-CUFE     ,1,true,,,
1,118927808,FE11918,901515928,JM RADIOLOGIA DENTAL SAS,901543761,EPS Familiar de Colombia S.A.S.,25000.0,2025-12-30T00:00:00,11:46:00,,ccf285bce7145a2d13d06930c4f3c0f3df15603f5f644dae7681b80eca511aefee5acbe51955f1a5bb08703b986c52dd,01,SS-SinAporte,1,true,,,
1,118927823,FE11917,901515928,JM RADIOLOGIA DENTAL SAS,901543761,EPS Familiar de Colombia S.A.S.,25000.0,2025-12-30T00:00:00,11:44:00,,dddc91ca1e13bca5e65d4027eb70563f9bd72b4ad9d5ebe9df4e459b69685e3f829bc211bf98d5d19a59858c0f6179a5,01,SS-SinAporte,1,true,,,
1,118927855,FE11916,901515928,JM RADIOLOGIA DENTAL SAS,901543761,EPS Familiar de Colombia S.A.S.,25000.0,2025-12-30T00:00:00,11:43:00,,53c1f8a1aa6cb242136776c2b967ca4f25cefc0bc1b5be87d5fe476b6bd31c2bbaffe63a5e65d965a6ef7cf800eff63b,01,SS-SinAporte,1,true,,,
1,118927895,FE11915,901515928,JM RADIOLOGIA DENTAL SAS,901543761,EPS Familiar de Colombia S.A.S.,25000.0,2025-12-30T00:00:00,11:41:00,,a4342cef03d82f91fbd904c43873b57d0ee6ca2dd1304c416f680e17b74aa038f71f238c050d432e1c3da0fed4dd7e14,01,SS-SinAporte,1,true,,,
1,118928002,FE11912,901515928,JM RADIOLOGIA DENTAL SAS,901543761,EPS Familiar de Colombia S.A.S.,13000.0,2025-12-30T00:00:00,11:35:00,,a5cf7251dbc0ea0f1306027b9a4620e98a1f941bb99067e0b4e0617f2a1b255b8da46c72ff32596a96f34282bb1b81e9,01,SS-SinAporte,1,true,,,
1,118928072,FE11911,901515928,JM RADIOLOGIA DENTAL SAS,901543761,EPS Familiar de Colombia S.A.S.,13000.0,2025-12-30T00:00:00,11:34:00,,713edaefa7461d11d70a1fecad3b325ab7706da93f60edc56c955c755a6d53e89f5a90f2cfc8c119774faa4ee8db2e43,01,SS-SinAporte,1,true,,,
1,118928104,FE11910,901515928,JM RADIOLOGIA DENTAL SAS,901543761,EPS Familiar de Colombia S.A.S.,13000.0,2025-12-30T00:00:00,11:33:00,,5418f676d60e7148554184dc8ce0db21daac1abeca1c8d4e76ea5231e6358f826e5bfad01571e08a9a10c7c24f7404d2,01,SS-SinAporte,1,true,,,
1,118928156,FE11909,901515928,JM RADIOLOGIA DENTAL SAS,901543761,EPS Familiar de Colombia S.A.S.,25000.0,2025-12-30T00:00:00,11:30:00,,9290c3e2ddb50fc514aa5ad837b77e3f62b94abc5c817a9bcb5f82f6e7994597b77668f01ce092b9e50275d382bcf342,01,SS-SinAporte,1,true,,,
1,118928186,FE11908,901515928,JM RADIOLOGIA DENTAL SAS,901543761,EPS Familiar de Colombia S.A.S.,25000.0,2025-12-30T00:00:00,11:29:00,,ced293779a6384b5d686d22a75eff03a23322b5536793446067d5f9276d14335397dbe3d37b9a29fe8e0f33980613439,01,SS-SinAporte,1,true,,,
1,118928210,FE11907,901515928,JM RADIOLOGIA DENTAL SAS,901543761,EPS Familiar de Colombia S.A.S.,13000.0,2025-12-30T00:00:00,11:27:00,,1160c20e40d9407647f9dcd33e555de79193e76189352de12694d7a42c66f524b5a879d18a7aaa5623714926a767b9bf,01,SS-SinAporte,1,true,,,
1,118928238,FE11906,901515928,JM RADIOLOGIA DENTAL SAS,901543761,EPS Familiar de Colombia S.A.S.,13000.0,2025-12-30T00:00:00,11:26:00,,c3fe7b7b245e357f215546ba5feb98e8212815e1a0621b9b6b4af546248a1d9722d9037e7491c783f02193fc86eb69a4,01,SS-SinAporte,1,true,,,
1,118928274,FE11905,901515928,JM RADIOLOGIA DENTAL SAS,901543761,EPS Familiar de Colombia S.A.S.,13000.0,2025-12-30T00:00:00,11:24:00,,9476d51c031a5ba194ddc86c4309d0d301d306787ede04a6f7661335c09b08d301d5b32385804dcbe163087f5c447e6b,01,SS-SinAporte,1,true,,,
1,118928420,FE11902,901515928,JM RADIOLOGIA DENTAL SAS,901543761,EPS Familiar de Colombia S.A.S.,25000.0,2025-12-30T00:00:00,11:20:00,,c0242fdb540b33900f28fd0d42750d26ed393e5826c7afef4ee725169f1bb3a2e36429f854c3abc537dd015b3ec7798a,01,SS-SinAporte,1,true,,,
1,118928462,FE11901,901515928,JM RADIOLOGIA DENTAL SAS,901543761,EPS Familiar de Colombia S.A.S.,25000.0,2025-12-30T00:00:00,11:18:00,,d47f8fc6a2d7f4e3f794dd23edb950072135a060ca6cddaf6f5a603eda4c52251a93ce6fb49fa4b23d286a7f5d9c5e40,01,SS-SinAporte,1,true,,,
1,118936991,EVEN67853,800075650,EMPRESA SOCIAL DEL ESTADO HOSPITAL SANTO TOMAS DE VILLANUEVA,901543761,EPS FAMILIAR DE COLOMBIA  S.A.S NIT 901543761-5,121605.0,2025-12-19T00:00:00,12:17:35,2026-01-18T00:00:00,5e2346ad5cebd1887a7feb6998fd75026b20107411a3427708399cb9cf7c09c7588b6b832c55673321eedede600c554f,01,SS-CUFE     ,3,true,,,
1,118942103,EVEN67783,800075650,EMPRESA SOCIAL DEL ESTADO HOSPITAL SANTO TOMAS DE VILLANUEVA,901543761,EPS FAMILIAR DE COLOMBIA  S.A.S NIT 901543761-5,460971.0,2025-12-18T00:00:00,11:30:24,2026-01-17T00:00:00,3057097498cda3c68ae0d3fe9b43cf207639d1619067e3891e900a8235b76599f5a9e16bd0116944dd06a8d73a9790c5,01,SS-CUFE     ,12,true,,,
1,118945734,FC737467,830510991,CLINICA ESPECIALIZADA LA CONCEPCION S.A.S.,901543761,EPS FAMILIAR DE COLOMBIA S.A.S.,885101.0,2026-01-02T00:00:00,10:19:56,,de92690f7be332543f9c4d6ccd017829b748bdcdd6977c7dffc3ffbfc79b62bf0c4e386d58e9ba6bef63957dbda2046f,01,SS-CUFE     ,26,true,,,
1,118945833,FVCR1758830,812005644,CLINICA REGIONAL DEL SAN JORGE I.P.S. S.A.,901543761,EPS FAMILIAR DE COLOMBIA S.A.S.,347090.0,2026-01-02T00:00:00,09:08:52,2026-01-02T00:00:00,827e167bfe350aca6d0700cb9d974dbbafbc328200b56691d75a4bc62d49398374e1e2a496d449c77bd98cf1b7af9d32,01,SS-SinAporte,13,true,,,
1,118948804,FE11960,901515928,JM RADIOLOGIA DENTAL SAS,901543761,EPS Familiar de Colombia S.A.S.,13000.0,2026-01-02T00:00:00,10:17:00,,2acfe5a3118ac94a5c825b58b7fa8a38ca9b7855e3bbcbf9e0632e94504f7536741bd7939df960dfec53f7917b77bb11,01,SS-SinAporte,1,true,,,
1,118957535,FE11965,901515928,JM RADIOLOGIA DENTAL SAS,901543761,EPS Familiar de Colombia S.A.S.,13000.0,2026-01-02T00:00:00,10:43:00,,0714cc5ea683c0a7fc04f9745e6971ba187429cbea8ed0b2d70dcb924412443ec0419cb010c058f9c07edf2cc87fa2b5,01,SS-SinAporte,1,true,,,
1,118957547,FE11963,901515928,JM RADIOLOGIA DENTAL SAS,901543761,EPS Familiar de Colombia S.A.S.,25000.0,2026-01-02T00:00:00,10:40:00,,d95b3410571fa5576ec6caec3a62f6956d10c218500b46cd905365aa187212e596ee91c4dd81ef18f30dd38e2a669103,01,SS-SinAporte,1,true,,,
1,118957582,FE11961,901515928,JM RADIOLOGIA DENTAL SAS,901543761,EPS Familiar de Colombia S.A.S.,13000.0,2026-01-02T00:00:00,10:34:00,,0d12d6f376f2ab859741606f0573ffb0681fbcd762886f1617e6f760de81b91d40e0dc304109a8d71494962e2724ab24,01,SS-SinAporte,1,true,,,
1,118957639,FE11956,901515928,JM RADIOLOGIA DENTAL SAS,901543761,EPS Familiar de Colombia S.A.S.,25000.0,2026-01-02T00:00:00,09:44:00,,6fac7c1999f9888d7b3ae7353092e5ff179a9f7f60f9065ee57668ff487f866b0371fa692a7de022f7b638a1960a02a8,01,SS-SinAporte,1,true,,,
1,118957675,FE11955,901515928,JM RADIOLOGIA DENTAL SAS,901543761,EPS Familiar de Colombia S.A.S.,26000.0,2026-01-02T00:00:00,09:43:00,,aaef81f7bc3fdd54dcf624b550cc5dac88b5c610dfcfdcb5ca651b401f301d4244427e911524b2a134fc6926891cb28d,01,SS-SinAporte,1,true,,,
1,118957769,FE11951,901515928,JM RADIOLOGIA DENTAL SAS,901543761,EPS Familiar de Colombia S.A.S.,13000.0,2026-01-02T00:00:00,08:57:00,,feb19a6621bf7e593c1681bba5f9c043bfd81868bb1b5f0805f7e4ddd8afcee456aa63ba3ec3d83cca63cc3cfd84bb49,01,SS-SinAporte,1,true,,,
1,118967502,FE574739,890400693,CLINICA BLAS DE LEZO S.A.S.,901543761,EPS FAMILIAR DE COLOMBIA SAS-EPS FAMILIAR DE COLOMBIA SAS SUBSIDIADO,246905.0,2026-01-02T00:00:00,10:47:27,2026-02-01T00:00:00,6ee937fee99aaa3e82eed383d37198f5d903feb2fd76e85c5f59764dfb4a833ca8179babf326e168cf4bd138f68ad97d,01,SS-CUFE     ,6,true,,,
1,118978903,FONC292487,812007194,ONCOMEDICA S.A.S.,901543761,EPS FAMILIAR DE COLOMBIA S.A.S,85555.0,2026-01-02T00:00:00,00:00:00,,5486dc7f7a5aa1b17cffedc17433c94bf106318a06c1cbd56f91b379e7381797512b3f958b5be3843f3ba4f8c18ff960,01,SS-CUFE     ,1,true,,,
1,118983687,EHIN1563104,890480135,FUNDACION HOSPITAL INFANTIL NAPOLEON FRANCO PAREJA,901543761,EPS FAMILIAR DE COLOMBIA S.A.S.,65500.0,2026-01-02T00:00:00,11:26:02,,96969e2bbf31ff5402219d5ba02b92f523a6ce16db0b3f79e987e8dec38e4d8d25a3547f2b4ecfef19ada92797c184f5,01,SS-CUFE     ,1,true,,,
1,118999129,ACM16381,900386591,GYOMEDICAL I.P.S.  S.A.S,901543761,EPS FAMILIAR DE COLOMBIA S.A.S,3574111.0,2026-01-02T00:00:00,09:42:49,,19de1fd3f1a02af13093e6b1254d94d92a2cbe64f7328cbe308981616bfe40e0401720ea53a142ba641fdf6a6c9b9dc2,01,SS-CUFE     ,51,true,,,
1,118999177,ACM16382,900386591,GYOMEDICAL I.P.S.  S.A.S,901543761,EPS FAMILIAR DE COLOMBIA S.A.S,8406670.0,2026-01-02T00:00:00,09:47:15,,27d4e4d70a0564364ac10bf4c90d4a41663949ac2e9a23c44af1a6dcb5324858271552d27d9021d63108c705c70217a7,01,SS-CUFE     ,38,true,,,
1,118999223,ACM16383,900386591,GYOMEDICAL I.P.S.  S.A.S,901543761,EPS FAMILIAR DE COLOMBIA S.A.S,18175264.0,2026-01-02T00:00:00,09:54:58,,a42c13e7701251282ce5046f6a7137bcff93f89598afb77c07c06ef7ebf9e356493de508bb5f035cb0caa794b4ea8282,01,SS-CUFE     ,60,true,,,
1,118999290,ACM16384,900386591,GYOMEDICAL I.P.S.  S.A.S,901543761,EPS FAMILIAR DE COLOMBIA S.A.S,11310610.0,2026-01-02T00:00:00,10:00:34,,f88611421273a1c806bc5b9fdc5e5e89b83baeb0ac33c6a23fd6ffe46ef618da7c17c200ee1644e61f99c51bcc2e5992,01,SS-CUFE     ,63,true,,,
1,118999326,ACM16385,900386591,GYOMEDICAL I.P.S.  S.A.S,901543761,EPS FAMILIAR DE COLOMBIA S.A.S,25779574.0,2026-01-02T00:00:00,10:03:47,,8054d98c137d1c905bb0eb438552b4010a98aba576864511dc164f5c2d15297993c9d3bf45667be82ea74d511978c231,01,SS-CUFE     ,75,true,,,
1,118999370,ACM16386,900386591,GYOMEDICAL I.P.S.  S.A.S,901543761,EPS FAMILIAR DE COLOMBIA S.A.S,11384450.0,2026-01-02T00:00:00,10:07:21,,69bd05c7c3c14ed3f35e7d00e3c75e485f118f142ad9dd8367e172be1d1d60f9a61f12408e5b372a5064a61e89892e59,01,SS-CUFE     ,56,true,,,
1,118999474,ACM16388,900386591,GYOMEDICAL I.P.S.  S.A.S,901543761,EPS FAMILIAR DE COLOMBIA S.A.S,15951723.0,2026-01-02T00:00:00,10:15:34,,2f463583b11808d3620dabc53c2c47ac3c6f8bcd941108b254db8d9db2a9bfcdc983313f9631d6ac37ab08010eed77e5,01,SS-CUFE     ,69,true,,,
1,119001940,FEH833773,890112801,FUNDACION HOSPITAL UNIVERSIDAD DEL NORTE,901543761,EPS FAMILIAR DE COLOMBIA S.A.S.,93289.0,2026-01-01T00:00:00,06:29:29,,f4f9a0de3a5e59bad21d1e97487dafd0b0839e52d7cbf0cf8677e90049c25e9197bdb95943ba355ae2b53e7569b884bd,01,SS-CUFE     ,3,true,,,
1,119002932,FE574775,890400693,CLINICA BLAS DE LEZO S.A.S.,901543761,EPS FAMILIAR DE COLOMBIA SAS-EPS FAMILIAR DE COLOMBIA SAS SUBSIDIADO,54222.0,2026-01-02T00:00:00,11:47:40,2026-02-01T00:00:00,3546769837c52fc4c75e1b4846a1e04714300a81e08e83160e6a87b1cbe81c239d089c178af93b250f5079f6e465c41e,01,SS-CUFE     ,4,true,,,
1,119003090,FE574810,890400693,CLINICA BLAS DE LEZO S.A.S.,901543761,EPS FAMILIAR DE COLOMBIA SAS-EPS FAMILIAR DE COLOMBIA SAS SUBSIDIADO,109682.0,2026-01-02T00:00:00,11:48:36,2026-02-01T00:00:00,0fbadd3675b34818586f6298a5869be355ce65c04a962de3a7a539b0a1bc5d6cc9110c5bfca82df275d98944ec5ccf4f,01,SS-CUFE     ,4,true,,,
1,119005280,FE167306,806001061,E.S.E CLINICA MATERNIDAD RAFAEL CALVO C.,901543761,EPS FAMILIAR DE COLOMBIA S.A.S.,94300.0,2025-12-16T00:00:00,00:00:00,,f903d03f1371d10f7738f7da67593226494ed9ec8139e39d1e369b698ed79d2f52c2f47b970b9c4eac78ec8a79473038,01,SS-CUFE     ,1,true,,,
1,119005284,FE166119,806001061,E.S.E CLINICA MATERNIDAD RAFAEL CALVO C.,901543761,EPS FAMILIAR DE COLOMBIA S.A.S.,3411307.0,2025-12-02T00:00:00,00:00:00,,273818a24ad741569f835acff50c33c99ea410ccf5946907cbbaabad2abfb65ef75da6b80bdaa2eda35d1c4cf5b312d3,01,SS-CUFE     ,37,true,,,
1,119005305,FE167350,806001061,E.S.E CLINICA MATERNIDAD RAFAEL CALVO C.,901543761,EPS FAMILIAR DE COLOMBIA S.A.S.,62100.0,2025-12-16T00:00:00,00:00:00,,11fc4ce9c09a0171b952934da9ae255d0185117ec53ababfe31e89f620daf381d6d6d55523f7782350fbff8660bbd224,01,SS-CUFE     ,1,true,,,
1,119005309,FE167532,806001061,E.S.E CLINICA MATERNIDAD RAFAEL CALVO C.,901543761,EPS FAMILIAR DE COLOMBIA S.A.S.,381500.0,2025-12-17T00:00:00,00:00:00,,ac4afcfbc1dcd7145d3e6b7b867a24cebd46e1a24fc97223762fd3c1ffd10c02b7212487894caacb3deeeac14d9e8f90,01,SS-CUFE     ,12,true,,,
1,119005311,FE167506,806001061,E.S.E CLINICA MATERNIDAD RAFAEL CALVO C.,901543761,EPS FAMILIAR DE COLOMBIA S.A.S.,62100.0,2025-12-17T00:00:00,00:00:00,,f3da162c8835abfb7fbbe7cf7eef20705d73d03711489df2566c9818aa29ef4d82b5984f2e144e07ed12611ece1edd34,01,SS-CUFE     ,1,true,,,
1,119005313,FE167604,806001061,E.S.E CLINICA MATERNIDAD RAFAEL CALVO C.,901543761,EPS FAMILIAR DE COLOMBIA S.A.S.,276814.0,2025-12-18T00:00:00,00:00:00,,ca58bb5b0cc0c46f827329ce7aa0d6f6294e9e49a69695911320dd1a6a85931807b5bd6a4c6b22ea565d8aaf83c2131e,01,SS-CUFE     ,8,true,,,
1,119005326,FE167663,806001061,E.S.E CLINICA MATERNIDAD RAFAEL CALVO C.,901543761,EPS FAMILIAR DE COLOMBIA S.A.S.,29400.0,2025-12-19T00:00:00,00:00:00,,d567aa5a5cfce88fefd2ef2aab8a65028f493d96d0ee6dec2b22c5ffbb8885d8d29629ff2f31396fbb000320798818b6,01,SS-CUFE     ,1,true,,,
1,119005330,FE167814,806001061,E.S.E CLINICA MATERNIDAD RAFAEL CALVO C.,901543761,EPS FAMILIAR DE COLOMBIA S.A.S.,109400.0,2025-12-22T00:00:00,00:00:00,,20e71abf46cdea1ea489dd8456432f9f16f49d6a6bbe687d74801b6a9c3848bd7a9ebee14ae87d8a8d867d28e9049d5e,01,SS-CUFE     ,4,true,,,
1,119005333,FE167749,806001061,E.S.E CLINICA MATERNIDAD RAFAEL CALVO C.,901543761,EPS FAMILIAR DE COLOMBIA S.A.S.,453849.0,2025-12-22T00:00:00,00:00:00,,b0b945b07886387b1098c8a9dbe378603fbb717052e320449e64082c75550c0bfc78a953e5bf95099fa4637a79c46879,01,SS-CUFE     ,11,true,,,
1,119005344,FE167975,806001061,E.S.E CLINICA MATERNIDAD RAFAEL CALVO C.,901543761,EPS FAMILIAR DE COLOMBIA S.A.S.,62100.0,2025-12-23T00:00:00,00:00:00,,dafda6db80d8010a8614884d8e7749d0ab8354a43fac198f503259816f628255f840273adb90cdb93525eee4d2073c99,01,SS-CUFE     ,1,true,,,
1,119005346,FE167969,806001061,E.S.E CLINICA MATERNIDAD RAFAEL CALVO C.,901543761,EPS FAMILIAR DE COLOMBIA S.A.S.,13300.0,2025-12-23T00:00:00,00:00:00,,5ff59712f6395aef2b2c357a0f27ae1588e823285bfaa03180c40e7d41db1f67aafb982d8f90b3128ebb1de9ee1df682,01,SS-CUFE     ,1,true,,,
1,119005750,FE166379,806001061,E.S.E CLINICA MATERNIDAD RAFAEL CALVO C.,901543761,EPS FAMILIAR DE COLOMBIA S.A.S.,2005638.0,2025-12-10T00:00:00,00:00:00,,1ac1c3c263efc245f60585cfc041ca9662a03fe3396d8b1751ebe45f632e2c67a9a31c982749126662cf6fddcaa7f448,01,SS-CUFE     ,29,true,,,
1,119005771,FE166642,806001061,E.S.E CLINICA MATERNIDAD RAFAEL CALVO C.,901543761,EPS FAMILIAR DE COLOMBIA S.A.S.,18186393.0,2025-12-10T00:00:00,00:00:00,,5d367ef02bfdcd719eba7a5e305cd577fbd7aad1bd46c66b90f03a07dbe121b93c9ab2c938565e8e0cfcd851c09b740c,01,SS-CUFE     ,320,true,,,
1,119006275,FE167454,806001061,E.S.E CLINICA MATERNIDAD RAFAEL CALVO C.,901543761,EPS FAMILIAR DE COLOMBIA S.A.S.,1500228.0,2025-12-17T00:00:00,00:00:00,,9d1c3c496457e7cdeeddb888c90673b41881d733cbed36586b6a742acecc6890d79783c6413193fdfaf944e9e0311ba5,01,SS-CUFE     ,11,true,,,
1,119006279,FE167804,806001061,E.S.E CLINICA MATERNIDAD RAFAEL CALVO C.,901543761,EPS FAMILIAR DE COLOMBIA S.A.S.,3622340.0,2025-12-22T00:00:00,00:00:00,,3bc1c865e818125315688adea59d5bcf486f2e152302a494d329c9d318b582a1eefbf9938be59e2b0e0ad30b618b1505,01,SS-CUFE     ,32,true,,,
1,119006281,FE167280,806001061,E.S.E CLINICA MATERNIDAD RAFAEL CALVO C.,901543761,EPS FAMILIAR DE COLOMBIA S.A.S.,4111961.0,2025-12-22T00:00:00,00:00:00,,8cb2711366ec940aa9f2553cac48d85d544bf3d526d69240a35fe08f62db40669d78716081e8293d551276e693288af7,01,SS-CUFE     ,44,true,,,
1,119006284,FE167672,806001061,E.S.E CLINICA MATERNIDAD RAFAEL CALVO C.,901543761,EPS FAMILIAR DE COLOMBIA S.A.S.,2922130.0,2025-12-22T00:00:00,00:00:00,,de271cac4eedbd55b70f19d163cc8e5007ba5625b15ec9138efb63ec1125501aaac5941e183dfb8bdbec86f09b4ec003,01,SS-CUFE     ,29,true,,,
1,119008324,9529418,900958564,SUBRED INTEGRADA DE SERVICIOS DE SALUD SUR E.S.E.,901543761,EPS FAMILIAR DE COLOMBIA S.A.S.,2360136.0,2026-01-02T00:00:00,12:21:54,,568388580ff81d95490ed61ad336473cf7a5ffdedb4441f95695acf7aac6689dd21dd18d7ff7c62e199fdab74158f553,01,SS-CUFE     ,28,true,,,
1,119023853,9529437,900958564,SUBRED INTEGRADA DE SERVICIOS DE SALUD SUR E.S.E.,901543761,EPS FAMILIAR DE COLOMBIA S.A.S.,56900.0,2026-01-02T00:00:00,13:10:28,,960c3f9d8d8e1076bf69aec6e95950c8e199d1b1fa3b601921bbef54abe5893b3b54dfab00ff52b53d0edadcb97d7720,01,SS-CUFE     ,1,true,,,
1,119038550,CP10422,901494060,CENTRO MEDICO DE ESPECIALISTA LAS PENINSULAS IPS SAS,901543761,EPS FAMILIAR DE COLOMBIA SAS,150000.0,2026-01-02T00:00:00,00:00:00,2026-02-01T00:00:00,5b263689260e5de6dfe02eeac96e7154cf44e7fb9a38b59204702a73412b72dae04f1f7d74e7a6cc05d30560ab9c2ef0,01,SS-CUFE     ,1,true,,,
1,119038556,CP10423,901494060,CENTRO MEDICO DE ESPECIALISTA LAS PENINSULAS IPS SAS,901543761,EPS FAMILIAR DE COLOMBIA SAS,150000.0,2026-01-02T00:00:00,00:00:00,2026-02-01T00:00:00,d4c77ee087ca9898c6a57439fd53013a97745a444b11f74ae6c204831ef54ce2a72bcdee96ddaf27bc60e1f3c1547d12,01,SS-CUFE     ,1,true,,,
1,119045358,AVQ134539,802020334,QUIMIOSALUD S.A.S.,901543761,EPS FAMILIAR COLOMBIA,750000.0,2026-01-02T00:00:00,11:07:14,,2aba9f3fbec20aec55e7ed21151b4df400d14982cf2c2e413fb49a3354f4703d2befbf253eec5dc715edf32c6c299aa2,01,SS-CUFE     ,1,true,,,
1,119045365,AVQ134543,802020334,QUIMIOSALUD S.A.S.,901543761,EPS FAMILIAR COLOMBIA,750000.0,2026-01-02T00:00:00,11:18:16,,20e64e5fea523d9dc200e417b53f594cc3b27b321ac512700db735df3b63f59e6967adb4a6d4b2493cbffc7213fc959b,01,SS-CUFE     ,1,true,,,
1,119045371,AVQ134534,802020334,QUIMIOSALUD S.A.S.,901543761,EPS FAMILIAR COLOMBIA,750000.0,2026-01-02T00:00:00,10:48:49,,4f05bde85e985e1722327c27ae7b721272410c74a9b347f305684ef37f03f0e4379d674858aa3d56b1c3d2645eeb9f51,01,SS-CUFE     ,1,true,,,
1,119045377,AVQ134537,802020334,QUIMIOSALUD S.A.S.,901543761,EPS FAMILIAR COLOMBIA,750000.0,2026-01-02T00:00:00,10:57:38,,164d711db22135f3ba5cd15f8ed87a3500087edfcd6e0e3c5a587d5a9100267c5a4cef3d14dc23ee1368905827c00346,01,SS-CUFE     ,1,true,,,
1,119045390,AVQ134542,802020334,QUIMIOSALUD S.A.S.,901543761,EPS FAMILIAR COLOMBIA,750000.0,2026-01-02T00:00:00,11:14:56,,1aaa543b1d23e069473bda8a19aa552b5757ad277ac385c0d0bd86d2346a300adc500e5b527f9f39220ef862c83a2e39,01,SS-CUFE     ,1,true,,,
1,119045404,AVQ134536,802020334,QUIMIOSALUD S.A.S.,901543761,EPS FAMILIAR COLOMBIA,750000.0,2026-01-02T00:00:00,10:54:52,,a727466676d9ffd6fa834b4694ed907204245bf0ef30212b06d8cf683fe50450177cb854b2f8dfb1531098d2d6244e0f,01,SS-CUFE     ,1,true,,,
1,119045419,AVQ134535,802020334,QUIMIOSALUD S.A.S.,901543761,EPS FAMILIAR COLOMBIA,750000.0,2026-01-02T00:00:00,10:51:56,,8c7317458b21c3fbdd969a120de1cbba17a975d3773339791f9a77a8af9a6b53663a4ebd30ce99e3b90095bcf1f6457a,01,SS-CUFE     ,1,true,,,
1,119045437,AVQ134538,802020334,QUIMIOSALUD S.A.S.,901543761,EPS FAMILIAR COLOMBIA,750000.0,2026-01-02T00:00:00,11:00:40,,3d264eca3d0c8eff5b949c4d082f718ac9d091229d5d42bc5343621b046414075d73b773a54fdcc57c6ec49c53c16f5a,01,SS-CUFE     ,1,true,,,
1,119045452,AVQ134541,802020334,QUIMIOSALUD S.A.S.,901543761,EPS FAMILIAR COLOMBIA,750000.0,2026-01-02T00:00:00,11:11:54,,c6f013aee35d90d7669b885cdfc96cc1eccd23354051615621e21ea8b853e82b460246d380f07f2f566f0059836026b0,01,SS-CUFE     ,1,true,,,
1,119045469,AVQ134540,802020334,QUIMIOSALUD S.A.S.,901543761,EPS FAMILIAR COLOMBIA,750000.0,2026-01-02T00:00:00,11:09:19,,e8774bd81378dd7855e222e24ff82d08e40fb2ba7fa13078b72c95b5782b39e446904b5b5076937d867a84654d2254b8,01,SS-CUFE     ,1,true,,,
1,119046314,FE574840,890400693,CLINICA BLAS DE LEZO S.A.S.,901543761,EPS FAMILIAR DE COLOMBIA SAS-EPS FAMILIAR DE COLOMBIA SAS SUBSIDIADO,18417.0,2026-01-02T00:00:00,13:45:26,2026-02-01T00:00:00,4a14a96c8c68b5a6a439cf24df8fb4c4042e62c148c6c32abeb2065f6235c3e1f9b8afd21b83288a68b83eed7e969d43,01,SS-CUFE     ,2,true,,,
1,119046673,FE574863,890400693,CLINICA BLAS DE LEZO S.A.S.,901543761,EPS FAMILIAR DE COLOMBIA SAS-EPS FAMILIAR DE COLOMBIA SAS SUBSIDIADO,286878.0,2026-01-02T00:00:00,13:46:16,2026-02-01T00:00:00,64f1587c2e8cacb5dde3d0320194c0c7863c4799f037f2270f8909d87c99a0eab1e4bc87d455cea9dab5c2cdd1a4f20a,01,SS-CUFE     ,16,true,,,
1,119049811,BQQ144146,802020334,QUIMIOSALUD S.A.S.,901543761,EPS FAMILIAR COLOMBIA,750000.0,2026-01-02T00:00:00,10:18:05,,4b1d880621dedad3fdd4ef8c3e3f1fdd440c52802af8d438cd96a9ffe64b3cabedb52860a385fce4a35038d76b7dd2ec,01,SS-CUFE     ,1,true,,,
1,119049820,BQQ144152,802020334,QUIMIOSALUD S.A.S.,901543761,EPS FAMILIAR COLOMBIA,750000.0,2026-01-02T00:00:00,10:24:27,,70329de357c251a99480edb2100b916af7a01a31c4bb583d21846edcba3b4028fe0f0b62f64487e94d0ef9365d46dc63,01,SS-CUFE     ,1,true,,,
1,119049829,BQQ144143,802020334,QUIMIOSALUD S.A.S.,901543761,EPS FAMILIAR COLOMBIA,750000.0,2026-01-02T00:00:00,10:01:32,,e61eea28f71a5b16a11364aa7161ae0aec711b663eefb371e21a56c95ba86dd389b3ad5c3f950559242c2bf9d0bea013,01,SS-CUFE     ,1,true,,,
1,119049842,BQQ144157,802020334,QUIMIOSALUD S.A.S.,901543761,EPS FAMILIAR COLOMBIA,750000.0,2026-01-02T00:00:00,10:35:35,,e5d41a31d2f52c2c54b475a2ac57f4c5ff9ce7e0af4b840b08a501e0b777070605d4cbe3a30ea58e82cb176db2a3e582,01,SS-CUFE     ,1,true,,,
1,119049851,BQQ144145,802020334,QUIMIOSALUD S.A.S.,901543761,EPS FAMILIAR COLOMBIA,750000.0,2026-01-02T00:00:00,10:14:22,,dba7b91b3a3ff1ddec4252b97d3390a2ebced5ee6025b12346497f3e116ad8f5bf09f3d40f694d3512906831dd6a54b1,01,SS-CUFE     ,1,true,,,
1,119049856,BQQ144159,802020334,QUIMIOSALUD S.A.S.,901543761,EPS FAMILIAR COLOMBIA,750000.0,2026-01-02T00:00:00,10:42:34,,fa50f1af60ef586c30d8865b380f17fe6daae46ba92a32ae343b845b97937465abec4d30da01db69e9bac29e0fa894e9,01,SS-CUFE     ,1,true,,,
1,119049866,BQQ144148,802020334,QUIMIOSALUD S.A.S.,901543761,EPS FAMILIAR COLOMBIA,750000.0,2026-01-02T00:00:00,10:20:48,,7d39d0a4ea587683388f715646d438338413967a9ea1d07a4d3fc905a277b11705099d0ecadd292326c9129d7b018dcf,01,SS-CUFE     ,1,true,,,
1,119049875,BQQ144156,802020334,QUIMIOSALUD S.A.S.,901543761,EPS FAMILIAR COLOMBIA,750000.0,2026-01-02T00:00:00,10:32:10,,21ca224fa3125870f4cd7a89f86d7a8d5c465f9df6a2ea7e3a97ae70cb1c3111a8a129c2eeaa673441eb12cab98f76dc,01,SS-CUFE     ,1,true,,,
1,119049882,BQQ144144,802020334,QUIMIOSALUD S.A.S.,901543761,EPS FAMILIAR COLOMBIA,750000.0,2026-01-02T00:00:00,10:10:53,,e98d0400c50fd3253e003a48466f68f306a643bfad9520d5dd5e43542b3437ae27af41fc25d3f24fbc388635367cf42d,01,SS-CUFE     ,1,true,,,
1,119049895,BQQ144155,802020334,QUIMIOSALUD S.A.S.,901543761,EPS FAMILIAR COLOMBIA,750000.0,2026-01-02T00:00:00,10:30:01,,ebc6df0384351dd5938b2a188243f8a8203f45e92190bc56bb7afd7e1d31083cd38f04581e2484fc65eca617604bf96f,01,SS-CUFE     ,1,true,,,
1,119049915,BQQ144154,802020334,QUIMIOSALUD S.A.S.,901543761,EPS FAMILIAR COLOMBIA,750000.0,2026-01-02T00:00:00,10:26:09,,a7dccb6075e00767a09f73e5c2fa047c17942663515ab1da88ee5bf0efd42a7dab3acbf91bb9d8527dfaba004393b979,01,SS-CUFE     ,1,true,,,
1,119049928,BQQ144150,802020334,QUIMIOSALUD S.A.S.,901543761,EPS FAMILIAR COLOMBIA,750000.0,2026-01-02T00:00:00,10:22:33,,2618633db647a0b751585d3ffe9712c2dd1f197131b6cfdf60eb79611fd7fe4eb4ec9c00102f0e909c610834b107d7cd,01,SS-CUFE     ,1,true,,,
1,119049944,BQQ144158,802020334,QUIMIOSALUD S.A.S.,901543761,EPS FAMILIAR COLOMBIA,300000.0,2026-01-02T00:00:00,10:38:06,,f74a73a5c60a15fc1a231a9072abb2337857b5d630e3199089ccd174d49eca2213c9efaeba7bd1ccc2ebf1af3477bad9,01,SS-CUFE     ,1,true,,,
1,119051008,INCA241569,823002227,INSTITUTO DE CANCEROLOGIA DE SUCRE S.A.S,901543761,EPS FAMILIAR DE COLOMBIA S.A.S,480000.0,2026-01-02T00:00:00,14:18:40,,653cddbd0cbfc7c5f1d99f3fb8d7667211e5d848bc107169722f2eb8b072313a5b18a670fe818989820ca7fac0a61ab9,01,SS-CUFE     ,1,true,,,
1,119051602,FEPT528946,900021788,CLINICA DE LA AMAZONIA IPS LTDA.,901543761,EPS FAMILIAR DE COLOMBIA SAS,275300.0,2025-12-31T00:00:00,00:00:00,2026-01-26T00:00:00,c36fd9a575c02a327e2fd066512b2be0ad2d1a163196bcd79e82c3206e01f78d61aec3a4944d14c8dc9ec9806907652f,01,SS-CUFE     ,8,true,,,
1,119051615,FEPT528947,900021788,CLINICA DE LA AMAZONIA IPS LTDA.,901543761,EPS FAMILIAR DE COLOMBIA SAS,103500.0,2025-12-31T00:00:00,00:00:00,2026-01-26T00:00:00,6a1580cdb71235f461bcc680577ed0ffdd3c4829b233411c02e715d1e7e3126bbe4286e05c126301202f8fcd8f75fc55,01,SS-CUFE     ,2,true,,,
1,119051623,FEPT529105,900021788,CLINICA DE LA AMAZONIA IPS LTDA.,901543761,EPS FAMILIAR DE COLOMBIA SAS,219700.0,2025-12-31T00:00:00,00:00:00,2026-01-26T00:00:00,53e3caa9ff6db4dd64f52083279c6626aa39f13770f5af2aa1adfca1c4705082e827dee281faf9f0ba9b5bf6097d9ffe,01,SS-CUFE     ,2,true,,,
1,119051631,FEPT529160,900021788,CLINICA DE LA AMAZONIA IPS LTDA.,901543761,EPS FAMILIAR DE COLOMBIA SAS,59745.0,2025-12-31T00:00:00,00:00:00,2026-01-26T00:00:00,e4d8108636e1192bcc6e9c80308090efafc96713b4c7dc07be9b2b9b53429a5a2ed9bc34471e8dc321508dca9712988e,01,SS-CUFE     ,1,true,,,
1,119051636,FEPT529257,900021788,CLINICA DE LA AMAZONIA IPS LTDA.,901543761,EPS FAMILIAR DE COLOMBIA SAS,307500.0,2025-12-31T00:00:00,00:00:00,2026-01-26T00:00:00,eae7e73d7a902422bfeea2fc0377b68b38bc804b67626e299bf829f9a3d656fdb6c27bc4947e1058381f1db00802240e,01,SS-CUFE     ,2,true,,,
1,119051646,FEPT529303,900021788,CLINICA DE LA AMAZONIA IPS LTDA.,901543761,EPS FAMILIAR DE COLOMBIA SAS,421575.0,2025-12-31T00:00:00,00:00:00,2026-02-03T00:00:00,fb5a6ccd41ff998c275f419d96573d5a8534cd1c647d3eaf46f55a1690819ec533e82a4db0295c15085b274f6bef6ec5,01,SS-CUFE     ,11,true,,,
1,119051662,FEPT529568,900021788,CLINICA DE LA AMAZONIA IPS LTDA.,901543761,EPS FAMILIAR DE COLOMBIA SAS,151900.0,2025-12-31T00:00:00,00:00:00,2026-01-26T00:00:00,e41cd2b4357c33692e38be8398ad84bd03c964b4703927e6b026ee1e0d10e8af66b33cdc938bbeef0263ccc390ec78f3,01,SS-CUFE     ,4,true,,,
1,119051673,FEPT529623,900021788,CLINICA DE LA AMAZONIA IPS LTDA.,901543761,EPS FAMILIAR DE COLOMBIA SAS,229950.0,2025-12-31T00:00:00,00:00:00,2026-02-07T00:00:00,d7ab0df6a9696c406cb03d30c67c209107fea125cbb519677dcecab23785b29a0ad0c16d3dc43d9ecdd12dd77a0f6172,01,SS-CUFE     ,6,true,,,
1,119051688,FEPT529635,900021788,CLINICA DE LA AMAZONIA IPS LTDA.,901543761,EPS FAMILIAR DE COLOMBIA SAS,458800.0,2025-12-31T00:00:00,00:00:00,2026-01-26T00:00:00,09534fa3a234656d9342c059402a2fdddf996a33bbe4783bcb402cfa8238794cbfd486c1fd07433f1b314d34979889a5,01,SS-CUFE     ,1,true,,,
1,119051704,FEPT529644,900021788,CLINICA DE LA AMAZONIA IPS LTDA.,901543761,EPS FAMILIAR DE COLOMBIA SAS,86205.0,2025-12-31T00:00:00,00:00:00,2026-01-26T00:00:00,1978894f3a85bd94842be177ae3a98d549008406cdcba596151ccd835be11aff6a4d64196f75c65df71e53ac6ecace33,01,SS-CUFE     ,1,true,,,
1,119051708,FEPT529906,900021788,CLINICA DE LA AMAZONIA IPS LTDA.,901543761,EPS FAMILIAR DE COLOMBIA SAS,77700.0,2025-12-31T00:00:00,00:00:00,2026-01-26T00:00:00,590aeaaed44ffa3393473e1ad35f5b9ff21a491c32cc279a885b34a1daf4cf8d57b644ecd82db2cefb688486e206761e,01,SS-CUFE     ,2,true,,,
1,119051713,FEPT529946,900021788,CLINICA DE LA AMAZONIA IPS LTDA.,901543761,EPS FAMILIAR DE COLOMBIA SAS,343600.0,2025-12-31T00:00:00,00:00:00,2026-01-26T00:00:00,404d78c5c0881381451e347db9597c3bb4a848abdf2fb45da6b027c8a32d4f658074df6155dde951308550dff3d9253f,01,SS-CUFE     ,1,true,,,
1,119051725,FEPT529965,900021788,CLINICA DE LA AMAZONIA IPS LTDA.,901543761,EPS FAMILIAR DE COLOMBIA SAS,59745.0,2025-12-31T00:00:00,00:00:00,2026-01-26T00:00:00,a659d5d37b8ee696675532b99ce4626d33d4bf457e53a18d99e4ba1392f6f085a2d241096a771fc487671060ee82c31c,01,SS-CUFE     ,1,true,,,
1,119051735,FEPT529972,900021788,CLINICA DE LA AMAZONIA IPS LTDA.,901543761,EPS FAMILIAR DE COLOMBIA SAS,86205.0,2025-12-31T00:00:00,00:00:00,2026-01-26T00:00:00,4ea88db309434626b29b744d1b1ce248922ae4f88a32a1978d797c54213834b557611e0f1ffa2148ff06b94bd27863de,01,SS-CUFE     ,1,true,,,
1,119051737,FEPT529983,900021788,CLINICA DE LA AMAZONIA IPS LTDA.,901543761,EPS FAMILIAR DE COLOMBIA SAS,40845.0,2025-12-31T00:00:00,00:00:00,2026-01-26T00:00:00,8571e475f76717922f9771658c67c65940fc7aadccaaba1317c77361f8e34887b53a477c4cfc90f0d719a733b5dfe57a,01,SS-CUFE     ,1,true,,,
1,119051740,FEPT530083,900021788,CLINICA DE LA AMAZONIA IPS LTDA.,901543761,EPS FAMILIAR DE COLOMBIA SAS,227800.0,2025-12-31T00:00:00,00:00:00,2026-01-26T00:00:00,cb4fd8682bb45057b7652f96c0d85b953e2184a3bcc6e757ec5b9ea125115b262f4ef5426f5f7fb12ce61dc8828d5315,01,SS-CUFE     ,3,true,,,
1,119051744,FEPT530117,900021788,CLINICA DE LA AMAZONIA IPS LTDA.,901543761,EPS FAMILIAR DE COLOMBIA SAS,86205.0,2025-12-31T00:00:00,00:00:00,2026-01-26T00:00:00,ac8e4eb75e7c793ec7ef4e46b4d415224f673d2578ae2a855ab421b0ae9b5ec2c4297bc7d5c7bc3e6ce8e8dd51d7a7f3,01,SS-CUFE     ,1,true,,,
1,119051747,FEPT530154,900021788,CLINICA DE LA AMAZONIA IPS LTDA.,901543761,EPS FAMILIAR DE COLOMBIA SAS,86205.0,2025-12-31T00:00:00,00:00:00,2026-01-26T00:00:00,b67da8284f4ccea20d6a5b4e5480e0ce3dcef23987249ec1129357d1b2eafac3da92b29bbf1b3aea9fb74b9bd5d2ee05,01,SS-CUFE     ,1,true,,,
1,119051751,FEPT530258,900021788,CLINICA DE LA AMAZONIA IPS LTDA.,901543761,EPS FAMILIAR DE COLOMBIA SAS,86205.0,2025-12-31T00:00:00,00:00:00,2026-01-26T00:00:00,170413544f6a27d59ce9a60d9dcdc29205314b1b8f597d847df3b8700246b615d47c4ce3edef1aec1bc587cd2a7a264b,01,SS-CUFE     ,1,true,,,
1,119051754,FEPT530286,900021788,CLINICA DE LA AMAZONIA IPS LTDA.,901543761,EPS FAMILIAR DE COLOMBIA SAS,86205.0,2025-12-31T00:00:00,00:00:00,2026-01-26T00:00:00,c7ba276536a08e96cef0418b162d12e12fc600bc5754b4efd4aa63009e1d72f10ec80e7806c0e552b981511957f220a6,01,SS-CUFE     ,1,true,,,
1,119051760,FEPT530292,900021788,CLINICA DE LA AMAZONIA IPS LTDA.,901543761,EPS FAMILIAR DE COLOMBIA SAS,86205.0,2025-12-31T00:00:00,00:00:00,2026-01-26T00:00:00,1d73854de23e116e58d1102bedf5c168ebbc6d8c93ea64249b527a418af01a3f5d3d00bc5db2d51c4291c7019686db0f,01,SS-CUFE     ,1,true,,,
1,119051761,FEPT530302,900021788,CLINICA DE LA AMAZONIA IPS LTDA.,901543761,EPS FAMILIAR DE COLOMBIA SAS,43365.0,2025-12-31T00:00:00,00:00:00,2026-01-26T00:00:00,70061910e0a5d7b81f760dc08b52967763eb78b970e1c5fd2952f7d62106ba790d613c48c892e49b27dd5a307f2493b0,01,SS-CUFE     ,1,true,,,
1,119051765,FEPT530306,900021788,CLINICA DE LA AMAZONIA IPS LTDA.,901543761,EPS FAMILIAR DE COLOMBIA SAS,86205.0,2025-12-31T00:00:00,00:00:00,2026-01-26T00:00:00,d692baec0d8614e9b92fb8fdfbfe5db7d30054dbe8b6304704d46ec3f26b8b24624d5a86fd31ea3f98154e3c85235371,01,SS-CUFE     ,1,true,,,
1,119051777,FEPT530314,900021788,CLINICA DE LA AMAZONIA IPS LTDA.,901543761,EPS FAMILIAR DE COLOMBIA SAS,114975.0,2025-12-31T00:00:00,00:00:00,2026-02-13T00:00:00,bcb0be65dd90ba08192aa5fd98c0f104cfeeeeacf595ab12195a4ec70e437f09216ef7cdb9709b244316e93ebd09b196,01,SS-CUFE     ,3,true,,,
1,119051782,FEPT530315,900021788,CLINICA DE LA AMAZONIA IPS LTDA.,901543761,EPS FAMILIAR DE COLOMBIA SAS,229950.0,2025-12-31T00:00:00,00:00:00,2026-02-13T00:00:00,68284fd521a9c262b8da3e1f201f17a3f35fe28a753b4c966560cb99e600a7af077aa6ea4b173e25eaf2cc9242ecdc28,01,SS-CUFE     ,6,true,,,
1,119051790,FEPT530343,900021788,CLINICA DE LA AMAZONIA IPS LTDA.,901543761,EPS FAMILIAR DE COLOMBIA SAS,86205.0,2025-12-31T00:00:00,00:00:00,2026-01-26T00:00:00,a4a04070360c8f3fdf6e44c0d57d65ef82b347036bc677b8fa75456cce581cb92d47e37492de56a085adfa3caef543bb,01,SS-CUFE     ,1,true,,,
1,119051794,FEPT530353,900021788,CLINICA DE LA AMAZONIA IPS LTDA.,901543761,EPS FAMILIAR DE COLOMBIA SAS,184600.0,2025-12-31T00:00:00,00:00:00,2026-01-26T00:00:00,19701dda8b3d4d6166d34633ade5311ea0d3252a4dfe260e4e65761f0851f955c38fcd62ef53ebe3e4161c0f1ba669b3,01,SS-CUFE     ,3,true,,,
1,119051800,FEPT530428,900021788,CLINICA DE LA AMAZONIA IPS LTDA.,901543761,EPS FAMILIAR DE COLOMBIA SAS,400400.0,2025-12-31T00:00:00,00:00:00,2026-01-26T00:00:00,c2a53aca47067a0d5070c5f6833c1474b284844b2fb9ed6e82abce76e41f60ce65d03932bb2ea4291355e546597eef99,01,SS-CUFE     ,1,true,,,
1,119051803,FEPT530429,900021788,CLINICA DE LA AMAZONIA IPS LTDA.,901543761,EPS FAMILIAR DE COLOMBIA SAS,130000.0,2025-12-31T00:00:00,00:00:00,2026-01-26T00:00:00,0777e5a55fffaae60e33c5009b4d0ba256ff6446c0ffd0fe93ec40d3c511b53009af522a60d080ecf5779562a1a10efe,01,SS-CUFE     ,1,true,,,
1,119051811,FEPT530440,900021788,CLINICA DE LA AMAZONIA IPS LTDA.,901543761,EPS FAMILIAR DE COLOMBIA SAS,264800.0,2025-12-31T00:00:00,00:00:00,2026-01-26T00:00:00,9ad7795b31a54524f80837686a459dae560184e4a1dcfa2ff4126c60688ba33fd31a85dc2821d87720c69421ece4b13c,01,SS-CUFE     ,5,true,,,
1,119051817,FEPT530459,900021788,CLINICA DE LA AMAZONIA IPS LTDA.,901543761,EPS FAMILIAR DE COLOMBIA SAS,234400.0,2025-12-31T00:00:00,00:00:00,2026-01-26T00:00:00,fe65f970625ff4ad0f2ee3510635df8e19da23805b41fdfdb0980c84cc407ca1e6bec9a697f754140d3aea1a37ea2a0d,01,SS-CUFE     ,3,true,,,
1,119051822,FEPT530499,900021788,CLINICA DE LA AMAZONIA IPS LTDA.,901543761,EPS FAMILIAR DE COLOMBIA SAS,86205.0,2025-12-31T00:00:00,00:00:00,2026-01-26T00:00:00,a8c89a329efd1ce36ca08eb6fb4087aef4dec5f4317d756d1185e679ae2b093b56c20802abfca730a6b0d0c0e46e7dc0,01,SS-CUFE     ,1,true,,,
1,119051825,FEPT530574,900021788,CLINICA DE LA AMAZONIA IPS LTDA.,901543761,EPS FAMILIAR DE COLOMBIA SAS,201700.0,2025-12-31T00:00:00,00:00:00,2026-01-26T00:00:00,d1a1accb16eef7a853c5b04b5bfc52eba20148b70b855d51af1501a1b94e6b32a4ac250d4c89921c0fe73b2e7488bcf0,01,SS-CUFE     ,4,true,,,
1,119051834,FEPT530716,900021788,CLINICA DE LA AMAZONIA IPS LTDA.,901543761,EPS FAMILIAR DE COLOMBIA SAS,86205.0,2025-12-31T00:00:00,00:00:00,2026-01-26T00:00:00,b16055a4e659c772f7128e02d8d4a6ff958e0c4585e886406055b50dbad7a51493936cdb2a4ecd81703645f6a4e95705,01,SS-CUFE     ,1,true,,,
1,119051840,FEPT530718,900021788,CLINICA DE LA AMAZONIA IPS LTDA.,901543761,EPS FAMILIAR DE COLOMBIA SAS,140400.0,2025-12-31T00:00:00,00:00:00,2026-02-16T00:00:00,cd77e8efe733ae78e32180547a1a00b36aa3b566955e44385672e5e486df2adc3c3e8deaef2430ca413cbfb28bbbe511,01,SS-CUFE     ,4,true,,,
1,119051848,FEPT530725,900021788,CLINICA DE LA AMAZONIA IPS LTDA.,901543761,EPS FAMILIAR DE COLOMBIA SAS,86205.0,2025-12-31T00:00:00,00:00:00,2026-01-26T00:00:00,c46669ab0e233a0b5a706c32cb167b996857d920cf4ed4bec58508922349ff99d6ef8c5b626e6f4e8efdb235a0f87d43,01,SS-CUFE     ,1,true,,,
1,119051855,FEPT530929,900021788,CLINICA DE LA AMAZONIA IPS LTDA.,901543761,EPS FAMILIAR DE COLOMBIA SAS,86205.0,2025-12-31T00:00:00,00:00:00,2026-01-26T00:00:00,58d685957b318baef4aac9e6ad1fa3196d024a54b66e6b596228f6f814e47e215a039383a81b5a183978b8baddc468b4,01,SS-CUFE     ,1,true,,,
1,119051860,FEPT531070,900021788,CLINICA DE LA AMAZONIA IPS LTDA.,901543761,EPS FAMILIAR DE COLOMBIA SAS,43365.0,2025-12-31T00:00:00,00:00:00,2026-01-26T00:00:00,e30909cf2c695f2b5c74ae8147ac77527bae7ff4f1fafff59f24f4c26cc0b3b8f09ae9824f87b0509d7bd6e9dae7c93c,01,SS-CUFE     ,1,true,,,
1,119051864,FEPT531092,900021788,CLINICA DE LA AMAZONIA IPS LTDA.,901543761,EPS FAMILIAR DE COLOMBIA SAS,199300.0,2025-12-31T00:00:00,00:00:00,2026-01-26T00:00:00,3819c19a453edfdfd9a81fcf832a691faa7dcb8e0f26f1efcc81e5cf857e9264a1eab3ba55fe21acc2b85b9a17dae700,01,SS-CUFE     ,1,true,,,
1,119052455,INCA241564,823002227,INSTITUTO DE CANCEROLOGIA DE SUCRE S.A.S,901543761,EPS FAMILIAR DE COLOMBIA S.A.S,480000.0,2026-01-02T00:00:00,14:22:16,,bf7142d3fe8b8cfe5d3266d4834e17229f2b1789fac4c59d82b80846609d6c6ee135fdffb1736b661c0d4e1de6dd2f78,01,SS-CUFE     ,1,true,,,
1,119053807,INCA241550,823002227,INSTITUTO DE CANCEROLOGIA DE SUCRE S.A.S,901543761,EPS FAMILIAR DE COLOMBIA S.A.S,480000.0,2026-01-02T00:00:00,14:25:50,,934536bc4c98e3d79cfb4e63696dd536eebc79ccaf2bd4fe33eea33001c763bb80a19e2bf5b012060deb81bd17a1842d,01,SS-CUFE     ,1,true,,,
1,119054115,FE1038375,890982264,ESE Hospital San Juan de Dios,901543761,EPS FAMILIAR DE COLOMBIA S.A.S,63336.0,2025-12-29T00:00:00,16:24:28,2026-01-28T00:00:00,c1104a44273fbf93bf5dabadd1c6835dc87d96f822a99c9bfbd060c4afe8bac510e08a6dec133c666966d830fe7b5e51,01,SS-SinAporte,1,true,,,
1,119057992,INCA241549,823002227,INSTITUTO DE CANCEROLOGIA DE SUCRE S.A.S,901543761,EPS FAMILIAR DE COLOMBIA S.A.S,513800.0,2026-01-02T00:00:00,14:33:30,,c64102c3e17d35badafb678261f39bf8133d66d230d6da1098b49a3a72b08d4410cd3010adbbf1b7c76fcd6a57016b75,01,SS-CUFE     ,1,true,,,
1,119059609,FECH229714,901339938,CARE Y HEALTH SAS,901543761,EPS FAMILIAR DE COLOMBIA S.A.S,271038.0,2026-01-02T00:00:00,12:45:41,,9395d42607b6d45fcf3a17c3407ceceb127671fad2a73a5f640c114b94764d9b410f0567a88cd311a86dc9a4bfd4a47f,01,SS-CUFE     ,9,true,,,
1,119067044,FE1038782,890982264,ESE Hospital San Juan de Dios,901543761,EPS FAMILIAR DE COLOMBIA S.A.S,63336.0,2025-12-30T00:00:00,10:49:37,2026-01-29T00:00:00,f6ab16acce8aec3d7c02bba3167aacd84f872f089775a542e738341cb0258a763af791bfa390e5fb84bad938cf6cef72,01,SS-SinAporte,1,true,,,
1,119068920,CEFE43582,900611060,CENEMED QUILICHAO CENTRO DE ESPECIALISTAS SAS,901543761,EPS FAMILIAR DE COLOMBIA S.A.S.,50490.0,2026-01-02T00:00:00,14:11:56,,5d95c4c88fde39a785a9f6169201313268d90983ef7a018fecd92cc2d9eeeb5c0ffda25f9ad60b2a99ceba3ad06c76fa,01,SS-Recaudo  ,1,true,,,
1,119070086,FE1038905,890982264,ESE Hospital San Juan de Dios,901543761,EPS FAMILIAR DE COLOMBIA S.A.S,74256.0,2025-12-30T00:00:00,13:29:21,2026-01-29T00:00:00,f8271af6e79ef6ed6c4bcb49057c802499b3dc32b6810966bc514cf466e6c4177ee46875bd16c8007952be4adbbe15f4,01,SS-SinAporte,1,true,,,
1,119070243,INCA241558,823002227,INSTITUTO DE CANCEROLOGIA DE SUCRE S.A.S,901543761,EPS FAMILIAR DE COLOMBIA S.A.S,280000.0,2026-01-02T00:00:00,14:53:21,,97d64ee284c968bf31a6dd41f3ec658932f6fea1254cc83d313c7c8181869a4d327fc962621633716958976cf2db4842,01,SS-CUFE     ,1,true,,,
1,119070456,SN649212,900971006,SUBRED INTEGRADA DE SERVICIOS DE SALUD NORTE E.S.E.,901543761,EPS FAMILIAR DE COLOMBIA S.AS.,70000.0,2026-01-02T00:00:00,14:53:28,,92fd082f5c4b6374f5563cf029d6c284a3676d7abca661ee63b08149e29cf0977266c4e52ba7cc3e92c4f7aa94128090,01,SS-CUFE     ,1,true,,,
1,119070628,FE1038915,890982264,ESE Hospital San Juan de Dios,901543761,EPS FAMILIAR DE COLOMBIA S.A.S,408912.0,2025-12-30T00:00:00,13:49:26,2026-01-29T00:00:00,d7cbffc706afe80a818c63c957beb4e9694c9c663b8f3de8de63b2b09ac7e423b83c4eaa90e82c49e90b8ca8687723ac,01,SS-SinAporte,4,true,,,
1,119070702,FE1038928,890982264,ESE Hospital San Juan de Dios,901543761,EPS FAMILIAR DE COLOMBIA S.A.S,150108.0,2025-12-30T00:00:00,14:09:14,2026-01-29T00:00:00,4d04ef95ba2f208f4d1f04d813f7860aad962e4ba2fab24496608db5785e434661c3ab1948c3b2aab470fcd71d011c6a,01,SS-SinAporte,1,true,,,
1,119070747,FC737541,830510991,CLINICA ESPECIALIZADA LA CONCEPCION S.A.S.,901543761,EPS FAMILIAR DE COLOMBIA S.A.S.,423147.0,2026-01-02T00:00:00,14:54:32,,740ca5df714ed6c43c2239cb084b8b2f88f1509ec78bdf6800ecc72f1a37917d73d16828b6060f462c5ead7b8fa8584a,01,SS-CUFE     ,9,true,,,
1,119079504,FE574881,890400693,CLINICA BLAS DE LEZO S.A.S.,901543761,EPS FAMILIAR DE COLOMBIA SAS-EPS FAMILIAR DE COLOMBIA SAS CONTRIBUTIVO,31780.0,2026-01-02T00:00:00,14:46:15,2026-02-01T00:00:00,e228cf912869c2023550be77d391730965c0e3b4f863af44e5516bdaba13d928fab1c717bd58f976874a88bf76ff1d6c,01,SS-CUFE     ,4,true,,,
1,119079572,FE574888,890400693,CLINICA BLAS DE LEZO S.A.S.,901543761,EPS FAMILIAR DE COLOMBIA SAS-EPS FAMILIAR DE COLOMBIA SAS SUBSIDIADO,174880.0,2026-01-02T00:00:00,14:46:34,2026-02-01T00:00:00,acf2a12889509c6c0b9418a3c6ec73a346fa7868adfd1829e310c9cdc185a327a7e32f176bfdd7007914580a3d7db895,01,SS-CUFE     ,12,true,,,
1,119079576,FE574890,890400693,CLINICA BLAS DE LEZO S.A.S.,901543761,EPS FAMILIAR DE COLOMBIA SAS-EPS FAMILIAR DE COLOMBIA SAS SUBSIDIADO,54095.0,2026-01-02T00:00:00,14:46:36,2026-02-01T00:00:00,7a535af009be8126874ac8c7e48a754b8ca99dd0aa175bb52f1efbd107b08d8b4760357e63d676bf375ac70bde9b3b9c,01,SS-CUFE     ,3,true,,,
1,119080316,FE574894,890400693,CLINICA BLAS DE LEZO S.A.S.,901543761,EPS FAMILIAR DE COLOMBIA SAS-EPS FAMILIAR DE COLOMBIA SAS SUBSIDIADO,241504.0,2026-01-02T00:00:00,14:46:45,2026-02-01T00:00:00,a5abb042410e1e02f4cf1c7172fba7567b4c13a999a48591412453ced54123daeb9ec992672f05aa30219a4c50f0f024,01,SS-CUFE     ,11,true,,,
1,119081628,FVES549883,891200679,ESE HOSPITAL JOSE MARIA HERNANDEZ,901543761,EPS FAMILIAR DE COLOMBIA SAS,533245.0,2026-01-02T00:00:00,11:04:12,,7a49898e6b35687af37ab5a6e985c3bcf4cc52dc0b2cb8bc53c585effea5503b8168cf01c498e400a1af532b9c4fd110,01,SS-CUFE     ,17,true,,,
1,119081634,FVES549954,891200679,ESE HOSPITAL JOSE MARIA HERNANDEZ,901543761,EPS FAMILIAR DE COLOMBIA SAS,2057995.0,2026-01-02T00:00:00,15:11:45,,e925429a18671c39ce195b99c093c2c2ca9a598a3415b7176b40b6212fb1357a54fcea6bd3d70b2d2421891f6f355286,01,SS-CUFE     ,31,true,,,
1,119082228,FE574934,890400693,CLINICA BLAS DE LEZO S.A.S.,901543761,EPS FAMILIAR DE COLOMBIA SAS-EPS FAMILIAR DE COLOMBIA SAS SUBSIDIADO,40340.0,2026-01-02T00:00:00,14:48:01,2026-02-01T00:00:00,95c5acefdc4d729181315f2586a570572ae716d693423f2188ec09bc5626d5bfed32f83a7cc193d788a32a719f278e4b,01,SS-CUFE     ,7,true,,,
1,119082960,FE1039434,890982264,ESE Hospital San Juan de Dios,901543761,EPS FAMILIAR DE COLOMBIA S.A.S,8851668.0,2025-12-31T00:00:00,20:19:14,2026-01-30T00:00:00,15d219f4573c3ec3fca01b097c0a89f37d65087683dd0a3c6526b91ae83c5027207c197007c987bc3c7c779497b83d3f,01,SS-SinAporte,52,true,,,
1,119086782,FERO1042399,805027337,RED DE SALUD DEL ORIENTE EMPRESA SOCIAL DEL ESTADO,901543761,EPS FAMILIAR DE COLOMBIA SAS,16200.0,2025-12-05T00:00:00,16:06:00,,20d40d66b7800f3e4d44e3d13395a87e8cc698b8e84ec8e129ff50f9b8fdaa9a712b7ba26831d7f0f56616c0e7f32e4c,01,SS-CUFE     ,1,true,,,
1,119091463,3446799,891200952,Hospital Eduardo Santos E.S.E,901543761,EPS FAMILIAR DE COLOMBIA S.A.S.,272615.0,2025-12-17T00:00:00,12:20:43,2026-01-16T00:00:00,137b3ab57c758b9ab4e48a449379acfbdffcd2f2b1e566033dc7887fd6788fcaa72e7d618e5e734429d51e2a829c352a,01,SS-CUFE     ,9,true,,,
1,119106657,FE574952,890400693,CLINICA BLAS DE LEZO S.A.S.,901543761,EPS FAMILIAR DE COLOMBIA SAS-EPS FAMILIAR DE COLOMBIA SAS SUBSIDIADO,96059.0,2026-01-02T00:00:00,15:47:40,2026-02-01T00:00:00,a341eccbb8a3f5ce7f59360f2f98979682eb80cfd458e91043b0130f81ef3c71beb449590024ca9321a66733d68fc2d9,01,SS-CUFE     ,6,true,,,
1,119108026,RSS539537,800006850,EMPRESA SOCIAL DEL ESTADO REGION DE SALUD SOACHA,901543761,EPS FAMILIAR DE COLOMBIA SAS,661400.0,2026-01-02T00:00:00,16:11:04,,ae578f2b02c76fc47b5543b469e7f7a2303f3ed230f0c6569c9b32bed72d9c3b186989374b89db56c115cfffe87f6bc8,01,SS-CUFE     ,4,true,,,
1,119108706,FE574983,890400693,CLINICA BLAS DE LEZO S.A.S.,901543761,EPS FAMILIAR DE COLOMBIA SAS-EPS FAMILIAR DE COLOMBIA SAS SUBSIDIADO,21108.0,2026-01-02T00:00:00,15:48:29,2026-02-01T00:00:00,6b88e10b65928894ca56ebe986d1470449e1d5e5048987f79568b157399e969901c243ab0b58c5850509f93f50a600d3,01,SS-CUFE     ,3,true,,,
1,119113269,9529440,900958564,SUBRED INTEGRADA DE SERVICIOS DE SALUD SUR E.S.E.,901543761,EPS FAMILIAR DE COLOMBIA S.A.S.,4773770.0,2026-01-02T00:00:00,13:12:57,,e4ed5279a57bfc399b61c02b8666619a0e806089fe56d923f40265a09656efb629c8c8caaabebdfba5edd1984c1491c8,01,SS-CUFE     ,49,true,,,
1,119115857,FEU24931,900949604,POSMEDICA GROUP SAS,901543761,EPS FAMILIAR DE COLOMBIA S.A.S.,770000.0,2026-01-02T00:00:00,15:18:45,,693ca161968537672bd1042f1ea8a55b7ad44e33b3f6a392abf3cbc8bfdd9cbca93a96a4533acc7d53767b19600b07ea,01,SS-SinAporte,1,true,,,
1,119116187,FE11964,901515928,JM RADIOLOGIA DENTAL SAS,901543761,EPS Familiar de Colombia S.A.S.,25000.0,2026-01-02T00:00:00,10:42:00,,41ba506c9f33a755de46a8d64cc3147fd1c8b0482b7f7f611b5d10dcea7fcfd684965f1cb4c5fffc2018edac7f9a38bf,01,SS-SinAporte,1,true,,,
1,119116262,FE11959,901515928,JM RADIOLOGIA DENTAL SAS,901543761,EPS Familiar de Colombia S.A.S.,13000.0,2026-01-02T00:00:00,10:15:00,,d3a142321019697f9b588cd7ad305b84a27f00a42e4c40fc457f719355923794ea2b9939b4344fad89bb3aeb32e0e404,01,SS-SinAporte,1,true,,,
1,119116390,FE11957,901515928,JM RADIOLOGIA DENTAL SAS,901543761,EPS Familiar de Colombia S.A.S.,13000.0,2026-01-02T00:00:00,09:46:00,,48d7eb370c0ef411e3bd2e74123027593d0f02e9cc1a5243a1159069f6140f251819d403915d32461425455be4c42412,01,SS-SinAporte,1,true,,,
1,119116425,FE11954,901515928,JM RADIOLOGIA DENTAL SAS,901543761,EPS Familiar de Colombia S.A.S.,25000.0,2026-01-02T00:00:00,09:39:00,,39f59bd92da6fd9a9e30fe19cdae06e294b41cf69bda14955fef5d7e77fa1012a8c80c9cf6f375cfa52290ec71dd4d73,01,SS-SinAporte,1,true,,,
1,119116472,FE11952,901515928,JM RADIOLOGIA DENTAL SAS,901543761,EPS Familiar de Colombia S.A.S.,25000.0,2026-01-02T00:00:00,08:59:00,,250ea904100b5f85d3923c44b2ed6ef480725bc24aed52c9311b217ec12a02568adc7f676bb753c745b513b9b556fa67,01,SS-SinAporte,1,true,,,
1,119116506,FE11949,901515928,JM RADIOLOGIA DENTAL SAS,901543761,EPS Familiar de Colombia S.A.S.,25000.0,2026-01-02T00:00:00,08:52:00,,7bd820a00417d2fe69a70e8c55ccee729a622ceaf39f67fe32c8eb978db36fb0a59ba23afc30e541a60f39dab229ef58,01,SS-SinAporte,1,true,,,
1,119116515,FE11948,901515928,JM RADIOLOGIA DENTAL SAS,901543761,EPS Familiar de Colombia S.A.S.,25000.0,2026-01-02T00:00:00,08:51:00,,74d7ce3224f0610707bd135b3b594737e9b6ad5274ef27e0d0e6e0e788a6ecd71f4cf6b916a1d370b5ea5441224aba81,01,SS-SinAporte,1,true,,,
1,119116564,FE11947,901515928,JM RADIOLOGIA DENTAL SAS,901543761,EPS Familiar de Colombia S.A.S.,25000.0,2026-01-02T00:00:00,08:48:00,,2c11f1d5c0557f8d06d6a46c59138d6ab0f79f8ff9a484f1a55b67b1ceae8cd8580e9b46477d07f66e13cb12a38b01eb,01,SS-SinAporte,1,true,,,
1,119116633,FE11946,901515928,JM RADIOLOGIA DENTAL SAS,901543761,EPS Familiar de Colombia S.A.S.,25000.0,2026-01-02T00:00:00,08:45:00,,df88997723615b540c7a1fd05989fb89bca70ac8fb72797ac5d25d2e29ec792fc65e0ccbb692e57b4c14ed1245712d9e,01,SS-SinAporte,1,true,,,
1,119116669,FE11945,901515928,JM RADIOLOGIA DENTAL SAS,901543761,EPS Familiar de Colombia S.A.S.,25000.0,2026-01-02T00:00:00,08:33:00,,bcdd31003be06e2cdd8c024f8cd1e278e60c5c7b999bb12e773b1049f906a5bb5739e7187a9f28d8d4e4dcb1d9ff7ad8,01,SS-SinAporte,1,true,,,
1,119116700,FE11944,901515928,JM RADIOLOGIA DENTAL SAS,901543761,EPS Familiar de Colombia S.A.S.,25000.0,2026-01-02T00:00:00,08:30:00,,9209be1115e42bb8681381d399c187fd522c7594783bd3ebc7f44d71ff9aea51122effe6de1e69e328552761b2973e9a,01,SS-SinAporte,1,true,,,
1,119116728,FE11943,901515928,JM RADIOLOGIA DENTAL SAS,901543761,EPS Familiar de Colombia S.A.S.,25000.0,2026-01-02T00:00:00,08:28:00,,602069da54468a1f59bccc36d74fc926f1cd4cfb7b3ef731c332fa27c2d4cc79b9e308cd186a8350950bee345b17787e,01,SS-SinAporte,1,true,,,
1,119116751,FE11942,901515928,JM RADIOLOGIA DENTAL SAS,901543761,EPS Familiar de Colombia S.A.S.,25000.0,2026-01-02T00:00:00,08:25:00,,821ababca97507642c51e39791d3308f34d940f7499ccfede2647f637ecd13c81026041bfb59f63f6df350794e3bac8f,01,SS-SinAporte,1,true,,,
1,119116969,FE11939,901515928,JM RADIOLOGIA DENTAL SAS,901543761,EPS Familiar de Colombia S.A.S.,25000.0,2026-01-02T00:00:00,08:20:00,,826834546054c911c52daf7d6ea80566d0c5f1d7ab83732fccd800657f93f36625adb661f26751bf46e25fd476c20459,01,SS-SinAporte,1,true,,,
1,119116979,FEU24932,900949604,POSMEDICA GROUP SAS,901543761,EPS FAMILIAR DE COLOMBIA S.A.S.,770000.0,2026-01-02T00:00:00,15:21:33,,66a48706758bb5d2a5f4abab9bb3dc7bb8a42a3c67ee633ae8f4106330ce5a6df7b8b3ed52c488fa89d4a64434c6d541,01,SS-SinAporte,1,true,,,
1,119117020,FE11938,901515928,JM RADIOLOGIA DENTAL SAS,901543761,EPS Familiar de Colombia S.A.S.,25000.0,2026-01-02T00:00:00,08:13:00,,1ad7993c0f673618a5088fcd8b21c835bfb2543d92d3298c083c2d825c5ba6bea5d53f09756772a253a385699973ef74,01,SS-SinAporte,1,true,,,
1,119117039,INCA241383,823002227,INSTITUTO DE CANCEROLOGIA DE SUCRE S.A.S,901543761,EPS FAMILIAR DE COLOMBIA S.A.S,1210984.0,2026-01-02T00:00:00,16:32:59,,86ae0fa9bf8efb44f6c214500fc39712b4013378a5f63793f8af1ffa269ebbf5310615a96b5c4f932e38156eb9591137,01,SS-CUFE     ,1,true,,,
1,119117211,FEU24933,900949604,POSMEDICA GROUP SAS,901543761,EPS FAMILIAR DE COLOMBIA S.A.S.,770000.0,2026-01-02T00:00:00,15:25:55,,9c28e0383865d3facd7fc6839371ac5edf46ba84d5b46b668bf647eaf182fe08af2b2a36b8919237e0c82a25e8a58c33,01,SS-SinAporte,1,true,,,
1,119117351,FEU24934,900949604,POSMEDICA GROUP SAS,901543761,EPS FAMILIAR DE COLOMBIA S.A.S.,770000.0,2026-01-02T00:00:00,15:28:32,,82564089bb40b79f6411395c6c66baeced9525d71f99d7d11942086395c7422fe9c4d995ebc28ad87a147f7a882d25fa,01,SS-SinAporte,1,true,,,
1,119117490,FEU24935,900949604,POSMEDICA GROUP SAS,901543761,EPS FAMILIAR DE COLOMBIA S.A.S.,770000.0,2026-01-02T00:00:00,15:33:41,,898135b117dbe59bd89d3d792903ea2a38f45181efa762cfd97d017ae636147f2b9c0092e7f2354d4fe392ddd3872bd3,01,SS-SinAporte,1,true,,,
1,119117677,FEU24936,900949604,POSMEDICA GROUP SAS,901543761,EPS FAMILIAR DE COLOMBIA S.A.S.,770000.0,2026-01-02T00:00:00,15:36:19,,38ade04114ba5ef84a5051b10fba25767eada29177cb670db74ac7884fef442b47b10a5d19d8f464b2e95583a1a39afc,01,SS-SinAporte,1,true,,,
1,119117788,INCA241384,823002227,INSTITUTO DE CANCEROLOGIA DE SUCRE S.A.S,901543761,EPS FAMILIAR DE COLOMBIA S.A.S,900000.0,2026-01-02T00:00:00,16:33:42,,8f264167c892edc54171bcca05a6e48c035d0d58bcca74c593f272ef8cd7297bdaeb0eb1452f7afe45d3d8029031108b,01,SS-CUFE     ,1,true,,,
1,119118012,FEU24938,900949604,POSMEDICA GROUP SAS,901543761,EPS FAMILIAR DE COLOMBIA S.A.S.,770000.0,2026-01-02T00:00:00,15:40:54,,849afb0f19ea999b5780ea2b1a96f55d4703f61f69b4d1b004d9085bf43df4f58088f4797901623a5c385a90f6334f39,01,SS-SinAporte,1,true,,,
1,119118127,INCA241389,823002227,INSTITUTO DE CANCEROLOGIA DE SUCRE S.A.S,901543761,EPS FAMILIAR DE COLOMBIA S.A.S,480000.0,2026-01-02T00:00:00,16:35:46,,a3177f8a4e71313cdd6b262b0143e2762b9963aac8ed6ba9949c9376efdf619bf2eb3e224674dcd87cfa608a9e9d1c40,01,SS-CUFE     ,1,true,,,
1,119118151,FEU24939,900949604,POSMEDICA GROUP SAS,901543761,EPS FAMILIAR DE COLOMBIA S.A.S.,770000.0,2026-01-02T00:00:00,15:45:07,,a50515d5d215407b70d22b7457e6f5119ba4068981d1c1804da5f69313e52ce234852a9f7cbdbd573883825b4257a928,01,SS-SinAporte,1,true,,,
1,119118496,INCA241748,823002227,INSTITUTO DE CANCEROLOGIA DE SUCRE S.A.S,901543761,EPS FAMILIAR DE COLOMBIA S.A.S,400000.0,2026-01-02T00:00:00,16:36:31,,109ae24d328b31561565734149b4f32a1cac14f06ca98589203de7875b30dbdafe19e45985b8cb866796a984444b396f,01,SS-CUFE     ,1,true,,,
1,119118874,FEU24941,900949604,POSMEDICA GROUP SAS,901543761,EPS FAMILIAR DE COLOMBIA S.A.S.,4500000.0,2026-01-02T00:00:00,16:23:44,,7569d049f857d3d950c633ef085585f3a570a8dde80c36307f7a4102f6d6b4895335796b5aa8a8b982419f5cd41f1315,01,SS-SinAporte,1,true,,,
1,119119090,INCA241750,823002227,INSTITUTO DE CANCEROLOGIA DE SUCRE S.A.S,901543761,EPS FAMILIAR DE COLOMBIA S.A.S,480000.0,2026-01-02T00:00:00,16:37:17,,edfdbac33af27195092dd03d1a33d37089666ce072dff1fc239aac475cb7a357dd865ba8e13982605f98ba2310d202e3,01,SS-CUFE     ,1,true,,,
1,119119162,FEU24942,900949604,POSMEDICA GROUP SAS,901543761,EPS FAMILIAR DE COLOMBIA S.A.S.,400000.0,2026-01-02T00:00:00,16:28:35,,2ef44b47cea7d4193ce64ef7ba27a74d244446514f893c2cf759d77b91fdfaee26beb8344b5e8a952d45c67576cc6498,01,SS-SinAporte,1,true,,,
1,119119369,INCA241752,823002227,INSTITUTO DE CANCEROLOGIA DE SUCRE S.A.S,901543761,EPS FAMILIAR DE COLOMBIA S.A.S,540000.0,2026-01-02T00:00:00,16:38:39,,029e4598149f35736cca906babd8f74581aa3ba1e4684dd15f68ae6d6f7c7ff52e1280bf7c4eed315b3ab88a2df791e5,01,SS-CUFE     ,1,true,,,
1,119119778,INCA242147,823002227,INSTITUTO DE CANCEROLOGIA DE SUCRE S.A.S,901543761,EPS FAMILIAR DE COLOMBIA S.A.S,480000.0,2026-01-02T00:00:00,16:39:23,,95e670c1362e2a4fdfa33d472cb09212a0caa35ca90c6aaff5f5211b60988291965f41dccb83e8cee9e8e6521e9cc407,01,SS-CUFE     ,1,true,,,
1,119120026,INCA242146,823002227,INSTITUTO DE CANCEROLOGIA DE SUCRE S.A.S,901543761,EPS FAMILIAR DE COLOMBIA S.A.S,400000.0,2026-01-02T00:00:00,16:40:08,,2fccace7f00fdeba2b307efad808f7073645e848c0aa8fd7e5215b0f2b59357e4126bbca1cc1a7bc62e7a5b08abc91b4,01,SS-CUFE     ,1,true,,,
1,119120360,INCA242143,823002227,INSTITUTO DE CANCEROLOGIA DE SUCRE S.A.S,901543761,EPS FAMILIAR DE COLOMBIA S.A.S,400000.0,2026-01-02T00:00:00,16:40:53,,86372a843a13c2edb69afad6006fe7067c0a4ccb4726cb4e6ef13c5e050a729d003feed3be5e44000462bfa868dc4899,01,SS-CUFE     ,1,true,,,
1,119120651,INCA242139,823002227,INSTITUTO DE CANCEROLOGIA DE SUCRE S.A.S,901543761,EPS FAMILIAR DE COLOMBIA S.A.S,87878.0,2026-01-02T00:00:00,16:41:39,,91be1d04b509774127210058571cb76013ebe0444eceb7fa2f169b0af03dc957f27e03f89f4b17393b5c330d0386c266,01,SS-CUFE     ,1,true,,,
1,119120878,INCA242142,823002227,INSTITUTO DE CANCEROLOGIA DE SUCRE S.A.S,901543761,EPS FAMILIAR DE COLOMBIA S.A.S,540000.0,2026-01-02T00:00:00,16:42:35,,1af461ca08d040c7b9d793dd8be0a759f60fe78430200dffd90a24caa1679245c38168ef0fa38885c892c09d41db5608,01,SS-CUFE     ,1,true,,,
1,119121085,INCA240976,823002227,INSTITUTO DE CANCEROLOGIA DE SUCRE S.A.S,901543761,EPS FAMILIAR DE COLOMBIA S.A.S,5821089.0,2026-01-02T00:00:00,16:43:20,,bc8f217e018e03f31037676029b226cecb2814d850e510c78365fc99d1146128108fac1eb3ac7838c9f3b4c69732c75a,01,SS-CUFE     ,22,true,,,
1,119121452,INCA240934,823002227,INSTITUTO DE CANCEROLOGIA DE SUCRE S.A.S,901543761,EPS FAMILIAR DE COLOMBIA S.A.S,9024836.0,2026-01-02T00:00:00,16:44:11,,7bebce63ec13d47778e23c96857e0d66242ee48073271f0fade0f80a40ebc0c9585725158212fc9b1a4a0c3d07810bdf,01,SS-CUFE     ,23,true,,,
1,119121914,INCA240544,823002227,INSTITUTO DE CANCEROLOGIA DE SUCRE S.A.S,901543761,EPS FAMILIAR DE COLOMBIA S.A.S,7203977.0,2026-01-02T00:00:00,16:45:23,,82c3bfdc78072f7f270d24b287d409d4ab2d3c58979a1b5c9df9b62ddd64ceb3bdffb590adff7d34434dad6c16177170,01,SS-CUFE     ,19,true,,,
1,119125396,EHIN1563150,890480135,FUNDACION HOSPITAL INFANTIL NAPOLEON FRANCO PAREJA,901543761,EPS FAMILIAR DE COLOMBIA S.A.S.,451448.0,2026-01-02T00:00:00,14:03:21,,336334a569922d44a209957564e5310ab00f0ede651429eeab13c14079ecf7e9a129236e3e0f1c0bb37058699c88afa0,01,SS-CUFE     ,13,true,,,
1,119134735,EV553872,892115010,EMPRESA SOCIAL DEL ESTADO HOSPITAL SAN RAFAEL NIVEL II,901543761,EPS FAMILIAR DE COLOMBIA S.A.S.,3809634.0,2026-01-02T00:00:00,17:07:12,2026-02-01T00:00:00,801372970c7377dd3a0276e36d7a1a8e1a0d12c6cdab96560fdfa4b3163e2906bfab469067f0ba269f047b5db605837c,01,SS-CUFE     ,14,true,,,
1,119142541,9529549,900958564,SUBRED INTEGRADA DE SERVICIOS DE SALUD SUR E.S.E.,901543761,EPS FAMILIAR DE COLOMBIA S.A.S.,668500.0,2026-01-02T00:00:00,17:59:43,,bfc6c6b5a5e91994e2bd85e80d5d5d568861e46ae2932742011eda3de368873e4c721c99d429eb75e53b5a6a6cea1026,01,SS-CUFE     ,5,true,,,
1,119142859,FE836017,891500084,HOSPITAL FRANCISCO DE PAULA SANTANDER EMPRESA SOCIAL DEL ESTADO,901543761,EPS FAMILIAR DE COLOMBIAS S.A.S.,66592.0,2026-01-02T00:00:00,15:31:00,,74bc0a995afb8ddd48671674ad5611f3552d5fad4f2fc06de4945077501091bec3c917c1c9869fcb21aecda193de0752,01,SS-CUFE     ,2,true,,,
1,119169316,INCA242680,823002227,INSTITUTO DE CANCEROLOGIA DE SUCRE S.A.S,901543761,EPS FAMILIAR DE COLOMBIA S.A.S,85500.0,2026-01-02T00:00:00,19:37:46,,c22695e32167eaf4f92f1b937bd26e03812284623097e6472425c0b9fb6d3775940c2509bb686c908b0e8f35f9230d46,01,SS-CUFE     ,1,true,,,
1,119171905,INCA242681,823002227,INSTITUTO DE CANCEROLOGIA DE SUCRE S.A.S,901543761,EPS FAMILIAR DE COLOMBIA S.A.S,85500.0,2026-01-02T00:00:00,19:43:20,,3c5b194ab74e284badd241b9317903172f5c4e5dd654c859c278539341cb0092705029f6e5e4125f21e4860327872388,01,SS-CUFE     ,1,true,,,
1,119173671,FUMI20573,900124689,FUNDACION SOMA,901543761,EPS FAMILIAR DE COLOMBIA S.A.S,178700.0,2025-12-29T00:00:00,22:23:27,2026-01-28T00:00:00,7e8b27124715892bfa54d2b96b1293eef61afc8b6463f1a6b07e15b5fc2c6ec156e26eee361f3d8d478997e2375bcd6f,01,SS-SinAporte,1,true,,,
1,119174504,INCA242684,823002227,INSTITUTO DE CANCEROLOGIA DE SUCRE S.A.S,901543761,EPS FAMILIAR DE COLOMBIA S.A.S,85500.0,2026-01-02T00:00:00,19:48:12,,34b6ea5901c58627f6020d6f43ff25392169644527363bffb3d669dd19155b2a9b223bc90363715535ea2e8c50d3d47e,01,SS-CUFE     ,1,true,,,
1,119183150,FE575083,890400693,CLINICA BLAS DE LEZO S.A.S.,901543761,EPS FAMILIAR DE COLOMBIA SAS-EPS FAMILIAR DE COLOMBIA SAS CONTRIBUTIVO,21667.0,2026-01-02T00:00:00,19:45:50,2026-02-01T00:00:00,aef3f9f348ff2ce5523546d6cb25f0fbcf7d9f919b5b1b58bd9bd9593915c9656caf2dec04b196459c692d970012a20e,01,SS-CUFE     ,2,true,,,
1,119183155,FE575084,890400693,CLINICA BLAS DE LEZO S.A.S.,901543761,EPS FAMILIAR DE COLOMBIA SAS-EPS FAMILIAR DE COLOMBIA SAS SUBSIDIADO,54095.0,2026-01-02T00:00:00,19:45:53,2026-02-01T00:00:00,a265472e9ada58a2a7c28dc6cc45fa53552f22723d77dffb469940b5f08d268e01974989fa79bec86cf1cd663cbbccc4,01,SS-CUFE     ,3,true,,,
1,119191306,INCA242705,823002227,INSTITUTO DE CANCEROLOGIA DE SUCRE S.A.S,901543761,EPS FAMILIAR DE COLOMBIA S.A.S,85500.0,2026-01-02T00:00:00,20:47:25,,d2b50d2ca619e311b42c886a67e46b244b26a50b19f5f0e5492fad16ee3884e7750fd7216e2ffa348ca844999c08be1f,01,SS-CUFE     ,1,true,,,
1,119193405,INCA242708,823002227,INSTITUTO DE CANCEROLOGIA DE SUCRE S.A.S,901543761,EPS FAMILIAR DE COLOMBIA S.A.S,120000.0,2026-01-02T00:00:00,20:57:03,,afb186a1c3f5b6dd64b2113843c351e3c6145fe9d8e5a609f1b481bf4d0ea1d17101d1189709e124aa11dad3193519d2,01,SS-CUFE     ,1,true,,,
1,119221470,FE575141,890400693,CLINICA BLAS DE LEZO S.A.S.,901543761,EPS FAMILIAR DE COLOMBIA SAS-EPS FAMILIAR DE COLOMBIA SAS SUBSIDIADO,48347.0,2026-01-02T00:00:00,22:46:11,2026-02-01T00:00:00,32575d24c238c3d16d7d7ad6d239f8ea5125d79a192f2e1505f165c8986e507263e3be38247e2079f3b6bbe71bee4bff,01,SS-CUFE     ,4,true,,,
1,119221585,FE575145,890400693,CLINICA BLAS DE LEZO S.A.S.,901543761,EPS FAMILIAR DE COLOMBIA SAS-EPS FAMILIAR DE COLOMBIA SAS SUBSIDIADO,153218.0,2026-01-02T00:00:00,22:46:19,2026-02-01T00:00:00,c8e35da2406064cbd1e6cab8f02a0335f9734f592acefa24ac17fed33f58afdc120de9664fb6ebc5e935c4248a1aa141,01,SS-CUFE     ,4,true,,,
1,119244193,FE836040,891500084,HOSPITAL FRANCISCO DE PAULA SANTANDER EMPRESA SOCIAL DEL ESTADO,901543761,EPS FAMILIAR DE COLOMBIAS S.A.S.,841363.0,2026-01-02T00:00:00,18:30:00,,1cfb01706888df193512fe1e6d58df20454fe762207b924a70071b195731049c8835e385f59c0fa78203f0016db01c8e,01,SS-CUFE     ,7,true,,,
1,119266172,FE836061,891500084,HOSPITAL FRANCISCO DE PAULA SANTANDER EMPRESA SOCIAL DEL ESTADO,901543761,EPS FAMILIAR DE COLOMBIAS S.A.S.,274338.0,2026-01-03T00:00:00,00:04:00,,9ac4b69031c93335a702405618b6a82e9465443fb0ed0b6e2129bfc96c59e400e64bf6400f825bd912fdacf43221335c,01,SS-CUFE     ,3,true,,,
1,119311154,NHRZ1027786,899999032,E.S.E. HOSPITAL UNIVERSITARIO DE LA SAMARITANA,901543761,EPS FAMILIAR DE COLOMBIA S.A.S.,448500.0,2026-01-03T00:00:00,03:29:28,,3eab4d8b5d0ff615fbbea934a6d38eb445cc2349475f90d1648acd1893843c0169becf36da653bb48eee353ca9b468b4,01,SS-CUFE     ,4,true,,,
1,119363478,FE575162,890400693,CLINICA BLAS DE LEZO S.A.S.,901543761,EPS FAMILIAR DE COLOMBIA SAS-EPS FAMILIAR DE COLOMBIA SAS SUBSIDIADO,147862.0,2026-01-03T00:00:00,07:45:08,2026-02-02T00:00:00,9225f611c9d50b37cd870c746587e9121ea71ecf3478e02b9f82ed61011eb78964ae046621e8bf0f845945322bf575c0,01,SS-CUFE     ,5,true,,,
1,119363517,FE575169,890400693,CLINICA BLAS DE LEZO S.A.S.,901543761,EPS FAMILIAR DE COLOMBIA SAS-EPS FAMILIAR DE COLOMBIA SAS SUBSIDIADO,37006.0,2026-01-03T00:00:00,07:45:22,2026-02-02T00:00:00,0f5d284956a827d76937f30744536cdd17a7face527445b872276016af92ae2c3806da1ae15f3afd4ce29a2a0752ebea,01,SS-CUFE     ,2,true,,,
1,119363525,FE575170,890400693,CLINICA BLAS DE LEZO S.A.S.,901543761,EPS FAMILIAR DE COLOMBIA SAS-EPS FAMILIAR DE COLOMBIA SAS CONTRIBUTIVO,17644.0,2026-01-03T00:00:00,07:45:23,2026-02-02T00:00:00,6a14f97d0fa6096184aedccfaf7085250fac79af8c25d31e75bd21c0e8fb9cee04a4f76296ed16d276273b22026fc017,01,SS-CUFE     ,1,true,,,
1,119363532,FE575171,890400693,CLINICA BLAS DE LEZO S.A.S.,901543761,EPS FAMILIAR DE COLOMBIA SAS-EPS FAMILIAR DE COLOMBIA SAS SUBSIDIADO,212822.0,2026-01-03T00:00:00,07:45:25,2026-02-02T00:00:00,1ed92ad57cc6f06f05a8aef36edfe00d978f93ac7f7a251896bb6d61c5244430e003184743179ede50145dfa2c6724fa,01,SS-CUFE     ,17,true,,,
1,119376465,FONC292773,812007194,ONCOMEDICA S.A.S.,901543761,EPS FAMILIAR DE COLOMBIA S.A.S,144785.0,2026-01-03T00:00:00,00:00:00,,a1f9ab2c754dc1db8918d38e9579d3afe8b2a8c302b6285fb949dc30e45d494183cdfc5138bf8a30f187201c054ec174,01,SS-CUFE     ,1,true,,,
1,119377171,FE434377,807004352,EMPRESA SOCIAL DEL ESTADO IMSALUD,901543761,EPS FAMILIAR DE COLOMBIA S.A.S,187758.0,2026-01-02T00:00:00,22:37:38,2026-01-02T00:00:00,f4aa8b00a987b7e321e9e07d11de58f0649234fa091dfefe6511410252feddb4f19d43881d7023af4173098bef60607c,01,SS-CUFE     ,12,true,,,
1,119377189,FE434378,807004352,EMPRESA SOCIAL DEL ESTADO IMSALUD,901543761,EPS FAMILIAR DE COLOMBIA S.A.S,96738.0,2026-01-02T00:00:00,14:05:47,2026-01-02T00:00:00,478213932b3a9511507f6432be34b1f11eee113991761dae8f9c356bba6613bb31c1c0077525fa5cd536303d0e0bfbc6,01,SS-CUFE     ,7,true,,,
1,119377198,FE434379,807004352,EMPRESA SOCIAL DEL ESTADO IMSALUD,901543761,EPS FAMILIAR DE COLOMBIA S.A.S,158972.0,2026-01-02T00:00:00,07:52:12,2026-01-02T00:00:00,39564382671f1e76137b05cc517f7208cd47412c6235e7a3f7b9b4b60ecc07a408e01bb7e61781c735296fc69ebe1198,01,SS-CUFE     ,8,true,,,
1,119377206,FE434380,807004352,EMPRESA SOCIAL DEL ESTADO IMSALUD,901543761,EPS FAMILIAR DE COLOMBIA S.A.S,52100.0,2026-01-02T00:00:00,08:29:32,2026-01-02T00:00:00,b463ddc2939120b668b4a2c82a7624ce4b0c38e6624d631922aadb955c33a84f450e92ced7154d602f49e938cff7518d,01,SS-CUFE     ,1,true,,,
1,119377211,FE434419,807004352,EMPRESA SOCIAL DEL ESTADO IMSALUD,901543761,EPS FAMILIAR DE COLOMBIA S.A.S,191935.0,2026-01-02T00:00:00,01:47:43,2026-01-02T00:00:00,7405e3bac4d3c41b48297398c0205ef4d54121453109030e6cd270587ef40c63671a48171f2641a9f234714ebbf93bec,01,SS-CUFE     ,4,true,,,
1,119377223,FE434420,807004352,EMPRESA SOCIAL DEL ESTADO IMSALUD,901543761,EPS FAMILIAR DE COLOMBIA S.A.S,85800.0,2026-01-02T00:00:00,07:48:47,2026-01-02T00:00:00,9dbc7a04f24a74df9222f2ed4e33b83783a7424a245319ccf68569be2db54691367a03344e946c576279daff82ea82b1,01,SS-CUFE     ,1,true,,,
1,119377238,FE434431,807004352,EMPRESA SOCIAL DEL ESTADO IMSALUD,901543761,EPS FAMILIAR DE COLOMBIA S.A.S,238730.0,2026-01-02T00:00:00,13:16:37,2026-01-02T00:00:00,924447d4e01cc0b0fb4a15b79c01e2da8485f6aa651347f05694d0b53d17f40107de88c247298473531a15f8c66d6d4b,01,SS-CUFE     ,14,true,,,
1,119377273,FE434435,807004352,EMPRESA SOCIAL DEL ESTADO IMSALUD,901543761,EPS FAMILIAR DE COLOMBIA S.A.S,146229.0,2026-01-02T00:00:00,16:59:18,2026-01-02T00:00:00,9e823f9a21252919166a6ed891b9e935d7e46f4b203740f4ca25ebb96bb0a4749a97384f144674efd0fd38db96d93e83,01,SS-CUFE     ,11,true,,,
1,119377275,FE434478,807004352,EMPRESA SOCIAL DEL ESTADO IMSALUD,901543761,EPS FAMILIAR DE COLOMBIA S.A.S,106610.0,2026-01-02T00:00:00,10:15:04,2026-01-02T00:00:00,a6547b31bf6fe85c904ab8df74074c259d506c82b050ca9bac1e71fd32551a711c8f1cafecc50c2d46ac56dea5b31487,01,SS-CUFE     ,9,true,,,
1,119377278,FE434479,807004352,EMPRESA SOCIAL DEL ESTADO IMSALUD,901543761,EPS FAMILIAR DE COLOMBIA S.A.S,263303.0,2026-01-02T00:00:00,08:14:24,2026-01-02T00:00:00,c5d574a4e288b1196b8a3ba6b53aede108ee9b17e9d0054208443af6961680f746df63fd6b2ee599748a8e9ceaa4ce3d,01,SS-CUFE     ,12,true,,,
1,119387717,HRPL374161,892399994,ESE HOSPITAL ROSARIO PUMAREJO DE LOPEZ,901543761,EPS FAMILIAR DE COLOMBIA S.A.S.,2873380.0,2026-01-03T00:00:00,09:18:59,,414046b6bc7f3c3d4576b9d5ea2ae352470eafa07e83719a1b0f68f17660caa884c973276a2ebfc87e2cfafb199d6b17,01,SS-CUFE     ,80,true,,,
1,119390040,EHIN1563201,890480135,FUNDACION HOSPITAL INFANTIL NAPOLEON FRANCO PAREJA,901543761,EPS FAMILIAR DE COLOMBIA S.A.S.,98400.0,2026-01-02T00:00:00,15:24:55,,0748d4bbc27ee55e556d668c20d64f5052bc587434d1bc5a7c52aca7c238fc305ba4c43a3f7bf8e5bbcbfae532f85b1b,01,SS-CUFE     ,1,true,,,
1,119396421,FE2C198576,900055393,CENTRO DE IMAGENES DIAGNOSTICAS TERCER MILENIO S.A.S,901543761,EPS FAMILIAR DE COLOMBIA S.A.S. SBS,3035515.0,2026-01-03T00:00:00,09:42:00,2026-02-02T00:00:00,fefad28c1dab7990336b53072ff6fdeffed1a48d8a4cfbf091a47843b1a1d53fc6158060be123f4d0ab65e59bd708711,01,SS-SinAporte,9,true,,,
1,119403242,FVCR1758905,812005644,CLINICA REGIONAL DEL SAN JORGE I.P.S. S.A.,901543761,EPS FAMILIAR DE COLOMBIA S.A.S.,228113.0,2026-01-02T00:00:00,11:16:05,2026-01-02T00:00:00,81145248a74725332c762dc7532ab07428cc4b1cd518c1d54dad34143efca427611e08314979f8777a1821af0f3198d2,01,SS-SinAporte,8,true,,,
1,119403832,INCA242733,823002227,INSTITUTO DE CANCEROLOGIA DE SUCRE S.A.S,901543761,EPS FAMILIAR DE COLOMBIA S.A.S,85500.0,2026-01-03T00:00:00,09:57:00,,ce6afedce9ea3753946049c5c5ed2ae4dabd17d5a5e92ad6eba0806de0d8fefbfae223b1fdb3fee87c1f3d82b4a20a90,01,SS-CUFE     ,1,true,,,
1,119403854,FVCR1758909,812005644,CLINICA REGIONAL DEL SAN JORGE I.P.S. S.A.,901543761,EPS FAMILIAR DE COLOMBIA S.A.S.,379442.0,2026-01-02T00:00:00,11:16:08,2026-01-02T00:00:00,e02a691ca57432ed4bcd3b96c39bf72cd6eb170e9697e3a7010bf7ea83243f0754379ec81d7b9414a552e30743575be6,01,SS-SinAporte,11,true,,,
1,119404411,FVCR1758904,812005644,CLINICA REGIONAL DEL SAN JORGE I.P.S. S.A.,901543761,EPS FAMILIAR DE COLOMBIA S.A.S.,235665.0,2026-01-02T00:00:00,11:16:00,2026-01-02T00:00:00,820dceca101026ef195b71eda3cf6bce1218a074ffae9828aa6d03e021e59e617cca30820bd034e82765b58deff234f5,01,SS-SinAporte,12,true,,,
1,119406653,FE575195,890400693,CLINICA BLAS DE LEZO S.A.S.,901543761,EPS FAMILIAR DE COLOMBIA SAS-EPS FAMILIAR DE COLOMBIA SAS CONTRIBUTIVO,117455.0,2026-01-03T00:00:00,09:46:57,2026-02-02T00:00:00,eae6eda0a5db6cae84bb66458593b59f566c7ab922fb25943b6024153f89254387bd89521faec2e36102e18c492b314d,01,SS-CUFE     ,9,true,,,
1,119409678,HSAJ271093,892120115,ESE HOSPITAL SAN JOSE DE MAICAO,901543761,EPS FAMILIAR DE COLOMBIA S.A.S.,815370.0,2026-01-02T00:00:00,00:00:00,,34edfc48ae117e44243d8329356686d66457bf4c0e770e94fd8e02af4d7623e035d466aa05f02699727d2f1ebc800df8,01,SS-CUFE     ,17,true,,,
1,119411591,HSAJ271148,892120115,ESE HOSPITAL SAN JOSE DE MAICAO,901543761,EPS FAMILIAR DE COLOMBIA S.A.S.,8319710.0,2026-01-02T00:00:00,00:00:00,,510e6250aa46f2acc1d3eb785bc11ac3e01a8f4b28477a1fde253aac14a3f18135ea717a5f6fd29754f9625f2502963d,01,SS-CUFE     ,120,true,,,
1,119419594,INCA242754,823002227,INSTITUTO DE CANCEROLOGIA DE SUCRE S.A.S,901543761,EPS FAMILIAR DE COLOMBIA S.A.S,140000.0,2026-01-03T00:00:00,10:35:36,,ce03dda0f647f3bd8bbf9c1fb1ca939304370957fdeb62761223b91083146b4bf66d4a05a6b6c9ce4cea92db3b908096,01,SS-CUFE     ,1,true,,,
1,119420479,CMC93395,824001041,CLINICA MEDICOS S.A.,901543761,EPS FAMILIAR DE COLOMBIA S.A.S,1732002.0,2026-01-03T00:00:00,10:38:18,,3bb14f062dfe102ea31a6a2a92ea3f3b9cab2bb40adbe08a016e17e8ebb1fb20ba467efef381537e60577d6f77b10143,01,SS-CUFE     ,17,true,,,
1,119421754,CPS19729,802019573,CLINICA PORVENIR S.A.S.,901543761,EPS FAMILIAR DE COLOMBIA S.A.S  .,144350.0,2026-01-03T00:00:00,10:40:59,,0213949bac646d691b85f4756b8162cb3a46bf286e187ef3beb9ad02080325334882d388958733b991b2d2c5741742fe,01,SS-CUFE     ,7,true,,,
1,119424326,INCA242757,823002227,INSTITUTO DE CANCEROLOGIA DE SUCRE S.A.S,901543761,EPS FAMILIAR DE COLOMBIA S.A.S,123500.0,2026-01-03T00:00:00,10:48:39,,a9f9bc21718602264d1a6b8b77c3d8cb988720bd7b071eadb9041bc5ae1ba0954f7d5dfa1923fb1e4aa07ed39e22e3cc,01,SS-CUFE     ,1,true,,,
1,119425464,INCA242758,823002227,INSTITUTO DE CANCEROLOGIA DE SUCRE S.A.S,901543761,EPS FAMILIAR DE COLOMBIA S.A.S,123500.0,2026-01-03T00:00:00,10:50:58,,e2e604e5800c968cdd3f32eedab46763b02b3901e5502bf8f2fa087690ae30b2287f54738fc4be28ebc80384a8ba6d54,01,SS-CUFE     ,1,true,,,
1,119428974,INCA242761,823002227,INSTITUTO DE CANCEROLOGIA DE SUCRE S.A.S,901543761,EPS FAMILIAR DE COLOMBIA S.A.S,123500.0,2026-01-03T00:00:00,11:03:28,,8fc862459830e9bc055ee0824de15d387076066e605ba160e6a8a8f4397f6fcb586fc1147753bc5da7a32728570c032a,01,SS-CUFE     ,1,true,,,
1,119431171,INCA242762,823002227,INSTITUTO DE CANCEROLOGIA DE SUCRE S.A.S,901543761,EPS FAMILIAR DE COLOMBIA S.A.S,153900.0,2026-01-03T00:00:00,11:08:47,,6142317aeffed4c9e17f50960c25dc3d2a12d24554db2f9f320c131f3b9c14f7b27caa5eb158bec2a060865bc8e0fb38,01,SS-CUFE     ,1,true,,,
1,119431342,FE575236,890400693,CLINICA BLAS DE LEZO S.A.S.,901543761,EPS FAMILIAR DE COLOMBIA SAS-EPS FAMILIAR DE COLOMBIA SAS SUBSIDIADO,54095.0,2026-01-03T00:00:00,10:46:47,2026-02-02T00:00:00,579f4e4a6609bb8d52d172110f3eaaf3b7f6b7d107722d26b108598f4207e2975f85eb3b4e142fc576423cad31e07369,01,SS-CUFE     ,3,true,,,
1,119437769,RSS539702,800006850,EMPRESA SOCIAL DEL ESTADO REGION DE SALUD SOACHA,901543761,EPS FAMILIAR DE COLOMBIA SAS,85700.0,2026-01-03T00:00:00,11:31:40,,1059ac644b74e9b61be3911e01e1631351644a42e4e26c9256c89484599e16a7499137fa2079cde46b6d733d83729775,01,SS-CUFE     ,1,true,,,
1,119441841,CEFE43705,900611060,CENEMED QUILICHAO CENTRO DE ESPECIALISTAS SAS,901543761,EPS FAMILIAR DE COLOMBIA S.A.S.,50490.0,2026-01-03T00:00:00,11:37:19,,e742c1e18385ea70900f0da53bc6705db995fdd990c01b15da8ea914b5ceeec17c829ba05c5864571d8206366c07ae19,01,SS-Recaudo  ,1,true,,,
1,119442146,INCA242770,823002227,INSTITUTO DE CANCEROLOGIA DE SUCRE S.A.S,901543761,EPS FAMILIAR DE COLOMBIA S.A.S,162000.0,2026-01-03T00:00:00,11:49:27,,67c22439f34bcf7ad4628912a006d915a0a21236a1956edfd6627f8b00ed6d8d6956313d3c7f6ffa715639e670da1be0,01,SS-CUFE     ,1,true,,,
1,119442662,VHRP18108,900598579,VHR CENTRO PEDIATRICO & CARDIOLOGICO IPS S.A.S,901543761,EPS FAMILIAR DE COLOMBIA S.A.S.,50000.0,2025-12-19T00:00:00,10:20:02,2026-01-02T00:00:00,770e770d5a1de6b79d4547266ff632a85959ca76605a6167e3526e11dfd98deded4b9e6bbd8dde80e44530c5a475197c,01,SS-SinAporte,1,true,,,
1,119442977,INCA242772,823002227,INSTITUTO DE CANCEROLOGIA DE SUCRE S.A.S,901543761,EPS FAMILIAR DE COLOMBIA S.A.S,162000.0,2026-01-03T00:00:00,11:51:40,,a09eb77a88734f02d9e34a22c6cf947c3178da7d953e142e7e992dea0db672abbaf5275f464e407cdbd93e5394d6735f,01,SS-CUFE     ,1,true,,,
1,119444301,INCA241197,823002227,INSTITUTO DE CANCEROLOGIA DE SUCRE S.A.S,901543761,EPS FAMILIAR DE COLOMBIA S.A.S,2364806.0,2026-01-03T00:00:00,11:54:43,,380852860f674a813957bda1f262d5b3b7157de4506a4c5f392f72823fefd12e136a33aab7547d747fa2bc09cb25cc9a,01,SS-CUFE     ,25,true,,,
1,119445041,INCA242773,823002227,INSTITUTO DE CANCEROLOGIA DE SUCRE S.A.S,901543761,EPS FAMILIAR DE COLOMBIA S.A.S,3433773.0,2026-01-03T00:00:00,11:57:01,,cc8e443a30f363e368dd6cbd3dcd13aa90856b6a109e16f0ba3e9a4c196273843124384505201d6493cfb851bfc8a73e,01,SS-CUFE     ,1,true,,,
1,119445352,INCA242774,823002227,INSTITUTO DE CANCEROLOGIA DE SUCRE S.A.S,901543761,EPS FAMILIAR DE COLOMBIA S.A.S,162000.0,2026-01-03T00:00:00,11:59:01,,940221f22b589c3db91b1375ac323d1dd6f45e7337dba0bad4e9f12845d51ca848bb247f271e4f61d8e79482aeba3061,01,SS-CUFE     ,1,true,,,
1,119447420,INCA242778,823002227,INSTITUTO DE CANCEROLOGIA DE SUCRE S.A.S,901543761,EPS FAMILIAR DE COLOMBIA S.A.S,162000.0,2026-01-03T00:00:00,12:06:18,,bcf09eb99c6377af670d6428b64388e1ed3ad708f317198a414d0ea553aa71e375d9e601e532b6b7d575d51324ec76de,01,SS-CUFE     ,1,true,,,
1,119452610,INCA241198,823002227,INSTITUTO DE CANCEROLOGIA DE SUCRE S.A.S,901543761,EPS FAMILIAR DE COLOMBIA S.A.S,5177405.0,2026-01-03T00:00:00,12:23:58,,b0c82a0b5b65cb00292dac4a8c0f941ffa07c6008908a1c7e1dd099d2a259f8ae069316a5e16cbeef02ebf32604dbbf7,01,SS-CUFE     ,22,true,,,
1,119457522,FE2C198624,900055393,CENTRO DE IMAGENES DIAGNOSTICAS TERCER MILENIO S.A.S,901543761,EPS FAMILIAR DE COLOMBIA S.A.S. SBS,2794050.0,2026-01-03T00:00:00,12:52:00,2026-02-02T00:00:00,2e16099d4f54b6c6bc7ce6209b3a66c303581b7a66044c782ae4c253fbec20d8f39b1cc938f8fbe3c46a55eb8a94d485,01,SS-SinAporte,1,true,,,
1,119478348,INCA242795,823002227,INSTITUTO DE CANCEROLOGIA DE SUCRE S.A.S,901543761,EPS FAMILIAR DE COLOMBIA S.A.S,3433773.0,2026-01-03T00:00:00,14:30:39,,1bc24340f7234c3f2a511a3b041fadc7f614775c35acc2e136db1c904d5d5048d633ba78293ad721f0a5c89fb440c49d,01,SS-CUFE     ,1,true,,,
1,119480511,INCA242796,823002227,INSTITUTO DE CANCEROLOGIA DE SUCRE S.A.S,901543761,EPS FAMILIAR DE COLOMBIA S.A.S,6867546.0,2026-01-03T00:00:00,14:41:09,,e1dee2231db770413c88364d69e9c249c270116dc85f91768aad40b30836a1316e4f1ccb97c93893c952b4efa858e86a,01,SS-CUFE     ,1,true,,,
1,119481902,INCA242797,823002227,INSTITUTO DE CANCEROLOGIA DE SUCRE S.A.S,901543761,EPS FAMILIAR DE COLOMBIA S.A.S,3433773.0,2026-01-03T00:00:00,14:47:55,,0cf92057d6fabf86d92dee1f2fb58f3b28c1afaaa6f6bf0366c70db47b5eae96ef487a204b955fa4e4817bd04299589d,01,SS-CUFE     ,1,true,,,
1,119497611,HRPL374183,892399994,ESE HOSPITAL ROSARIO PUMAREJO DE LOPEZ,901543761,EPS FAMILIAR DE COLOMBIA S.A.S.,614846.0,2026-01-03T00:00:00,15:55:48,,e136920e08eb59b193c29a618e1b3d075f3db9de9994097a49c406f7caba4b2dc419a9ba47f829a657e97be530bfde6b,01,SS-CUFE     ,20,true,,,
1,119508451,ESEH622037,900196346,ESE HOSPITAL NUESTRA SEÑORA DEL CARMEN,901543761,EPS FAMILIAR DE COLOMBIA S.A.S.,323617.0,2026-01-03T00:00:00,16:49:27,,48fc71fe7f6556902006f92745f090bd14a8400be544e75ee36480eebc1ea1fd70607d90284c0d0bde319693a481b12b,01,SS-CUFE     ,12,true,,,
1,119520469,FE37062,823001518,EMPRESA SOCIAL DEL ESTADO UNIDA DE SALUD SAN FRANCISCO DE ASIS,901543761,EPS FAMILIAR DE COLOMBIA SAS,177084474.0,2025-12-31T00:00:00,20:32:53,2025-12-31T00:00:00,fb97c40676883a2d9673bd3a4f864fd27bf9b9511c7a84f2789b3ce401f66015fce10f3f5c3a006c2b52bc93839273ba,61,SS-SinAporte,1,true,,,
1,119521520,FE37061,823001518,EMPRESA SOCIAL DEL ESTADO UNIDA DE SALUD SAN FRANCISCO DE ASIS,901543761,EPS FAMILIAR DE COLOMBIA SAS,272507688.0,2025-12-31T00:00:00,20:32:48,2025-12-31T00:00:00,22584b90628c04f4f7a8ae47c8a508cf810ff32e9e35c02e2546300c66f86a32724819632c4704771a6d43952f8376de,61,SS-SinAporte,1,true,,,
1,119522647,HRPL374186,892399994,ESE HOSPITAL ROSARIO PUMAREJO DE LOPEZ,901543761,EPS FAMILIAR DE COLOMBIA S.A.S.,1586930.0,2026-01-03T00:00:00,17:52:28,,0c54c6257c52bffb33aed3f671a0db25cc2b0413f508b8122e3a6f300a862a70dc0d6062b0f3fcd0ad3f6bea70593803,01,SS-CUFE     ,31,true,,,
1,119526228,HRPL374188,892399994,ESE HOSPITAL ROSARIO PUMAREJO DE LOPEZ,901543761,EPS FAMILIAR DE COLOMBIA S.A.S.,1419607.0,2026-01-03T00:00:00,18:06:55,,9ce44020eb4dfb21cf8cc0e705cf90379e4b35f35b264056e1b247198f8b408d0a7a314270578ec8d76664c8205298b9,01,SS-CUFE     ,57,true,,,
1,119569563,FE836116,891500084,HOSPITAL FRANCISCO DE PAULA SANTANDER EMPRESA SOCIAL DEL ESTADO,901543761,EPS FAMILIAR DE COLOMBIAS S.A.S.,311700.0,2026-01-03T00:00:00,19:43:00,,c42adf26bb5a22d6622c0123fd819f2e67affe501f07391a3efac8ffc03e5fb0004338538270336cdbfa6c480140330c,01,SS-CUFE     ,2,true,,,
1,119572112,HRPL374192,892399994,ESE HOSPITAL ROSARIO PUMAREJO DE LOPEZ,901543761,EPS FAMILIAR DE COLOMBIA S.A.S.,140250.0,2026-01-03T00:00:00,22:03:18,,098025ae06787043876a9db09ec7f17cfc6f0e00a402d4c72fb4fb4b652b53f79df1c5c6f01cc44dd3c2a6003623f57f,01,SS-CUFE     ,2,true,,,
1,119573418,HRPL374193,892399994,ESE HOSPITAL ROSARIO PUMAREJO DE LOPEZ,901543761,EPS FAMILIAR DE COLOMBIA S.A.S.,502880.0,2026-01-03T00:00:00,22:10:33,,d962113964a3102d2796d0a0b3435ae0193db99c1b0679a95b21b1d9c7b915c7afd2823a9315c6f9b1b1e1ffc6468f33,01,SS-CUFE     ,15,true,,,
1,119614352,SN649480,900971006,SUBRED INTEGRADA DE SERVICIOS DE SALUD NORTE E.S.E.,901543761,EPS FAMILIAR DE COLOMBIA S.AS.,223218.0,2026-01-04T00:00:00,01:24:21,,55dab240977d35d65a380308e0e0f2a6d085c4dabdb4c7778a7b06d8d510b5bb53c33fe23581662e63205742ac96547c,01,SS-CUFE     ,4,true,,,
1,119712292,FC737826,830510991,CLINICA ESPECIALIZADA LA CONCEPCION S.A.S.,901543761,EPS FAMILIAR DE COLOMBIA S.A.S.,6750888.0,2026-01-04T00:00:00,09:58:57,,1fa45c7946219ceb4431a78e906ec2d7e525b1198aecec58a78b51a0b2215078108e8ca31570b0222864ec81926309dd,01,SS-CUFE     ,39,true,,,
1,119773851,HRPL374209,892399994,ESE HOSPITAL ROSARIO PUMAREJO DE LOPEZ,901543761,EPS FAMILIAR DE COLOMBIA S.A.S.,1710035.0,2026-01-04T00:00:00,15:28:17,,e549c2b1ff35819f919184318a9accdb9301e509b9a556136a4acb8b8af2fa112cf5fd864c7ec53c96b588257501df05,01,SS-CUFE     ,39,true,,,
1,119776514,FVES549911,891200679,ESE HOSPITAL JOSE MARIA HERNANDEZ,901543761,EPS FAMILIAR DE COLOMBIA SAS,1510802.0,2026-01-02T00:00:00,12:24:35,,fe4eed43ace63c8d4ff02be307783ceef3b67434a46000c394ec599bbc547011809e4ad13ed3bc08f853767771bf1d4a,01,SS-CUFE     ,12,true,,,
1,119776619,FVES549973,891200679,ESE HOSPITAL JOSE MARIA HERNANDEZ,901543761,EPS FAMILIAR DE COLOMBIA SAS,6757287.0,2026-01-02T00:00:00,15:57:28,,5ddd8b09200d9fff243241d7a76aa0e9679faf887a5f8f17e675ead42fafd56fba8f2a086b2e9bed77a31dfb6e28bf4d,01,SS-CUFE     ,20,true,,,
1,119794995,SSCO7753601,900959051,SUBRED INTEGRADA DE SERVICIOS DE SALUD CENTRO ORIENTE E.S.E.,901543761,EPS FAMILIAR DE COLOMBIA SAS,79100.0,2026-01-04T00:00:00,17:26:40,,9b6deeee3c03b8534b643d30f208d8865afbe5020b9a23bc79f0c50e875ce0fcd0c0624666e91e52127f2be22ff9d865,01,SS-CUFE     ,1,true,,,
1,119796901,FE836174,891500084,HOSPITAL FRANCISCO DE PAULA SANTANDER EMPRESA SOCIAL DEL ESTADO,901543761,EPS FAMILIAR DE COLOMBIAS S.A.S.,64700.0,2026-01-04T00:00:00,15:11:00,,0f31fbfe5c4443e67d3ccb926d32d5fdf14079c115dda1b4d3261616c80ec04c59fcd713be9dfe9bfe4179fbda80c925,01,SS-CUFE     ,1,true,,,
1,119821471,SJP687188,891580002,HOSPITAL UNIVERSITARIO SAN JOSE DE POPAYAN E.S.E.,901543761,EPS FAMILIAR DE COLOMBIA SAS,1427235.0,2026-01-04T00:00:00,20:07:21,,1e66fa77babf7e65fba3d576a59b7ca038bbf567d053c84e52a7eddfc9f94d0c1950eab4c7259a6e10cccf790782117a,01,SS-CUFE     ,8,true,,,
1,119837222,FE575558,890400693,CLINICA BLAS DE LEZO S.A.S.,901543761,EPS FAMILIAR DE COLOMBIA SAS-EPS FAMILIAR DE COLOMBIA SAS SUBSIDIADO,68790.0,2026-01-04T00:00:00,21:45:11,2026-02-03T00:00:00,7b1cbc9fca2b919c044b00b2caca333fca5720c188557b36a5ad86f35ede60b72cd94ee02b6a1235e2b8d9283375788a,01,SS-CUFE     ,5,true,,,
1,119837226,FE575559,890400693,CLINICA BLAS DE LEZO S.A.S.,901543761,EPS FAMILIAR DE COLOMBIA SAS-EPS FAMILIAR DE COLOMBIA SAS CONTRIBUTIVO,62561.0,2026-01-04T00:00:00,21:45:13,2026-02-03T00:00:00,1ad0cb340e43b656cababc9a95913b99f87882cb7bb042a8bd97730966a4ecbc234f4c8b4151061a8d087f3374bba5a8,01,SS-CUFE     ,6,true,,,
1,119837239,FE575562,890400693,CLINICA BLAS DE LEZO S.A.S.,901543761,EPS FAMILIAR DE COLOMBIA SAS-EPS FAMILIAR DE COLOMBIA SAS SUBSIDIADO,296946.0,2026-01-04T00:00:00,21:45:19,2026-02-03T00:00:00,bba8640949f5ab78ef9a55e8b6b529a389fcfad2f8140c66db5d6847a99bc3e37d9ab800b72b5d32bb6bea09c542f8b4,01,SS-CUFE     ,19,true,,,
1,119853832,KEV8325,813001952,CLINICA MEDILASER SAS,901543761,EPS FAMILIAR DE COLOMBIA S.A.S,292100.0,2026-01-04T00:00:00,23:41:24,,bb49b479490b30f76c58213033b77a771f26b98cb623f91cd37514314b18b5c3ba377f476ba78118029614d8be2713a5,01,SS-CUFE     ,14,true,,,
1,119854537,HRPL374229,892399994,ESE HOSPITAL ROSARIO PUMAREJO DE LOPEZ,901543761,EPS FAMILIAR DE COLOMBIA S.A.S.,582697.0,2026-01-04T00:00:00,23:45:10,,f85d392bf51274fe825e5f44ee9d2e411c1a34e1afd7c05f5474da59ce52b51712121fe0bfb05ffa03c3539a477ba703,01,SS-CUFE     ,15,true,,,
1,119882665,FE836200,891500084,HOSPITAL FRANCISCO DE PAULA SANTANDER EMPRESA SOCIAL DEL ESTADO,901543761,EPS FAMILIAR DE COLOMBIAS S.A.S.,141696.0,2026-01-04T00:00:00,22:32:00,,940e1d7b1c99a220143dec8e38c29b5ed524e98528225df405da0d54d2ad46bad4d4c450576437d6c1c7bfde766b71ab,01,SS-CUFE     ,3,true,,,
1,119945471,FSSC3550,901334785,SANAR Y CURAR IPS S.A.S,901543761,EPS FAMILIAR DE COLOMBIA S.A.S,35000.0,2026-01-05T00:00:00,00:00:00,2026-02-04T00:00:00,7aa62193909d521c4638f0a7f53fc08fb842f7208069c0fc4a0fa94dd556389eb0d01ddc3d161393e5a245031e1638ba,01,SS-CUFE     ,1,true,,,
1,119945821,CEFE43798,900611060,CENEMED QUILICHAO CENTRO DE ESPECIALISTAS SAS,901543761,EPS FAMILIAR DE COLOMBIA S.A.S.,80381.0,2026-01-05T00:00:00,07:12:49,,6a4365fe16d1700b38955fb8caefa7129c490027b800cebfc2ba0f8996dd14c1ab5ba08455e442ba1be95b1cbd5a0ab7,01,SS-Recaudo  ,1,true,,,
1,119949415,FE25275,900112364,SOCIEDAD CARDIOVASCULAR DEL CARIBE COLOMBIANO S.A.S,901543761,EPS FAMILIAR DE COLOMBIA,173656.0,2026-01-05T00:00:00,07:41:56,,0415fbb4248bd286c735b8632d6f37703ad0fffaed012a7abe8d125bb1337019da2e3a4a975e2319284090c4d4061952,01,SS-CUFE     ,1,true,,,
1,119949699,CSI175143,901336751,CLINIVIDA Y SALUD IPS SAS,901543761,EPS FAMILIAR DE COLOMBIA S.A.S.,292879.0,2026-01-05T00:00:00,00:00:00,2026-02-04T00:00:00,6674f357f1b7678e12456935086e81647f4d5f96b2c6d85cf8136016940ac75eba7c8f50467a42143c074cd47c544877,01,SS-CUFE     ,11,true,,,
1,119949832,CEFE43803,900611060,CENEMED QUILICHAO CENTRO DE ESPECIALISTAS SAS,901543761,EPS FAMILIAR DE COLOMBIA S.A.S.,80381.0,2026-01-05T00:00:00,07:29:26,,49c9dc09fee2836c9bc22af558b9f3de884c43fe5e3f610075bd3b500b41bc1fd38bbeb3d11796af3b612bf1dbf2b215,01,SS-Recaudo  ,1,true,,,
1,119950757,FEDV81315,891855847,CLINICA CASANARE S.A.,901543761,EPS FAMILIAR DE COLOMBIA S.A.S.,2605328.0,2025-12-22T00:00:00,19:56:48,2026-01-21T00:00:00,4d369afbc586c5a8529b846772db18055f6b736a9d6b4c118d0f9678daf02664e49fe36546b13efac9deb5a128e4e704,01,SS-CUFE     ,17,true,,,
1,119952240,OCBP1456919,800194798,ORGANIZACION CLINICA BONNADONA-PREVENIR S.A.S,901543761,EPS FAMILIAR DE COLOMBIA S.A.S.-EVENTO -EPS FAMILIAR DE COLOMBIA S.A.S.,55000.0,2026-01-02T00:00:00,17:36:25,2026-02-01T00:00:00,c18edad4c6e3f664e4ed78fd383217f52762ac21d7d7d38dfc7f0acc0709482a932c30841d0b896659dc4dfc4658f583,01,SS-CUFE     ,1,true,,,
1,119952500,OCBP1456930,800194798,ORGANIZACION CLINICA BONNADONA-PREVENIR S.A.S,901543761,EPS FAMILIAR DE COLOMBIA S.A.S.-EVENTO -EPS FAMILIAR DE COLOMBIA S.A.S.,1657390.0,2026-01-02T00:00:00,17:36:56,2026-02-01T00:00:00,9a8cec46ab408bdca6ae58d4f07c10c0f4b9917b2946522e13b9b97377a4978bc9d2a179ab5067e084f0c35d5ac9848e,01,SS-CUFE     ,8,true,,,
1,119954468,OCBP1457023,800194798,ORGANIZACION CLINICA BONNADONA-PREVENIR S.A.S,901543761,EPS FAMILIAR DE COLOMBIA S.A.S.-EVENTO -EPS FAMILIAR DE COLOMBIA S.A.S.,17514.0,2026-01-02T00:00:00,17:42:14,2026-02-01T00:00:00,44bbb4068bbf169e8a493109d0a8c7311ca8fe6cfa7dc27b018733d30e4c478eb6180d3960387be46807f5afba618b88,01,SS-CUFE     ,1,true,,,
1,119955246,CEFE43799,900611060,CENEMED QUILICHAO CENTRO DE ESPECIALISTAS SAS,901543761,EPS FAMILIAR DE COLOMBIA S.A.S.,54000.0,2026-01-05T00:00:00,07:14:27,,9a4267ae6b3f2f92e8db1d4f5fc672243c9a2f4294ec26582fb738feb06479d69ce83449e10ac8bf75523c076b319fca,01,SS-Recaudo  ,1,true,,,
1,119956152,OCBP1457100,800194798,ORGANIZACION CLINICA BONNADONA-PREVENIR S.A.S,901543761,EPS FAMILIAR DE COLOMBIA S.A.S.-EVENTO -EPS FAMILIAR DE COLOMBIA S.A.S.,76933.0,2026-01-02T00:00:00,17:45:17,2026-02-01T00:00:00,5e251a2e5b018d74ca6d6c1e2c62191651eed4ef079c913d08ffd76e6d6550ae4efd0cd75d600555f30020a05cbf387d,01,SS-CUFE     ,7,true,,,
1,119956173,OCBP1457102,800194798,ORGANIZACION CLINICA BONNADONA-PREVENIR S.A.S,901543761,EPS FAMILIAR DE COLOMBIA S.A.S.-EVENTO -EPS FAMILIAR DE COLOMBIA S.A.S.,55800.0,2026-01-02T00:00:00,17:45:21,2026-02-01T00:00:00,3b62123c54fcb5f7105ffbd6296d3563ebb4f03cbd04134f5e119027325457169157e8aab72d63115a9066066a248013,01,SS-CUFE     ,1,true,,,
1,119956230,OCBP1457107,800194798,ORGANIZACION CLINICA BONNADONA-PREVENIR S.A.S,901543761,EPS FAMILIAR DE COLOMBIA S.A.S.-EVENTO -EPS FAMILIAR DE COLOMBIA S.A.S.,59150.0,2026-01-02T00:00:00,17:45:29,2026-02-01T00:00:00,4692171c52810f377b24594155bdbe275be31b9b063caa65c0a6787b53d7020afbddcc300831616cc21d5c2eb5293af4,01,SS-CUFE     ,2,true,,,
1,119956480,OCBP1457126,800194798,ORGANIZACION CLINICA BONNADONA-PREVENIR S.A.S,901543761,EPS FAMILIAR DE COLOMBIA S.A.S.-EVENTO -EPS FAMILIAR DE COLOMBIA S.A.S.,764550.0,2026-01-02T00:00:00,17:46:05,2026-02-01T00:00:00,5d87b9d3435469c109da8d68c97a391c6e92788ee56d7bfb979e26b8a7abf9937cbc6a27a1d17bfada9423b70602d44b,01,SS-CUFE     ,2,true,,,
1,119956632,OCBP1457131,800194798,ORGANIZACION CLINICA BONNADONA-PREVENIR S.A.S,901543761,EPS FAMILIAR DE COLOMBIA S.A.S.-EVENTO -EPS FAMILIAR DE COLOMBIA S.A.S.,26285.0,2026-01-02T00:00:00,17:46:19,2026-02-01T00:00:00,adf7d36671580f7aa82b0a724259bca8ef5a5b0f471c7e5cb5c0b0449c7b7cc9545b1c0cd41223b30538af57a2aa75c3,01,SS-CUFE     ,3,true,,,
1,119957772,OCBP1457159,800194798,ORGANIZACION CLINICA BONNADONA-PREVENIR S.A.S,901543761,EPS FAMILIAR DE COLOMBIA S.A.S.-EVENTO -EPS FAMILIAR DE COLOMBIA S.A.S.,55800.0,2026-01-02T00:00:00,17:47:39,2026-02-01T00:00:00,4953ccd05399361e3ded4bd96ba93fb9d65f339ccb0e85886b93baaeee2102280de98842e09a7fffec21c300c4d9b9e3,01,SS-CUFE     ,1,true,,,
1,119958279,OCBP1457186,800194798,ORGANIZACION CLINICA BONNADONA-PREVENIR S.A.S,901543761,EPS FAMILIAR DE COLOMBIA S.A.S.-EVENTO -EPS FAMILIAR DE COLOMBIA S.A.S.,110000.0,2026-01-02T00:00:00,17:48:32,2026-02-01T00:00:00,4902b64299664572f5ce54a345698caa18c2d370f3e3c474d8697e77c3132ca604f34ca8adad97c21808420ae30d8bad,01,SS-CUFE     ,1,true,,,
1,119967647,OCBP1457348,800194798,ORGANIZACION CLINICA BONNADONA-PREVENIR S.A.S,901543761,EPS FAMILIAR DE COLOMBIA S.A.S.-EVENTO -EPS FAMILIAR DE COLOMBIA S.A.S.,963399.0,2026-01-02T00:00:00,17:55:44,2026-02-01T00:00:00,5ada0fd63001075c4279c91294d943ab1efd114b72321322c41cf3f2eb7cee08698518d141082e7bceeb01c41b46d0d4,01,SS-CUFE     ,7,true,,,
1,119970250,FVES550103,891200679,ESE HOSPITAL JOSE MARIA HERNANDEZ,901543761,EPS FAMILIAR DE COLOMBIA SAS,2466293.0,2026-01-03T00:00:00,10:54:37,,1323a5c1bd9d27ab70a3283e928386305962499fa924ffee3a2adce28ec9f3a5cf86a39a39b332e260636a1670879a63,01,SS-CUFE     ,31,true,,,
1,119970283,FVES550109,891200679,ESE HOSPITAL JOSE MARIA HERNANDEZ,901543761,EPS FAMILIAR DE COLOMBIA SAS,189739.0,2026-01-03T00:00:00,11:19:28,,d876820668f868317ed3b5e539bbb77feb4b7e4d5e5fea087c9f333bbfa55b6365837aadaae5daaf9af64b848f1206b4,01,SS-CUFE     ,12,true,,,
1,119970309,FVES550311,891200679,ESE HOSPITAL JOSE MARIA HERNANDEZ,901543761,EPS FAMILIAR DE COLOMBIA SAS,1406026.0,2026-01-04T00:00:00,18:39:51,,deaa9d8e76e09c65a36993ca309972c0ca2137e6dc7809cd56b1fdda2b066567565a1a53b412f427c866333fe7bb8d52,01,SS-CUFE     ,13,true,,,
1,119970349,FVES550330,891200679,ESE HOSPITAL JOSE MARIA HERNANDEZ,901543761,EPS FAMILIAR DE COLOMBIA SAS,173334.0,2026-01-04T00:00:00,21:53:52,,bf10c7b4594b71228ee52e5ea51df70cb5ab85294c3a7c7b325a5939a0683359be448d64a62cf60c7220831cbfeca55a,01,SS-CUFE     ,7,true,,,
1,119970384,FVES550371,891200679,ESE HOSPITAL JOSE MARIA HERNANDEZ,901543761,EPS FAMILIAR DE COLOMBIA SAS,130142.0,2026-01-05T00:00:00,06:55:09,,4b8bd9ad00f923bdd4d30973fdee9195cd950e998590b5f2cdd896bd400641e2221df524348802f1392f4546665c7d0b,01,SS-CUFE     ,3,true,,,
1,119971385,OCBP1457476,800194798,ORGANIZACION CLINICA BONNADONA-PREVENIR S.A.S,901543761,EPS FAMILIAR DE COLOMBIA S.A.S.-EVENTO -EPS FAMILIAR DE COLOMBIA S.A.S.,316207.0,2026-01-02T00:00:00,22:05:03,2026-02-01T00:00:00,118c0d4e344ec0ff49a6145481add4f432814887678230d443c5896619a77903e6950e5872c634a9a2eaf2f991c23706,01,SS-CUFE     ,14,true,,,
1,119975488,AVQ134555,802020334,QUIMIOSALUD S.A.S.,901543761,EPS FAMILIAR COLOMBIA,750000.0,2026-01-05T00:00:00,08:21:51,,593fae9c4f51486ca21d2be8f8d2df7ae82448a0527c34e43425510b21abc82a9a3d11a0ac7dedec34490a3a5ba649c0,01,SS-CUFE     ,1,true,,,
1,119977516,FIN56199,900979320,MEDISFARMA S.A.S. EN REORGANIZACION,901543761,EPS FAMILIAR DE COLOMBIA SAS,153360.0,2026-01-02T00:00:00,14:05:08,2026-02-01T00:00:00,f3b048305700c583c394f510a73db28c2f3e542a75ce8a82b1034610192b8463c1654949a5ff6bfada8060f63115c731,01,SS-CUFE     ,1,true,,,
1,119977528,FIN56200,900979320,MEDISFARMA S.A.S. EN REORGANIZACION,901543761,EPS FAMILIAR DE COLOMBIA SAS,47383.0,2026-01-02T00:00:00,14:05:52,2026-02-01T00:00:00,cd7330ae8a495572ff9b1aa6b2d24d689cf5480763622524ceaca01b36a059d190583889e53985a10dc414da38034135,01,SS-CUFE     ,2,true,,,
1,119986242,CSM720165,800183943,CLINICA SANTA MARIA SAS,901543761,EPS FAMILIAR DE COLOMBIA S.A.S. - SUBSIDIADO,130212.0,2025-12-28T00:00:00,14:52:36,,73e14042471703f665be549ce884c111c2083e708e8b6400c915161ddcac543d022baea14e2bf2daaa849b9c8e3135ff,01,SS-CUFE     ,7,true,,,
1,119986317,CSM720180,800183943,CLINICA SANTA MARIA SAS,901543761,EPS FAMILIAR DE COLOMBIA S.A.S. - SUBSIDIADO,555332.0,2025-12-28T00:00:00,15:52:13,,ed650c4b658b9de234b9b6d9a16b8e8d577957f676bf62d0eb6b6fe1f1e15ed05d7bf67e6689a05b103816c1ef987228,01,SS-CUFE     ,25,true,,,
1,119986384,CSM719994,800183943,CLINICA SANTA MARIA SAS,901543761,EPS FAMILIAR DE COLOMBIA S.A.S. - SUBSIDIADO,128930.0,2025-12-27T00:00:00,08:52:46,,03c8e71902048ec71590dd3ed7640336113395aa15e09cfeb894badde29fdb5bc1b65d125565793e18d22d85e5b7cb4b,01,SS-CUFE     ,10,true,,,
1,119986431,CSM720024,800183943,CLINICA SANTA MARIA SAS,901543761,EPS FAMILIAR DE COLOMBIA S.A.S. - SUBSIDIADO,137661.0,2025-12-27T00:00:00,13:28:06,,65cfe5cd585e394b8036fc30aaa7586fb3b71e47d9de810d6aba4aba1c8d1053f8d99624270083b7fdaaeb97cd41fb01,01,SS-CUFE     ,13,true,,,
1,119986519,CSM720029,800183943,CLINICA SANTA MARIA SAS,901543761,EPS FAMILIAR DE COLOMBIA S.A.S. - SUBSIDIADO,188929.0,2025-12-27T00:00:00,13:50:44,,1d6921251c4d317b08e4739ac51999e8f82547b039ee4b98f610bb1668aa24c2a944e559cb5c07f7f290764df6b6b909,01,SS-CUFE     ,10,true,,,
1,119986628,CSM719138,800183943,CLINICA SANTA MARIA SAS,901543761,EPS FAMILIAR DE COLOMBIA S.A.S. - SUBSIDIADO,54663.0,2025-12-24T00:00:00,06:37:01,,af5e47db60cdc354f1c225d98ddd921a2a4e59a9a6c405382c1b4b74b40d57705ca618eb413e43435f486a4596b1d4e8,01,SS-CUFE     ,10,true,,,
1,119986695,CSM719139,800183943,CLINICA SANTA MARIA SAS,901543761,EPS FAMILIAR DE COLOMBIA S.A.S. - SUBSIDIADO,295799.0,2025-12-24T00:00:00,06:59:29,,cce6a392137cc8df0f44b00c6f3d8dc8fbe3a7522bc58390d38b0cb0ecc7dce591830b87a24a53a6d0fba82407e0689a,01,SS-CUFE     ,16,true,,,
1,119986784,CSM718590,800183943,CLINICA SANTA MARIA SAS,901543761,EPS FAMILIAR DE COLOMBIA S.A.S. - SUBSIDIADO,239238.0,2025-12-23T00:00:00,01:48:08,,9841ce79f0e45af7f9a4ffb2548481d9d03f21890e1f4eb6fa8fa05fd9f8a85cd6239e88e37a25838e3ba73fc32ff30d,01,SS-CUFE     ,14,true,,,
1,119986832,CSM718591,800183943,CLINICA SANTA MARIA SAS,901543761,EPS FAMILIAR DE COLOMBIA S.A.S. - SUBSIDIADO,140920.0,2025-12-23T00:00:00,01:52:27,,fb39a4caa11ef82c2c516ad4010d439326d6f2e206da49a6880e394b5bd2969162b0843854cb24967b315010acfdd17f,01,SS-CUFE     ,12,true,,,
1,119986877,CSM718598,800183943,CLINICA SANTA MARIA SAS,901543761,EPS FAMILIAR DE COLOMBIA S.A.S. - SUBSIDIADO,148418.0,2025-12-23T00:00:00,07:32:56,,3d94184315da25a42ef3c8116f16af12406151fcbf7ee7d5abfdee3417f162156c74673137f64bb784b7d1e42f94c6ea,01,SS-CUFE     ,13,true,,,
1,119986938,CSM718715,800183943,CLINICA SANTA MARIA SAS,901543761,EPS FAMILIAR DE COLOMBIA S.A.S. - SUBSIDIADO,246884.0,2025-12-23T00:00:00,10:02:24,,ed7348748807ad6a765bda5ee34cb80e9be607e7569b54c54a8a3abf3e2fe99b8486c66885e94ab456e8408dde5aa626,01,SS-CUFE     ,14,true,,,
1,119986997,CSM718776,800183943,CLINICA SANTA MARIA SAS,901543761,EPS FAMILIAR DE COLOMBIA S.A.S. - SUBSIDIADO,380681.0,2025-12-23T00:00:00,11:32:00,,871cef94d5cc9871cd0f258d8430366dcd5ec7978c6353b58e9d9d317d6822c2e401b11bdd97aef6b80e5b21e094c145,01,SS-CUFE     ,10,true,,,
1,119987071,CSM718814,800183943,CLINICA SANTA MARIA SAS,901543761,EPS FAMILIAR DE COLOMBIA S.A.S. - SUBSIDIADO,64186.0,2025-12-23T00:00:00,12:26:06,,5166caa14bc6a4f9cecc061028606edd25e09e897a8f6c83e0f45015ae82ab092393e79d8bfe975d94ca38a7c83d400e,01,SS-CUFE     ,2,true,,,
1,119987123,CSM718822,800183943,CLINICA SANTA MARIA SAS,901543761,EPS FAMILIAR DE COLOMBIA S.A.S. - SUBSIDIADO,76302.0,2025-12-23T00:00:00,12:36:27,,3f8ea74d323e48feb742a1fd2f510ce39c059ffa64b5cc6d1080e7d491ffd8e4adefe0b6bb3cd50f8f7dfe43c99dc053,01,SS-CUFE     ,3,true,,,
1,119987173,CSM718825,800183943,CLINICA SANTA MARIA SAS,901543761,EPS FAMILIAR DE COLOMBIA S.A.S. - SUBSIDIADO,124381.0,2025-12-23T00:00:00,12:48:22,,c3b2ce9343c5f8be18e85b991d053bad73a8f25eb4eb258b135a46dafd41926212832c6633075ab555a6edd8ae02fd52,01,SS-CUFE     ,10,true,,,
1,119987219,CSM718864,800183943,CLINICA SANTA MARIA SAS,901543761,EPS FAMILIAR DE COLOMBIA S.A.S. - SUBSIDIADO,112052.0,2025-12-23T00:00:00,13:48:49,,11e6351a1ab8ab20d0aa2a7f0401edfd04edd2b119afc2348db9b66c681a84699406ff1ad883c196357a0ecc8b1264fd,01,SS-CUFE     ,3,true,,,
1,119987248,CSM718968,800183943,CLINICA SANTA MARIA SAS,901543761,EPS FAMILIAR DE COLOMBIA S.A.S. - SUBSIDIADO,88220.0,2025-12-23T00:00:00,15:36:00,,5f5cb0e14468b8618f55fe023275a17c44873c203697b6ced71ee2c2c1a0b4b8607a874840331f388c70183aca2ad875,01,SS-CUFE     ,11,true,,,
1,119987318,CSM718977,800183943,CLINICA SANTA MARIA SAS,901543761,EPS FAMILIAR DE COLOMBIA S.A.S. - SUBSIDIADO,342566.0,2025-12-23T00:00:00,15:41:10,,65f27a9c004c93a97cd9e8da87a05af47e37aa3a9465b0253f831f546e74e75f90c248159aec7e084443d74ea58641ec,01,SS-CUFE     ,22,true,,,
1,119987383,CSM719093,800183943,CLINICA SANTA MARIA SAS,901543761,EPS FAMILIAR DE COLOMBIA S.A.S. - SUBSIDIADO,342556.0,2025-12-23T00:00:00,17:16:42,,9b88b0e04affbd66715046ee71cdc6eeb289e2deae08536e7bb6eea8de5f309bb6b7cc1ee3c8c23d3df14c7665b9def1,01,SS-CUFE     ,22,true,,,
1,119987454,CSM719110,800183943,CLINICA SANTA MARIA SAS,901543761,EPS FAMILIAR DE COLOMBIA S.A.S. - SUBSIDIADO,118296.0,2025-12-23T00:00:00,17:53:37,,43de02cb56b155cacf3c7a14c462854f5b59ee4c6ea071df576783c3f6d0db6d0a535c51a9c037250ac777eb782ed5ec,01,SS-CUFE     ,8,true,,,
1,119987548,CSM719120,800183943,CLINICA SANTA MARIA SAS,901543761,EPS FAMILIAR DE COLOMBIA S.A.S. - SUBSIDIADO,849186.0,2025-12-23T00:00:00,19:27:29,,4ee5c4beaea786bac970c2a6df08b21380b29938dedb38a820aa802ad12d0018bc7dd2938b6814c19e536036e6bd86a4,01,SS-CUFE     ,16,true,,,
1,119987647,CSM719128,800183943,CLINICA SANTA MARIA SAS,901543761,EPS FAMILIAR DE COLOMBIA S.A.S. - SUBSIDIADO,596870.0,2025-12-23T00:00:00,23:37:00,,9e7c5287486e840e500cba4dadbde92d45a5dedd16de7b9cf56d47011005e6e9e0d1bcdc44c91855f91170b8040b9646,01,SS-CUFE     ,32,true,,,
1,119987680,CSM718017,800183943,CLINICA SANTA MARIA SAS,901543761,EPS FAMILIAR DE COLOMBIA S.A.S. - SUBSIDIADO,276744.0,2025-12-22T00:00:00,08:08:23,,4774d026c88d90743da93db425ca106c52900eb618f80caad4535402e88eab9ab4ddc93bba5dbb7b62fd2982868b9299,01,SS-CUFE     ,8,true,,,
1,119987748,CSM718057,800183943,CLINICA SANTA MARIA SAS,901543761,EPS FAMILIAR DE COLOMBIA S.A.S. - SUBSIDIADO,114517.0,2025-12-22T00:00:00,08:55:03,,30c4c4ec017d91d8efdcc9f189aa6d10c27c1c6329acaa8700993ed2083963888b739b5c62300fe78f67870afe0c8074,01,SS-CUFE     ,10,true,,,
1,119987798,CSM718101,800183943,CLINICA SANTA MARIA SAS,901543761,EPS FAMILIAR DE COLOMBIA S.A.S. - SUBSIDIADO,141354.0,2025-12-22T00:00:00,09:34:20,,48a998e19859b62b5556159c06490ab27b0a177a569f7edac341c573e80d659b5395abad9dec7356c17b041b1db1ed49,01,SS-CUFE     ,14,true,,,
1,119987860,CSM718114,800183943,CLINICA SANTA MARIA SAS,901543761,EPS FAMILIAR DE COLOMBIA S.A.S. - SUBSIDIADO,265440.0,2025-12-22T00:00:00,09:43:43,,3a8d23b3cbb898d1f060f99b09f23d7049f68fc8dd486f0cad29289b2173c66810da1d09381d09d4e87c93042f35fbde,01,SS-CUFE     ,15,true,,,
1,119987927,CSM718227,800183943,CLINICA SANTA MARIA SAS,901543761,EPS FAMILIAR DE COLOMBIA S.A.S. - SUBSIDIADO,254804.0,2025-12-22T00:00:00,11:14:01,,a9b337f493d80e64052f0980fa3efc78f9c21e728959752fa81729bb0cb16f0be4b953bab352213bc394d9e0c7ff9a28,01,SS-CUFE     ,13,true,,,
1,119987993,CSM718234,800183943,CLINICA SANTA MARIA SAS,901543761,EPS FAMILIAR DE COLOMBIA S.A.S. - SUBSIDIADO,144707.0,2025-12-22T00:00:00,11:19:24,,3e529e9f3ae056d3bc237f129a25c417f5167873aec686da8c3660c35e857b8a259b3e19094fb713f0f32b80420aefd7,01,SS-CUFE     ,10,true,,,
1,119988040,CSM718254,800183943,CLINICA SANTA MARIA SAS,901543761,EPS FAMILIAR DE COLOMBIA S.A.S. - SUBSIDIADO,150844.0,2025-12-22T00:00:00,11:36:05,,f7fd48775125b4d169ca667b469cca0f9bd2039e7a524c47e79ccc72a3397b1dc73ff2b4477dab44078370f47629dae8,01,SS-CUFE     ,14,true,,,
1,119988114,CSM718551,800183943,CLINICA SANTA MARIA SAS,901543761,EPS FAMILIAR DE COLOMBIA S.A.S. - SUBSIDIADO,133750.0,2025-12-22T00:00:00,18:43:25,,3fb00e798736c0fa0dd591cd5cc494050d0c625f01d6e8ef626459a3ca3662933d7c786b5772e702894cc7bffa1dd749,01,SS-CUFE     ,5,true,,,
1,119988215,CSM718566,800183943,CLINICA SANTA MARIA SAS,901543761,EPS FAMILIAR DE COLOMBIA S.A.S. - SUBSIDIADO,186957.0,2025-12-22T00:00:00,20:53:27,,6f5636692322e753d35da009a367820773658234765703ed2dac7b7eb8d5549fe9fd2e00775cba244c30223e5822d2c8,01,SS-CUFE     ,17,true,,,
1,119988272,CSM718571,800183943,CLINICA SANTA MARIA SAS,901543761,EPS FAMILIAR DE COLOMBIA S.A.S. - SUBSIDIADO,46800.0,2025-12-22T00:00:00,21:08:15,,d9750db6c723837855ea5a158fd1d5014c82adb3e9c3a0aa887f2d7a3a75a9ac9dc52e28678e8b29d99f88b105fdf2ce,01,SS-CUFE     ,2,true,,,
1,119988351,CSM718573,800183943,CLINICA SANTA MARIA SAS,901543761,EPS FAMILIAR DE COLOMBIA S.A.S. - SUBSIDIADO,50776.0,2025-12-22T00:00:00,22:07:43,,cb64bee0a3bcea7bbd6cfc632cc148b3f01efc36b4517280a39608ef071f79b49db10b750c858546a8668d7580b51245,01,SS-CUFE     ,8,true,,,
1,119988471,CSM718575,800183943,CLINICA SANTA MARIA SAS,901543761,EPS FAMILIAR DE COLOMBIA S.A.S. - SUBSIDIADO,199779.0,2025-12-22T00:00:00,22:32:47,,3247125fb7682c6aaffdff51082e48fa0b645b6e77eab7638809bbc02d7a0b2fbd9ccce6dc1081faa23343d009493332,01,SS-CUFE     ,13,true,,,
1,119988529,CSM717899,800183943,CLINICA SANTA MARIA SAS,901543761,EPS FAMILIAR DE COLOMBIA S.A.S. - SUBSIDIADO,163762.0,2025-12-21T00:00:00,01:29:52,,e9d460d3a9f6484455aa2a6fffe499e9aa34fb275eec33a4c3dbd3c5284140ceea838c033b39192925a47e102274e6fb,01,SS-CUFE     ,14,true,,,
1,119988583,CSM717911,800183943,CLINICA SANTA MARIA SAS,901543761,EPS FAMILIAR DE COLOMBIA S.A.S. - SUBSIDIADO,125786.0,2025-12-21T00:00:00,08:53:35,,9623c50816a2afa40364089f5fcfc0d9c0c09ccadbb605f17546d4ae8dd6034141d13c364bb087e607e3aefb2e684d2c,01,SS-CUFE     ,4,true,,,
1,119988662,CSM717937,800183943,CLINICA SANTA MARIA SAS,901543761,EPS FAMILIAR DE COLOMBIA S.A.S. - SUBSIDIADO,257395.0,2025-12-21T00:00:00,11:30:57,,f01d346a350c52e7b2e89c7ceab90afd190c589bd6a95b06d3f5840f4e618ee496a9b841fb709184581a086b818833c2,01,SS-CUFE     ,13,true,,,
1,119988752,CSM717975,800183943,CLINICA SANTA MARIA SAS,901543761,EPS FAMILIAR DE COLOMBIA S.A.S. - SUBSIDIADO,89399.0,2025-12-21T00:00:00,15:54:53,,59b819361c7eefde6509bf0cb9b23f2a7e76ef1139e182378aab764d13320408d2c871fd7a301237b4f308bfb0011f5e,01,SS-CUFE     ,8,true,,,
1,119988786,CSM717983,800183943,CLINICA SANTA MARIA SAS,901543761,EPS FAMILIAR DE COLOMBIA S.A.S. - SUBSIDIADO,182842.0,2025-12-21T00:00:00,16:44:08,,7625d0f5c63e146441d4c3d03a4954b657b756e22795fc18aca2e3eb424db3b75c7bf852a1b3e64f828d521f93d933a5,01,SS-CUFE     ,17,true,,,
1,119988831,CSM717991,800183943,CLINICA SANTA MARIA SAS,901543761,EPS FAMILIAR DE COLOMBIA S.A.S. - SUBSIDIADO,189603.0,2025-12-21T00:00:00,20:23:47,,f2dda624d8dc79d5fbdd8c571e5845904f215c08c820549f73fa5c9e412da8f38e7ad25d20d838b3d6f2121bf830c185,01,SS-CUFE     ,8,true,,,
1,119988880,CSM717758,800183943,CLINICA SANTA MARIA SAS,901543761,EPS FAMILIAR DE COLOMBIA S.A.S. - SUBSIDIADO,131658.0,2025-12-20T00:00:00,00:06:30,,6591c01cf15ef62273040e67cd2f721ceda6d47d65fe877eb1ff7f7bb73db18186ef5f7306d2a1f1c9d6324d3520f974,01,SS-CUFE     ,17,true,,,
1,119988923,CSM717759,800183943,CLINICA SANTA MARIA SAS,901543761,EPS FAMILIAR DE COLOMBIA S.A.S. - SUBSIDIADO,47894.0,2025-12-20T00:00:00,00:19:19,,cf011c6aca5b88246f36b4603e4d19c59ae2803dddadf065d274ce9c349c8b0a418893c3ddfd8d15345d720ed1783c4e,01,SS-CUFE     ,7,true,,,
1,119989002,CSM717765,800183943,CLINICA SANTA MARIA SAS,901543761,EPS FAMILIAR DE COLOMBIA S.A.S. - SUBSIDIADO,54198.0,2025-12-20T00:00:00,07:38:49,,623744435421391c66bed8cfa40524e8b61766f675ad1d37d1e2cf05bf4826b30d61fa381e17a9c0a07694ed537bb63e,01,SS-CUFE     ,8,true,,,
1,119989055,CSM717781,800183943,CLINICA SANTA MARIA SAS,901543761,EPS FAMILIAR DE COLOMBIA S.A.S. - SUBSIDIADO,128092.0,2025-12-20T00:00:00,09:10:05,,8da02fecb03b45fdd02ba1b42aa58a7331222a0874da52817737d9680f74181e70bae6a389ae51c4718dac5b1782deb2,01,SS-CUFE     ,12,true,,,
1,119989153,CSM717788,800183943,CLINICA SANTA MARIA SAS,901543761,EPS FAMILIAR DE COLOMBIA S.A.S. - SUBSIDIADO,131713.0,2025-12-20T00:00:00,09:38:05,,5cd05a988a544ba8899ffe669d5789b225ecd68d57e0b59c794b29eaa87becdbdb728a1109bef3d311d5d7b243496fec,01,SS-CUFE     ,7,true,,,
1,119989276,CSM717789,800183943,CLINICA SANTA MARIA SAS,901543761,EPS FAMILIAR DE COLOMBIA S.A.S. - SUBSIDIADO,108240.0,2025-12-20T00:00:00,09:39:07,,e4757e4cd7da463e1a3733b56c7c9535d3c3654a9a7337c332931a05ebdff06bb3832ea92bd1d2b19473a08c4011328b,01,SS-CUFE     ,8,true,,,
1,119989380,CSM717812,800183943,CLINICA SANTA MARIA SAS,901543761,EPS FAMILIAR DE COLOMBIA S.A.S. - SUBSIDIADO,236511.0,2025-12-20T00:00:00,10:59:54,,1d5815c38e630e6f076296871dc38f36635dbf9bdd40c36e792d126a17e67563d4f25f8d691750f516ed50b275a492c5,01,SS-CUFE     ,16,true,,,
1,119989445,CSM717825,800183943,CLINICA SANTA MARIA SAS,901543761,EPS FAMILIAR DE COLOMBIA S.A.S. - SUBSIDIADO,100372.0,2025-12-20T00:00:00,11:42:31,,bcd0f13fb2c53232f8aa2aa2cde68ae6517153be9d0ee47137cfd8edf96e0045fa6a81b01cd871f7fbdd0d2e81c9f835,01,SS-CUFE     ,10,true,,,
1,119989557,CSM717830,800183943,CLINICA SANTA MARIA SAS,901543761,EPS FAMILIAR DE COLOMBIA S.A.S. - SUBSIDIADO,84004.0,2025-12-20T00:00:00,12:04:56,,fd7e6aaed9599c58697116695ed633c812f35bb0a040da0fda77a8f339f81614cde60d7664725e51605bd986da9a69e8,01,SS-CUFE     ,5,true,,,
1,119989627,CSM717839,800183943,CLINICA SANTA MARIA SAS,901543761,EPS FAMILIAR DE COLOMBIA S.A.S. - SUBSIDIADO,76597.0,2025-12-20T00:00:00,12:54:59,,4b234d8c0162acf81eb7ac4ba6fed9042eedb91c1e165bd2a08c308f73a38d840ab7aef2f39d072e5673226082c4178f,01,SS-CUFE     ,9,true,,,
1,119989682,CSM717845,800183943,CLINICA SANTA MARIA SAS,901543761,EPS FAMILIAR DE COLOMBIA S.A.S. - SUBSIDIADO,180367.0,2025-12-20T00:00:00,14:48:24,,4ec212aabdc58874a4110c4fdf8aa4a68a1b84ed1a8cf462d3abe19dcf7d5b04755ed92896836f305c123f4d516ab175,01,SS-CUFE     ,19,true,,,
1,119989752,CSM717849,800183943,CLINICA SANTA MARIA SAS,901543761,EPS FAMILIAR DE COLOMBIA S.A.S. - SUBSIDIADO,174292.0,2025-12-20T00:00:00,15:09:28,,e74b86849bdddf0586f8470d239bbdb1a8a17e8cae24df58c550f050a08759df6d8fe3c918ca8d66473e51023616ccb0,01,SS-CUFE     ,13,true,,,
1,119989817,CSM717853,800183943,CLINICA SANTA MARIA SAS,901543761,EPS FAMILIAR DE COLOMBIA S.A.S. - SUBSIDIADO,124068.0,2025-12-20T00:00:00,15:24:37,,5621d2a8515fc43efdb8cd24d804a9a6909e79b0cdd9a2009e09ed53b49ccc2766829a72f1ece19321eb0d892216d81b,01,SS-CUFE     ,9,true,,,
1,119989877,CSM717865,800183943,CLINICA SANTA MARIA SAS,901543761,EPS FAMILIAR DE COLOMBIA S.A.S. - SUBSIDIADO,149813.0,2025-12-20T00:00:00,16:25:42,,883571350c520fbcd5ebdd341405eb6d877e5d79a758d7f0fe55df8d49a24a2dd225fdcd8b11c7bf6249fd3f0b721b3e,01,SS-CUFE     ,11,true,,,
1,119989972,CSM717869,800183943,CLINICA SANTA MARIA SAS,901543761,EPS FAMILIAR DE COLOMBIA S.A.S. - SUBSIDIADO,47350.0,2025-12-20T00:00:00,16:48:12,,581e04fb220812ef28397303e5308f3a3587d8a93b44b07f15c0441930ce25ac79a1546f7375f5a5da997afd79bd0093,01,SS-CUFE     ,3,true,,,
1,119990081,CSM717874,800183943,CLINICA SANTA MARIA SAS,901543761,EPS FAMILIAR DE COLOMBIA S.A.S. - SUBSIDIADO,103069.0,2025-12-20T00:00:00,18:58:51,,ecc8134882071d00f8270cff201205b87e80a7a5e34e6af449b73c55147c064ebbcd0226c48edd3b20cae10e27f3ec2a,01,SS-CUFE     ,11,true,,,
1,119990248,CSM717878,800183943,CLINICA SANTA MARIA SAS,901543761,EPS FAMILIAR DE COLOMBIA S.A.S. - SUBSIDIADO,555283.0,2025-12-20T00:00:00,20:05:26,,3bc6bf1ffbc336cbb687160e7752fc7c6912acd187e68a087e37b68a7eff088ac9edc7ed9a45ee5bedea017805a798a6,01,SS-CUFE     ,20,true,,,
1,119990355,CSM717892,800183943,CLINICA SANTA MARIA SAS,901543761,EPS FAMILIAR DE COLOMBIA S.A.S. - SUBSIDIADO,153540.0,2025-12-20T00:00:00,22:27:17,,d0ba9ee83c24888b6b8efd837903faf88df656c9b52e310235a84a6315e0df670030e48eebf0bc0822f2690277546dbf,01,SS-CUFE     ,12,true,,,
1,119990450,CSM717281,800183943,CLINICA SANTA MARIA SAS,901543761,EPS FAMILIAR DE COLOMBIA S.A.S. - SUBSIDIADO,254953.0,2025-12-19T00:00:00,03:45:16,,e07469177e56524e7ff9dac342d44cf70541358e5a5688c14a6fd90d85e9f46f1262c6ce4ebbf15a6d76f9d8adb73853,01,SS-CUFE     ,19,true,,,
1,119990535,CSM717292,800183943,CLINICA SANTA MARIA SAS,901543761,EPS FAMILIAR DE COLOMBIA S.A.S. - SUBSIDIADO,136316.0,2025-12-19T00:00:00,05:43:11,,de1e5e1e98d9889859c3fcdb5002f1a768fc3bdab038df1e6b4a3adbbed83cc41a11f9c6384b167485ec2db2acfff748,01,SS-CUFE     ,10,true,,,
2,119990590,CSM717296,800183943,CLINICA SANTA MARIA SAS,901543761,EPS FAMILIAR DE COLOMBIA S.A.S. - SUBSIDIADO,66498.0,2025-12-19T00:00:00,05:56:44,,0a42ab48df22226322636dfefc44462131fbbe2c5a6a4cfc921d7bf92b8077022bffa8e51b0fc01c75a234b9c433b5a1,01,SS-CUFE     ,9,true,,,
2,119990660,CSM717298,800183943,CLINICA SANTA MARIA SAS,901543761,EPS FAMILIAR DE COLOMBIA S.A.S. - SUBSIDIADO,243896.0,2025-12-19T00:00:00,06:09:22,,fb67da90959216354aa21012321b33c92fad3bf91b53efe16d6a4c7f1cc20bb6e202895ba91b25b92c60585097f13c12,01,SS-CUFE     ,24,true,,,
2,119990763,CSM717306,800183943,CLINICA SANTA MARIA SAS,901543761,EPS FAMILIAR DE COLOMBIA S.A.S. - SUBSIDIADO,133772.0,2025-12-19T00:00:00,07:29:01,,50ee9190bb3c63ac545e082f9dea9f770663d4c6596c3c487145a5c2695d45dcaab629f54dd4ca06eee004dc45ea35d4,01,SS-CUFE     ,11,true,,,
2,119990848,CSM717505,800183943,CLINICA SANTA MARIA SAS,901543761,EPS FAMILIAR DE COLOMBIA S.A.S. - SUBSIDIADO,262153.0,2025-12-19T00:00:00,11:50:57,,d3b7949b4285e7293c543bb4209d34d3d0487b8808eee4ba7668fc0e7910a91da6c5c89c9ca468687c6bca09c0e862cd,01,SS-CUFE     ,12,true,,,
2,119990917,CSM717513,800183943,CLINICA SANTA MARIA SAS,901543761,EPS FAMILIAR DE COLOMBIA S.A.S. - SUBSIDIADO,238145.0,2025-12-19T00:00:00,12:02:31,,7a6d387387dd6b2a40e3c8c1e5b56e6f8112f1471ae3e70cf1b2a566d5e63d6c6aa1deea36119f3de1f8b0c2b9d1df74,01,SS-CUFE     ,20,true,,,
2,119990982,CSM717598,800183943,CLINICA SANTA MARIA SAS,901543761,EPS FAMILIAR DE COLOMBIA S.A.S. - SUBSIDIADO,203949.0,2025-12-19T00:00:00,14:29:21,,8e6f281d9da8769c7b1c258714f42aa5b9f4764189a4c06fed4c744658ecd05f65b54ef45c0876a8a79cc566a8a6bb45,01,SS-CUFE     ,14,true,,,
2,119991078,CSM717713,800183943,CLINICA SANTA MARIA SAS,901543761,EPS FAMILIAR DE COLOMBIA S.A.S. - SUBSIDIADO,716097.0,2025-12-19T00:00:00,16:46:12,,4c9bef47e72e3d66477f809c6ef03fbbe093cb1ce7e2ea0da37e871908428a5c7c888b6bbae96e3cdd8970487b9c0408,01,SS-CUFE     ,27,true,,,
2,119991163,EHIN1563430,890480135,FUNDACION HOSPITAL INFANTIL NAPOLEON FRANCO PAREJA,901543761,EPS FAMILIAR DE COLOMBIA S.A.S.,70700.0,2026-01-03T00:00:00,13:30:15,,ebfb8193cf686787a4459e28d4acd96cbce61c5b045a2ce16b577c7abf3dc34a4e8c786f45b5931a18dc983072eeb8f7,01,SS-CUFE     ,1,true,,,
2,119991268,CSM717725,800183943,CLINICA SANTA MARIA SAS,901543761,EPS FAMILIAR DE COLOMBIA S.A.S. - SUBSIDIADO,67281.0,2025-12-19T00:00:00,17:15:25,,f82cb4d05f0c00b8ed089ca697082eaee1fc8afa0f9603216a278efb705b58b6938840d48da91d418041a5be2894efc0,01,SS-CUFE     ,7,true,,,
2,119991346,CSM717727,800183943,CLINICA SANTA MARIA SAS,901543761,EPS FAMILIAR DE COLOMBIA S.A.S. - SUBSIDIADO,197786.0,2025-12-19T00:00:00,17:22:29,,52928ae39c1d91df22a46d0062cda4b12b4cea9a552cf53338d7308a659666bcf81e7ac10e0669c6d523dccf3de643c2,01,SS-CUFE     ,16,true,,,
2,119991428,CSM717734,800183943,CLINICA SANTA MARIA SAS,901543761,EPS FAMILIAR DE COLOMBIA S.A.S. - SUBSIDIADO,405585.0,2025-12-19T00:00:00,18:40:08,,c327d913e4b0221e51e9642083b4d179ffc89aa1738426e9bdee46c448c5aac37fd5e17051a4a5a80735af93af845fe6,01,SS-CUFE     ,20,true,,,
2,119991502,CSM717736,800183943,CLINICA SANTA MARIA SAS,901543761,EPS FAMILIAR DE COLOMBIA S.A.S. - SUBSIDIADO,851963.0,2025-12-19T00:00:00,18:58:44,,f56d445f7f24cbce0decbd52a858ecd24e375cb35b5bcc957f3838b0230138ff5920fbffdf18ab7355e45886d45f586f,01,SS-CUFE     ,14,true,,,
2,119991581,CSM717738,800183943,CLINICA SANTA MARIA SAS,901543761,EPS FAMILIAR DE COLOMBIA S.A.S. - SUBSIDIADO,128694.0,2025-12-19T00:00:00,19:10:44,,63ba6ff2c9838d07251dfda1ad7afee1f169c8a452a1cf7008fb0b45e0fd8046aa4a3823ada6f4c402f8815787890908,01,SS-CUFE     ,13,true,,,
2,119991655,CSM717755,800183943,CLINICA SANTA MARIA SAS,901543761,EPS FAMILIAR DE COLOMBIA S.A.S. - SUBSIDIADO,244779.0,2025-12-19T00:00:00,21:27:53,,cde4027df3c2a737c5991bcca5de99f900f070a222e560cd3f0b481dcb2c3e387a8621be2d199999aef628ba937f1fbc,01,SS-CUFE     ,14,true,,,
2,119991749,CSM717756,800183943,CLINICA SANTA MARIA SAS,901543761,EPS FAMILIAR DE COLOMBIA S.A.S. - SUBSIDIADO,240686.0,2025-12-19T00:00:00,21:37:09,,5e529dc8853d221ac7a25bb4267dbdebebece58f185fcc1c647f285abe3e19a1f3e37ac8765ac1fc3affc3f8c02857ee,01,SS-CUFE     ,15,true,,,
2,119991834,CSM716870,800183943,CLINICA SANTA MARIA SAS,901543761,EPS FAMILIAR DE COLOMBIA S.A.S. - SUBSIDIADO,407794.0,2025-12-18T00:00:00,10:07:00,,c58039f3fb72d78c6341ab064883f4f90d19f9394537241a486e11427d4f6930e9dcd5e000e85d3f0ac592b8576c806c,01,SS-CUFE     ,16,true,,,
2,119991918,CSM716927,800183943,CLINICA SANTA MARIA SAS,901543761,EPS FAMILIAR DE COLOMBIA S.A.S. - SUBSIDIADO,145255.0,2025-12-18T00:00:00,11:03:38,,dff9ec795c765b9a2cfe257d53dc75d6403850e1360fc37ec8e3943b11e89df6a3378d67050167317ca9124798093431,01,SS-CUFE     ,11,true,,,
2,119991991,CSM716987,800183943,CLINICA SANTA MARIA SAS,901543761,EPS FAMILIAR DE COLOMBIA S.A.S. - SUBSIDIADO,135203.0,2025-12-18T00:00:00,11:52:05,,1309955e8d112f773ff68ee8064026334e737af09102d5505dd38a5529107fb92e1f4bf13e77ed3db2a170ceaeeae8a3,01,SS-CUFE     ,11,true,,,
2,119992078,CSM717012,800183943,CLINICA SANTA MARIA SAS,901543761,EPS FAMILIAR DE COLOMBIA S.A.S. - SUBSIDIADO,147833.0,2025-12-18T00:00:00,12:21:06,,7f08aa990c79eacd7d2b59b82c8d7f246caa0607289578f93fc0a6afb3d136e285b5900e165f767575b058926f3dbd4d,01,SS-CUFE     ,11,true,,,
2,119992162,CSM717017,800183943,CLINICA SANTA MARIA SAS,901543761,EPS FAMILIAR DE COLOMBIA S.A.S. - SUBSIDIADO,234822.0,2025-12-18T00:00:00,12:30:56,,21b45c58d6c22a98bfb2cd93657cb2407239b7a0b2fbf57b3b7c4be337a51e510dabedb620380c54a9764fe5f0beb9be,01,SS-CUFE     ,14,true,,,
2,119992248,CSM717021,800183943,CLINICA SANTA MARIA SAS,901543761,EPS FAMILIAR DE COLOMBIA S.A.S. - SUBSIDIADO,167235.0,2025-12-18T00:00:00,12:39:31,,1ac5308a68cd2d94a0cd7669ec091b568030f32742f5b9ca77022bc36c8f4fb9f12d12de812e20395859331ca1ffefa7,01,SS-CUFE     ,14,true,,,
2,119992345,CSM717022,800183943,CLINICA SANTA MARIA SAS,901543761,EPS FAMILIAR DE COLOMBIA S.A.S. - SUBSIDIADO,227345.0,2025-12-18T00:00:00,12:40:03,,4e7e970bfecf5e8722a955bc6d59855c25670ef97a6decae1adf1a66435784c73bed335763ccb5da9beb601f7bcf5ee8,01,SS-CUFE     ,15,true,,,
2,119992438,CSM717040,800183943,CLINICA SANTA MARIA SAS,901543761,EPS FAMILIAR DE COLOMBIA S.A.S. - SUBSIDIADO,81904.0,2025-12-18T00:00:00,13:20:38,,b2e198998fbf303bc937ca9bda223a6a9ad3d4529244c02af9e4a4d61f8ebda6e151b84a592b44e04ad893cad7b6bc99,01,SS-CUFE     ,4,true,,,
2,119992512,CSM717044,800183943,CLINICA SANTA MARIA SAS,901543761,EPS FAMILIAR DE COLOMBIA S.A.S. - SUBSIDIADO,138132.0,2025-12-18T00:00:00,13:25:31,,beca058b28727007729154bef500108264a1c24049e436eb812eefc3f3fd506e8c8f64bb46d0d94ec3a479724ab098a3,01,SS-CUFE     ,12,true,,,
2,119992598,CSM717205,800183943,CLINICA SANTA MARIA SAS,901543761,EPS FAMILIAR DE COLOMBIA S.A.S. - SUBSIDIADO,60000.0,2025-12-18T00:00:00,16:59:42,,421b1988905e9f9252d64a9c9ed5c37000b763c8c153862d264e1518ad80f9ce31f4742613ad691df6a3ae7d03adb1f8,01,SS-CUFE     ,2,true,,,
2,119992662,CSM717222,800183943,CLINICA SANTA MARIA SAS,901543761,EPS FAMILIAR DE COLOMBIA S.A.S. - SUBSIDIADO,197325.0,2025-12-18T00:00:00,17:19:27,,d639a638c58a807f1302244b23b4df5034b838013bc7f4b8ece3e2ad5bd0d95c67932a5f002ca6f39a89b22a6203aca4,01,SS-CUFE     ,9,true,,,
2,119992734,CSM717224,800183943,CLINICA SANTA MARIA SAS,901543761,EPS FAMILIAR DE COLOMBIA S.A.S. - SUBSIDIADO,161464.0,2025-12-18T00:00:00,17:23:19,,d30281611302baa4ea58902908442f4b0662b22cf60e52017f6dcf5369ff82449077502f4fea0b591f411619c69d271e,01,SS-CUFE     ,13,true,,,
2,119992801,CSM717250,800183943,CLINICA SANTA MARIA SAS,901543761,EPS FAMILIAR DE COLOMBIA S.A.S. - SUBSIDIADO,231039.0,2025-12-18T00:00:00,18:40:59,,e69c1c10b35e2a20f74f1902e181a6456ca22ff53d3fd8663c08ff6e154ed5e470c58b0c806fd189b234f630572306c9,01,SS-CUFE     ,14,true,,,
2,119992897,CSM717255,800183943,CLINICA SANTA MARIA SAS,901543761,EPS FAMILIAR DE COLOMBIA S.A.S. - SUBSIDIADO,135433.0,2025-12-18T00:00:00,19:38:03,,fe8afdcd8a267021f86b7417ee5acbe3471e35bde1657b2556c29862667ef5aeff74592c3d036497698e3d4717e6e48c,01,SS-CUFE     ,11,true,,,
2,119993011,CSM717265,800183943,CLINICA SANTA MARIA SAS,901543761,EPS FAMILIAR DE COLOMBIA S.A.S. - SUBSIDIADO,191678.0,2025-12-18T00:00:00,20:30:21,,46e32033b5d3e180aed24efd5e0f1d3bd84ee2f86eb96bbff5d0333257db75badf87c97f37a837e8538d44abe9e15a2c,01,SS-CUFE     ,12,true,,,
2,119993091,CSM717268,800183943,CLINICA SANTA MARIA SAS,901543761,EPS FAMILIAR DE COLOMBIA S.A.S. - SUBSIDIADO,163678.0,2025-12-18T00:00:00,20:48:14,,aedf1e5bdbbaeb1f9fda28b675ae747a931191060493f0be5c948dfaba3d46fb33685ae8543f3a6bab9331cb527e2c51,01,SS-CUFE     ,12,true,,,
2,119993172,CSM717272,800183943,CLINICA SANTA MARIA SAS,901543761,EPS FAMILIAR DE COLOMBIA S.A.S. - SUBSIDIADO,853966.0,2025-12-18T00:00:00,22:14:20,,26ba68c62acc722a64605a4009773686abdc2c76122e5738f89c2d4bc479c6c2b69d18cff5be4215771fe7f286d581d8,01,SS-CUFE     ,21,true,,,
2,119993264,CSM715998,800183943,CLINICA SANTA MARIA SAS,901543761,EPS FAMILIAR DE COLOMBIA S.A.S. - SUBSIDIADO,146185.0,2025-12-17T00:00:00,00:05:26,,6006220948b084e7183723797788e116b177469b7534f0861a46e9fd08119e4f443b3c8a8be390c3c682a1dca2c95c72,01,SS-CUFE     ,13,true,,,
2,119993422,CSM716001,800183943,CLINICA SANTA MARIA SAS,901543761,EPS FAMILIAR DE COLOMBIA S.A.S. - SUBSIDIADO,149366.0,2025-12-17T00:00:00,00:23:47,,d2f90970962590cf746d591c3c35fe4e0c7cd8870873ba7c961fed7f39fc20c8851e7954609831c6a926a2582e838627,01,SS-CUFE     ,13,true,,,
2,119993517,CSM716008,800183943,CLINICA SANTA MARIA SAS,901543761,EPS FAMILIAR DE COLOMBIA S.A.S. - SUBSIDIADO,93106.0,2025-12-17T00:00:00,07:52:40,,f7c7cf2a118e5d715cbd1a3433dd4691e3a470e6b59eecab144b25536c2e2d3707390615751ef7cc7391ca9466da6277,01,SS-CUFE     ,11,true,,,
2,119993575,CSM716011,800183943,CLINICA SANTA MARIA SAS,901543761,EPS FAMILIAR DE COLOMBIA S.A.S. - SUBSIDIADO,223705.0,2025-12-17T00:00:00,08:00:58,,beb4877ed7b3eb67fd9f22cb99e96455147861252f244920d6e764177691cb25a7df27651d90a28b88f4d43e2373c1ae,01,SS-CUFE     ,14,true,,,
2,119993643,CSM716185,800183943,CLINICA SANTA MARIA SAS,901543761,EPS FAMILIAR DE COLOMBIA S.A.S. - SUBSIDIADO,59649.0,2025-12-17T00:00:00,10:24:54,,f3a160b186ccff54bf17e2e0fcda7670488609110c0047c6c357ac0bb46ca12bb4c938be2d643973abdff88a7e581b67,01,SS-CUFE     ,9,true,,,
2,119993750,CSM716320,800183943,CLINICA SANTA MARIA SAS,901543761,EPS FAMILIAR DE COLOMBIA S.A.S. - SUBSIDIADO,212505.0,2025-12-17T00:00:00,12:05:25,,6bbba23e500db9a49ae08fa100627ad56646a21e47435be731cdd0b90dc491732cc2578b56f9ce955fc1e7abe83cf0ef,01,SS-CUFE     ,17,true,,,
2,119993824,CSM716337,800183943,CLINICA SANTA MARIA SAS,901543761,EPS FAMILIAR DE COLOMBIA S.A.S. - SUBSIDIADO,306658.0,2025-12-17T00:00:00,12:16:44,,2f22c90c72a697a1d014927c3fff5806391af1868cd840017330ea3b19c5f614ff2300b154532461f78b60141fe0d6d6,01,SS-CUFE     ,23,true,,,
2,119993904,CSM716340,800183943,CLINICA SANTA MARIA SAS,901543761,EPS FAMILIAR DE COLOMBIA S.A.S. - SUBSIDIADO,163301.0,2025-12-17T00:00:00,12:17:57,,ea9912d9c33bd94466b476044baf87a3cdf3332f95f5eb9a67308a48fac0dca37a0eade38959c16882d86aed8a2ccc60,01,SS-CUFE     ,12,true,,,
2,119993986,CSM716364,800183943,CLINICA SANTA MARIA SAS,901543761,EPS FAMILIAR DE COLOMBIA S.A.S. - SUBSIDIADO,46971.0,2025-12-17T00:00:00,12:58:30,,cea4a44de1724da8a3c6fd84baead2b8042e51fc3a8b4a740373024d72e2845000461ef3319cf981ef47f782e3e63ebd,01,SS-CUFE     ,8,true,,,
2,119994047,CSM716530,800183943,CLINICA SANTA MARIA SAS,901543761,EPS FAMILIAR DE COLOMBIA S.A.S. - SUBSIDIADO,378021.0,2025-12-17T00:00:00,15:32:00,,ddc48d21b39a23de1704286406381f27f037ffcd0225ddd463612f34be967a0776fc0db2d9c14d23098f87aa6b02ba1f,01,SS-CUFE     ,23,true,,,
2,119994159,CSM716611,800183943,CLINICA SANTA MARIA SAS,901543761,EPS FAMILIAR DE COLOMBIA S.A.S. - SUBSIDIADO,895489.0,2025-12-17T00:00:00,16:24:44,,2fcc590df7e1a0c9262bfe4bf78eaa78fbd9e6b331c56efb0e8a87226cb4cd89d627531efdb09ac20be990096f0dc14e,01,SS-CUFE     ,19,true,,,
2,119994224,CSM716622,800183943,CLINICA SANTA MARIA SAS,901543761,EPS FAMILIAR DE COLOMBIA S.A.S. - SUBSIDIADO,101321.0,2025-12-17T00:00:00,16:31:19,,2c11d72933193447702cb803e03d6eb46aa08daf690171ffeadfd51fae92a3431e8c4a290f41b2739cab6d90734c5a90,01,SS-CUFE     ,11,true,,,
2,119994277,CSM716709,800183943,CLINICA SANTA MARIA SAS,901543761,EPS FAMILIAR DE COLOMBIA S.A.S. - SUBSIDIADO,144033.0,2025-12-17T00:00:00,18:55:43,,2424dfded7bd80110e514674f85e60612a134b0a2ec571666a2dff1d21eaa3a91e54b77de2d528b63e8c22a5702a3ca3,01,SS-CUFE     ,11,true,,,
2,119994377,CSM716710,800183943,CLINICA SANTA MARIA SAS,901543761,EPS FAMILIAR DE COLOMBIA S.A.S. - SUBSIDIADO,92864.0,2025-12-17T00:00:00,19:04:24,,381ab8e51524a8fb1fca4f8c438b866dbd3c497eb1256dc70d6f8828fd72da418d0de4f3cbf9161e79e8584ea09bf0f1,01,SS-CUFE     ,6,true,,,
2,119994437,CSM716715,800183943,CLINICA SANTA MARIA SAS,901543761,EPS FAMILIAR DE COLOMBIA S.A.S. - SUBSIDIADO,25000.0,2025-12-17T00:00:00,19:59:12,,a9eb5be6cc7f098cd4602f3a1912d4fac1a9878132f427ac989ae3f60119df3191f7241fba4d4554b0a548729506b17e,01,SS-CUFE     ,1,true,,,
2,119994498,CSM716716,800183943,CLINICA SANTA MARIA SAS,901543761,EPS FAMILIAR DE COLOMBIA S.A.S. - SUBSIDIADO,191708.0,2025-12-17T00:00:00,20:07:08,,6cafa3ddf26bd6e48689e8d61d171b8bcc46bd6edc01e8032b48075e4d11dbf84d0c5aba3d3e9b87b99d4eec21cccd06,01,SS-CUFE     ,16,true,,,
2,119994693,CSM715358,800183943,CLINICA SANTA MARIA SAS,901543761,EPS FAMILIAR DE COLOMBIA S.A.S. - SUBSIDIADO,167610.0,2025-12-16T00:00:00,00:08:59,,865189df5056d8fda9e27bfd655e1e83dbfdf22f07c539797a1d22cfc61e6e6270b783cbfa93676ac19dfa14a6789e74,01,SS-CUFE     ,11,true,,,
2,119994749,CSM715366,800183943,CLINICA SANTA MARIA SAS,901543761,EPS FAMILIAR DE COLOMBIA S.A.S. - SUBSIDIADO,94483.0,2025-12-16T00:00:00,07:47:41,,b9a5b1d3a199eb67353e35403db3eae78d0b5290dc548ceee400c65308f229fc7d4b3f8e92846993da8c272b57e8f692,01,SS-CUFE     ,4,true,,,
2,119994800,CSM715460,800183943,CLINICA SANTA MARIA SAS,901543761,EPS FAMILIAR DE COLOMBIA S.A.S. - SUBSIDIADO,170650.0,2025-12-16T00:00:00,09:57:32,,84aa79b9a537d3518e6e3355ec3d84811f30f176beeb0dd86ae3d51dc60cc434abc54281d843659ab379b7cc34d70c3c,01,SS-CUFE     ,13,true,,,
2,119994858,CSM715463,800183943,CLINICA SANTA MARIA SAS,901543761,EPS FAMILIAR DE COLOMBIA S.A.S. - SUBSIDIADO,161368.0,2025-12-16T00:00:00,10:02:53,,24febd4dea3eb0f61e923c37ff654aee8745c532db0b44411f132d23349b32a462a682fb58c704121c2a3b5f0015554b,01,SS-CUFE     ,12,true,,,
2,119994960,CSM715487,800183943,CLINICA SANTA MARIA SAS,901543761,EPS FAMILIAR DE COLOMBIA S.A.S. - SUBSIDIADO,93707.0,2025-12-16T00:00:00,10:32:48,,8381bba6c91ebf5f5cff0e450a3b2f510103d151e26d2e95a216d8e1142a8f46b5d2e49b0703687108cab6cb7c2124ba,01,SS-CUFE     ,6,true,,,
2,119995063,CSM715505,800183943,CLINICA SANTA MARIA SAS,901543761,EPS FAMILIAR DE COLOMBIA S.A.S. - SUBSIDIADO,497353.0,2025-12-16T00:00:00,10:54:21,,32f431d7749ab349364e8f63becbcbf30c8dafa11ba3f398106076e6fab6b0490eacec4aefcc11f5153243f5c57c1db6,01,SS-CUFE     ,20,true,,,
2,119995122,CSM715521,800183943,CLINICA SANTA MARIA SAS,901543761,EPS FAMILIAR DE COLOMBIA S.A.S. - SUBSIDIADO,81800.0,2025-12-16T00:00:00,11:11:32,,7375d3d553a7a3f920346d1f86d25c629949829d237952f8e0b7548b0b8f3bffed6ae008d3c615eaef2a47ee4e9c4194,01,SS-CUFE     ,3,true,,,
2,119995185,CSM715533,800183943,CLINICA SANTA MARIA SAS,901543761,EPS FAMILIAR DE COLOMBIA S.A.S. - SUBSIDIADO,111269.0,2025-12-16T00:00:00,11:29:21,,cc0e815a9f8dcb332ed56f78d06b476725a956b7f49aa7a055acb5aa330174cb9a5422cf66e0848f011e02e5a0d1c743,01,SS-CUFE     ,9,true,,,
2,119995253,CSM715723,800183943,CLINICA SANTA MARIA SAS,901543761,EPS FAMILIAR DE COLOMBIA S.A.S. - SUBSIDIADO,272999.0,2025-12-16T00:00:00,14:51:52,,79d889b39c08c61a48ecc3638e528422be9437163d96293ff1423355004ba1c2bbc78f3ef03449b031bb4e9bce4c64ba,01,SS-CUFE     ,17,true,,,
2,119995385,CSM715776,800183943,CLINICA SANTA MARIA SAS,901543761,EPS FAMILIAR DE COLOMBIA S.A.S. - SUBSIDIADO,713048.0,2025-12-16T00:00:00,15:23:24,,f38a51553122a7346404b885f21ef74e68b02bb58c6f68ab358cae4da6a04ddca2f7efb775da8da8be606d96de207eaa,01,SS-CUFE     ,26,true,,,
2,119995439,CSM715940,800183943,CLINICA SANTA MARIA SAS,901543761,EPS FAMILIAR DE COLOMBIA S.A.S. - SUBSIDIADO,98012.0,2025-12-16T00:00:00,17:33:38,,9b0738168a121f2d545b4cddc97e48a3ab0016dc32a11c074b3b25d0db328e02d93a7d487592d9a83614e8e6cf39c6a1,01,SS-CUFE     ,11,true,,,
2,119995498,CSM715966,800183943,CLINICA SANTA MARIA SAS,901543761,EPS FAMILIAR DE COLOMBIA S.A.S. - SUBSIDIADO,150050.0,2025-12-16T00:00:00,18:26:20,,99f7a425996a41ca52ac83a933c5250b6751d9eaf06b252ebe1802b94ea4bbca604e3bbe93ac61cd4f5110d519654132,01,SS-CUFE     ,7,true,,,
2,119995586,CSM715980,800183943,CLINICA SANTA MARIA SAS,901543761,EPS FAMILIAR DE COLOMBIA S.A.S. - SUBSIDIADO,84691.0,2025-12-16T00:00:00,20:02:46,,7c55219d643f37098538ce3d6388872a3049a9edb67b619b550d818b18aa454ff4dde0352ff4ded9ed228fbf6c2d6397,01,SS-CUFE     ,10,true,,,
2,119995675,CSM715985,800183943,CLINICA SANTA MARIA SAS,901543761,EPS FAMILIAR DE COLOMBIA S.A.S. - SUBSIDIADO,246395.0,2025-12-16T00:00:00,20:36:00,,0dd62fb5b7d4bd0c51c386431bd2dfe35c4c92e945e13159b6b4f2a7582d712d718e8e777b855402ce740a75e72cc15f,01,SS-CUFE     ,15,true,,,
2,119995772,CSM715988,800183943,CLINICA SANTA MARIA SAS,901543761,EPS FAMILIAR DE COLOMBIA S.A.S. - SUBSIDIADO,45180.0,2025-12-16T00:00:00,22:17:53,,989baab67e8d2fd00f2095b4849a308c3522020da636c390895aadff9e93743ae9acb5d27db6e5edaf5f4ecabd7b81eb,01,SS-CUFE     ,2,true,,,
2,119995862,CSM715992,800183943,CLINICA SANTA MARIA SAS,901543761,EPS FAMILIAR DE COLOMBIA S.A.S. - SUBSIDIADO,124781.0,2025-12-16T00:00:00,23:03:27,,23d5b760cab4bcfaeeb126f68ef3c80407892824b28655604770d482835a04c91620cd561473ecb286bfb5aae22ee16e,01,SS-CUFE     ,10,true,,,
2,119995955,CSM715993,800183943,CLINICA SANTA MARIA SAS,901543761,EPS FAMILIAR DE COLOMBIA S.A.S. - SUBSIDIADO,163320.0,2025-12-16T00:00:00,23:10:08,,7f8979115a3295094ac4265fcaeb5d4a1f037d0475bcfe198a7fac52476409cfca2a5050eb25d6e3bea372bd9b5ed94e,01,SS-CUFE     ,14,true,,,
2,119996030,CSM715995,800183943,CLINICA SANTA MARIA SAS,901543761,EPS FAMILIAR DE COLOMBIA S.A.S. - SUBSIDIADO,88904.0,2025-12-16T00:00:00,23:43:44,,db50cf62847a2a480e9b8903fe5ce0221db5cf14cdcf7422afcabc3454588e665c558d6afd3106b98239ec83d42485a7,01,SS-CUFE     ,7,true,,,
2,119996067,CSM714921,800183943,CLINICA SANTA MARIA SAS,901543761,EPS FAMILIAR DE COLOMBIA S.A.S. - SUBSIDIADO,949540.0,2025-12-15T00:00:00,10:35:34,,d4fa7c61f3ec18a6a5d7aa2d959d23aa651b7e2e160a2977c9747412b9406b87cb43cc589547e6d597d8b6ae236de14f,01,SS-CUFE     ,28,true,,,
2,119996108,CSM714988,800183943,CLINICA SANTA MARIA SAS,901543761,EPS FAMILIAR DE COLOMBIA S.A.S. - SUBSIDIADO,143400.0,2025-12-15T00:00:00,12:15:11,,3326b70544b8e369a7750f2c64d6075cc39e10aa9516ec6fe9e614fcc6ef1614109f3956325d5ca2d3e4119fa74a2c2d,01,SS-CUFE     ,14,true,,,
2,119996159,CSM715044,800183943,CLINICA SANTA MARIA SAS,901543761,EPS FAMILIAR DE COLOMBIA S.A.S. - SUBSIDIADO,60000.0,2025-12-15T00:00:00,13:41:41,,65372e19acee523d0ffdbca148aab69924106e7ef37ffcc49496b2346d3aa09213388b721b99bb8a49b04bfe63f0be45,01,SS-CUFE     ,2,true,,,
2,119996212,CSM715150,800183943,CLINICA SANTA MARIA SAS,901543761,EPS FAMILIAR DE COLOMBIA S.A.S. - SUBSIDIADO,146245.0,2025-12-15T00:00:00,15:20:13,,d959841cb3280f68d7354be79b44db9442be8e3d984d07ea8db6e417fb5b56ebf195f75196d75297aa9afc98f628982f,01,SS-CUFE     ,9,true,,,
2,119996275,CSM715210,800183943,CLINICA SANTA MARIA SAS,901543761,EPS FAMILIAR DE COLOMBIA S.A.S. - SUBSIDIADO,353754.0,2025-12-15T00:00:00,16:30:02,,ef68d94d0f0e0a0591f9580965e621fe2f2c6de154ab9b17309d9813b02d82c404c6de95aa180c3cfd75f8cf47835d00,01,SS-CUFE     ,9,true,,,
2,119996346,CSM715301,800183943,CLINICA SANTA MARIA SAS,901543761,EPS FAMILIAR DE COLOMBIA S.A.S. - SUBSIDIADO,185429.0,2025-12-15T00:00:00,18:27:10,,31be46f8daac723f5b0ea286927be36cd7391b9a3f38dcce4ed25b2fa50991cbbfba00580623c172cd9edbc7fcd2a90c,01,SS-CUFE     ,9,true,,,
2,119996419,CSM715330,800183943,CLINICA SANTA MARIA SAS,901543761,EPS FAMILIAR DE COLOMBIA S.A.S. - SUBSIDIADO,132486.0,2025-12-15T00:00:00,19:27:34,,cb2ecd229d4164441fdec9469ba307b7bf0cbf28d346d959dccf2200e4e0a00057dc89ce950ff0ac914368b5a6004a5a,01,SS-CUFE     ,13,true,,,
2,119996560,CSM715335,800183943,CLINICA SANTA MARIA SAS,901543761,EPS FAMILIAR DE COLOMBIA S.A.S. - SUBSIDIADO,62895.0,2025-12-15T00:00:00,19:51:25,,ce9db0c6808386f4fb2b1aa05c7f5b6564f7f065ceb72b12367e977cbb2a241b3be19280cf539b13ebf6feca6636593b,01,SS-CUFE     ,3,true,,,
2,119996705,CSM715341,800183943,CLINICA SANTA MARIA SAS,901543761,EPS FAMILIAR DE COLOMBIA S.A.S. - SUBSIDIADO,428668.0,2025-12-15T00:00:00,20:27:35,,26206ef14ed2c5bac445710a9c63d949701f73cd062837f0777bc909ac5ab46084409f6c7aebcf9f5ca9595002a24c63,01,SS-CUFE     ,24,true,,,
2,119996839,CSM715348,800183943,CLINICA SANTA MARIA SAS,901543761,EPS FAMILIAR DE COLOMBIA S.A.S. - SUBSIDIADO,113829.0,2025-12-15T00:00:00,22:22:57,,a1e4a03b6ff9047a843272acac9615e37a55e534e3ea07c2acfcd0d49d2922842c28032b8c5c2b6de987ab64925ec76c,01,SS-CUFE     ,9,true,,,
2,119996929,CSM715349,800183943,CLINICA SANTA MARIA SAS,901543761,EPS FAMILIAR DE COLOMBIA S.A.S. - SUBSIDIADO,127174.0,2025-12-15T00:00:00,22:27:10,,d9faa6399bf28404741eceb2dec9301b6ba8b96387ed408ddacd817c5db47d878cc6fb5adfbbed29ccad302a960bca9a,01,SS-CUFE     ,9,true,,,
2,119996962,CSM715354,800183943,CLINICA SANTA MARIA SAS,901543761,EPS FAMILIAR DE COLOMBIA S.A.S. - SUBSIDIADO,97787.0,2025-12-15T00:00:00,23:34:02,,4b5c2e6b7c533fb2b88207fa8c44ae125724a23fb87a0055d6156dd421323341f8d2e009682c3e7b45ddd9534a8d4a1b,01,SS-CUFE     ,5,true,,,
2,119997021,CSM715355,800183943,CLINICA SANTA MARIA SAS,901543761,EPS FAMILIAR DE COLOMBIA S.A.S. - SUBSIDIADO,114841.0,2025-12-15T00:00:00,23:39:29,,526936767819186bb2d70fded59777a5ac72fcf1fef7d48dd80d43af44080bb5969365caeefaf2b8278a83466dda7fa6,01,SS-CUFE     ,9,true,,,
2,119997224,CEFE43828,900611060,CENEMED QUILICHAO CENTRO DE ESPECIALISTAS SAS,901543761,EPS FAMILIAR DE COLOMBIA S.A.S.,54000.0,2026-01-05T00:00:00,08:30:59,,1853ef45e59cf61fe9cd0868d62f07e941d0b13e3f8782d7b103f5a7ca5f5ecb18267da11790cd331491cfdc435ae74f,01,SS-Recaudo  ,1,true,,,
2,119997691,CPS19752,802019573,CLINICA PORVENIR S.A.S.,901543761,EPS FAMILIAR DE COLOMBIA S.A.S  .,168636.0,2026-01-05T00:00:00,08:57:01,,c4c6735bc11a54662a9a664d41dc668c49338abb521e35bcde5cdc6c42cf1058e881db965eb9d3d10853a61266ddb907,01,SS-CUFE     ,8,true,,,
2,120004869,FE105608,823002342,CLINICA DE VARICES S.A.S,901543761,EPS FAMILIAR DE COLOMBIA SAS,400000.0,2026-01-05T00:00:00,09:08:02,,1ba82076afe4e013700c04ca871d309415ec83556e24d0ed5a9c30c8ea18c5dcdf969462df3cf05e3745e86286f76c9f,01,SS-CUFE     ,1,true,,,
2,120005997,FEAH531317,900196347,EMPRESA SOCIAL DEL ESTADO HOSPITAL LA DIVINA MISERICORDIA,901543761,Familiar de Colombia,75400.0,2026-01-03T00:00:00,10:36:04,,bdb8cca834d0a9ec3f1a3f242eb89c9a1f021a3b75ddd930342881e6492afb7985c1c3a1688f2122387ee9a3a6030d9e,01,SS-CUFE     ,1,true,,,
2,120006077,CSI175187,901336751,CLINIVIDA Y SALUD IPS SAS,901543761,EPS FAMILIAR DE COLOMBIA S.A.S.,4585877.0,2026-01-05T00:00:00,00:00:00,2026-03-06T00:00:00,16d55bc8579c63b3293afb98c462939b3318b97e0f8882c403398f2eb7c434b5a90767ce02333e7dd2fba96d05b46579,01,SS-CUFE     ,92,true,,,
2,120010460,OCBP1457562,800194798,ORGANIZACION CLINICA BONNADONA-PREVENIR S.A.S,901543761,EPS FAMILIAR DE COLOMBIA S.A.S.-EVENTO -EPS FAMILIAR DE COLOMBIA S.A.S.,55000.0,2026-01-03T00:00:00,10:20:20,2026-02-02T00:00:00,fc1cb1972194979688399e610bff5b610bd909817b4f8f24569c9c19c387a91a784d68ab0d1ca8dbd72b22eec7eb1f1c,01,SS-CUFE     ,1,true,,,
2,120010756,OCBP1457578,800194798,ORGANIZACION CLINICA BONNADONA-PREVENIR S.A.S,901543761,EPS FAMILIAR DE COLOMBIA S.A.S.-EVENTO -EPS FAMILIAR DE COLOMBIA S.A.S.,18515.0,2026-01-03T00:00:00,10:35:13,2026-02-02T00:00:00,4039a6d8a48aa1ab7dfe9c3ada4495a754964ddb659f6e8b91b66bcecdabf9e12c46c7dff79183204cab863d43f0fc5e,01,SS-CUFE     ,1,true,,,
2,120010821,OCBP1457582,800194798,ORGANIZACION CLINICA BONNADONA-PREVENIR S.A.S,901543761,EPS FAMILIAR DE COLOMBIA S.A.S.-EVENTO -EPS FAMILIAR DE COLOMBIA S.A.S.,18515.0,2026-01-03T00:00:00,10:35:20,2026-02-02T00:00:00,c08f5bb94f56f6caaea1f284086104ae11d8e62c9aa92ef75b0dbce55968a7c5caac6dcac3131b04ee7fc76c778b736b,01,SS-CUFE     ,1,true,,,
2,120010973,FESY10858,900275012,DISTRIBUIDORA Y DROGUERIA STOKOLMO SAS,901543761,EPS FAMILIAR DE COLOMBIA S.A.S,53298.0,2026-01-05T00:00:00,09:13:56,2026-01-05T00:00:00,f85d33e20d32e992f87ce90a45517159920ad588d3643d92d4f6c815a328c761b143578187e86422efb4f04b7d4c4b36,01,SS-CUFE     ,1,true,,,
2,120018623,CSI175208,901336751,CLINIVIDA Y SALUD IPS SAS,901543761,EPS FAMILIAR DE COLOMBIA S.A.S.,1376235.0,2026-01-05T00:00:00,00:00:00,2026-03-06T00:00:00,84cb395c1caefe8be1e5464a3c3afb072c039d6320db9050e544163a517b7f6cc9e8e196344a83544aeb56055b8d43bb,01,SS-CUFE     ,26,true,,,
2,120021047,FEH6447,900015779,SOCIEDAD DE HEMODINAMIA SANTA MARIA S.A.S,901543761,EPS FAMILIAR DE COLOMBIA S.A.S SUBSIDIADO,150000.0,2026-01-03T00:00:00,08:27:05,2026-01-03T00:00:00,e00fb38513893241ffd2ba0cba5b646385606669c1521983f172bfe2a8128b4e262fd50f67d2341ef17bea106a407894,01,SS-CUFE     ,1,true,,,
2,120021063,FEH6448,900015779,SOCIEDAD DE HEMODINAMIA SANTA MARIA S.A.S,901543761,EPS FAMILIAR DE COLOMBIA S.A.S SUBSIDIADO,33421715.0,2026-01-03T00:00:00,11:02:08,2026-01-03T00:00:00,4e572862d834893a12b17fadd873352ba4ab397bdbfd895a88a37985726e545ecd266efc34016acc2e83e6f7d5b7bcc4,01,SS-CUFE     ,51,true,,,
2,120021146,FEH6449,900015779,SOCIEDAD DE HEMODINAMIA SANTA MARIA S.A.S,901543761,EPS FAMILIAR DE COLOMBIA S.A.S SUBSIDIADO,4286439.0,2026-01-03T00:00:00,13:07:50,2026-01-03T00:00:00,1d7d3d264c70657df9c17cde4eafe2adedf867b4d22315e801dc7cfda9278d37944059b6ffdee6d3e1fc80005f951ade,01,SS-CUFE     ,33,true,,,
2,120021189,FEH6450,900015779,SOCIEDAD DE HEMODINAMIA SANTA MARIA S.A.S,901543761,EPS FAMILIAR DE COLOMBIA S.A.S SUBSIDIADO,2897709.0,2026-01-03T00:00:00,13:32:34,2026-01-03T00:00:00,792a234949e2b0fdab957d69e69069c7cd21de267760d08c220c03c3b59d376ec053c230194857cbe4f01a73a9e4d39a,01,SS-CUFE     ,35,true,,,
2,120021245,FEH6451,900015779,SOCIEDAD DE HEMODINAMIA SANTA MARIA S.A.S,901543761,EPS FAMILIAR DE COLOMBIA S.A.S SUBSIDIADO,2878514.0,2026-01-03T00:00:00,13:48:34,2026-01-03T00:00:00,ef98c3601a63a7fe0a7b03f4279742ce401a3545eb4d14659809ffe632d9eebc9d0dc11b140d318c7537f4be84795ea3,01,SS-CUFE     ,37,true,,,
2,120021300,FEH6452,900015779,SOCIEDAD DE HEMODINAMIA SANTA MARIA S.A.S,901543761,EPS FAMILIAR DE COLOMBIA S.A.S SUBSIDIADO,150000.0,2026-01-03T00:00:00,13:49:32,2026-01-03T00:00:00,5c165cfcd2f27c799c265c3215b724b95b046fbe8169d2d2eadf218822737ec69fc1906782de0a3e1d1051256eeb83eb,01,SS-CUFE     ,1,true,,,
2,120021309,FEH6453,900015779,SOCIEDAD DE HEMODINAMIA SANTA MARIA S.A.S,901543761,EPS FAMILIAR DE COLOMBIA S.A.S SUBSIDIADO,180000.0,2026-01-03T00:00:00,09:12:12,2026-01-03T00:00:00,47236556b39469d8574353bb819cf5d3f53995e0d5631e61d40d7006c0b990f451494eb40a226c5dee70b7d3f1b818b6,01,SS-CUFE     ,1,true,,,
2,120021321,FEH6506,900015779,SOCIEDAD DE HEMODINAMIA SANTA MARIA S.A.S,901543761,EPS FAMILIAR DE COLOMBIA S.A.S SUBSIDIADO,27701641.0,2026-01-05T00:00:00,09:08:55,2026-01-05T00:00:00,1b30dffc6da381c678b994f40f0fb72941a384bafa92fb1bf50fcc12080c5bfb94bfc70199c1a05cb25b5a436c93ac2e,01,SS-CUFE     ,50,true,,,
2,120026861,FE1585287,890303461,HOSPITAL UNIVERSITARIO DEL VALLE EVARISTO GARCIA E.S.E.,901543761,EPS FAMILIAR DE COLOMBIA S.A.S.,125700.0,2026-01-05T00:00:00,09:36:49,2026-02-04T00:00:00,b9549d7490fa289be4d5ee95adb28cbcc386435438a0333a3c2191cdf928a227bd0bc1c0fdfc3ef10203bc126bc390ef,01,SS-SinAporte,1,true,,,
2,120026995,CSI175214,901336751,CLINIVIDA Y SALUD IPS SAS,901543761,EPS FAMILIAR DE COLOMBIA S.A.S.,420322.0,2026-01-05T00:00:00,00:00:00,2026-03-06T00:00:00,a7f11344c25e7b81e5c255dfcdafbd8635520306c531c61caac5d54dc0f709a87b027922cf44f33efd2d73ac6c656b12,01,SS-CUFE     ,12,true,,,
2,120029420,SN649884,900971006,SUBRED INTEGRADA DE SERVICIOS DE SALUD NORTE E.S.E.,901543761,EPS FAMILIAR DE COLOMBIA S.AS.,101000.0,2026-01-05T00:00:00,09:42:53,,58a2b77ffe419ce6282d1f83c3586ef2174cd097b518c6e0eb4171f1a86668b2a75a1cd8dcec572c5b6e7773b157da6e,01,SS-CUFE     ,1,true,,,
2,120030858,CSI175219,901336751,CLINIVIDA Y SALUD IPS SAS,901543761,EPS FAMILIAR DE COLOMBIA S.A.S.,1052440.0,2026-01-05T00:00:00,00:00:00,2026-03-06T00:00:00,bbf8cc8ffbd5cb9dc285c4c84f24356f30e6c5e42ec26ac8ebbe1c56ffec4537f101be95ddb2495c1d57e588c8264238,01,SS-CUFE     ,17,true,,,
2,120032498,HSAJ271102,892120115,ESE HOSPITAL SAN JOSE DE MAICAO,901543761,EPS FAMILIAR DE COLOMBIA S.A.S.,93500.0,2026-01-02T00:00:00,00:00:00,,48a11906d62eb7493e14a09fff63b8edda34d260d98e9de5068c979027a116abc766507b176753c72487be70eb11e2ba,01,SS-CUFE     ,2,true,,,
2,120032502,HSAJ271099,892120115,ESE HOSPITAL SAN JOSE DE MAICAO,901543761,EPS FAMILIAR DE COLOMBIA S.A.S.,83400.0,2026-01-02T00:00:00,00:00:00,,d15002a3ff2884943ffc99f11e660dc76a31d4ec5a90b8006c8a7d5db3f8e2c303238569a269e8b8851030b45c906418,01,SS-CUFE     ,5,true,,,
2,120032503,HSAJ271120,892120115,ESE HOSPITAL SAN JOSE DE MAICAO,901543761,EPS FAMILIAR DE COLOMBIA S.A.S.,83100.0,2026-01-02T00:00:00,00:00:00,,9346de0c7f0804a9b91871787b149cf8003a6afa0661d30bda8571d5985b777c7ca5da137bcc49cab945bf4dd3410004,01,SS-CUFE     ,1,true,,,
2,120032504,HSAJ271131,892120115,ESE HOSPITAL SAN JOSE DE MAICAO,901543761,EPS FAMILIAR DE COLOMBIA S.A.S.,67900.0,2026-01-02T00:00:00,00:00:00,,0cf08845d2e0be88abb803073ebd0c99934a014b323116b15fb90a3b2d9f82a2bb87c091298a46aa376215b0a8ec457f,01,SS-CUFE     ,1,true,,,
2,120032505,HSAJ271107,892120115,ESE HOSPITAL SAN JOSE DE MAICAO,901543761,EPS FAMILIAR DE COLOMBIA S.A.S.,227000.0,2026-01-02T00:00:00,00:00:00,,696d9da000c1b97a3fe9e8a3c9ec88f4b0daf37bf55c712c89b75c9f85054f217cdde20db43991eae40f887088621ffd,01,SS-CUFE     ,2,true,,,
2,120032507,HSAJ271127,892120115,ESE HOSPITAL SAN JOSE DE MAICAO,901543761,EPS FAMILIAR DE COLOMBIA S.A.S.,141600.0,2026-01-02T00:00:00,00:00:00,,fa6a1ca705fcf8fd287df2624c038debce7987f1b2e880e047b059581e30a0ae8dd5bddca62058fc90283362a4d0b544,01,SS-CUFE     ,1,true,,,
2,120032519,HSAJ271149,892120115,ESE HOSPITAL SAN JOSE DE MAICAO,901543761,EPS FAMILIAR DE COLOMBIA S.A.S.,93500.0,2026-01-02T00:00:00,00:00:00,,93beb368ad193d5392aca221ea3cd088e6bcd2eba59bdda501a834e28e3fc90a719fb6cd73c638a692808401a530b79a,01,SS-CUFE     ,2,true,,,
2,120036957,FONC292883,812007194,ONCOMEDICA S.A.S.,901543761,EPS FAMILIAR DE COLOMBIA S.A.S,85555.0,2026-01-05T00:00:00,00:00:00,,7b1d546eef5d78976ae8c8ec27c2c0e2d473dad8888e746e7e54195587526a367a71b90446f0c3d04c4ef2722a62d263,01,SS-CUFE     ,1,true,,,
2,120041804,FC738072,830510991,CLINICA ESPECIALIZADA LA CONCEPCION S.A.S.,901543761,EPS FAMILIAR DE COLOMBIA S.A.S.,920747.0,2026-01-05T00:00:00,10:00:49,,124f27bb41a30582e65fdd608f30d2bab625e801dc3ef4cc4b7fdcfbccfe48bb26bf52b3cb13de2dc2a3607268df843f,01,SS-CUFE     ,15,true,,,
2,120057808,HSA918534,899999158,ESE HOSPITAL SAN ANTONIO DE SESQUILE,901543761,EPS FAMILIAR DE COLOMBIA,423919.0,2026-01-03T00:00:00,10:24:00,2026-01-03T00:00:00,dce5b4699730f9ef6fe9f27df6a8e2a1a9131110150760f3eb8ca681bf38a7188a50711d9ec3e9c7cc5e8f8d8a18dd23,01,SS-CUFE     ,13,true,,,
2,120058198,4224971,890904646,Hospital General de Medellín,901543761,EPS FAMILIAR DE COLOMBIA S.A.S,4340026.0,2025-12-20T00:00:00,00:00:00,2025-12-20T00:00:00,0e18a0ddc2e48a0f84fafa49bb3a296bd40ff3da67fff7da1e04097e6a8dfd0af5ad8df6567bf447c10568dfda407b97,01,SS-SinAporte,14,true,,,
2,120058976,4225582,890904646,Hospital General de Medellín,901543761,EPS FAMILIAR DE COLOMBIA S.A.S,1689000.0,2025-12-23T00:00:00,00:00:00,2025-12-23T00:00:00,19de768b36e993912537128af7654f909d3e3a861e64a31ec4beb58bc1d2de7193b31669aa63e548ead8077ca0b804c6,01,SS-SinAporte,1,true,,,
2,120059553,4226102,890904646,Hospital General de Medellín,901543761,EPS FAMILIAR DE COLOMBIA S.A.S,89080.0,2025-12-24T00:00:00,00:00:00,2025-12-24T00:00:00,ed3bd8c4c2952eafaa585a3017c044eb33e3b03175845350fb76d9e0dd6480d471686e90fed3ca99fd86f65daa3d889f,01,SS-SinAporte,1,true,,,
2,120062503,CGSA281410,823004881,IPS CLINICA GUARANDA SANA S.A.S,901543761,EPS FAMILIAR DE COLOMBIA S.A.S.,142350.0,2026-01-05T00:00:00,07:41:04,,f45fb6b7c0120c91c5e1d137f7ee441741a8bd5f2ed85df9b09c639f4cc0940edcf61e1de67f3f7a90eb3156762cf4ad,01,SS-CUFE     ,1,true,,,
2,120062507,CGSA281411,823004881,IPS CLINICA GUARANDA SANA S.A.S,901543761,EPS FAMILIAR DE COLOMBIA S.A.S.,167625.0,2026-01-05T00:00:00,07:42:26,,91f433f929984ed470a0bd8d2aebb1d624693df7774b656224f0c26549ccbc80b4b6a154fea4ff4f6ecb997c73a93217,01,SS-CUFE     ,1,true,,,
2,120062515,CGSA281412,823004881,IPS CLINICA GUARANDA SANA S.A.S,901543761,EPS FAMILIAR DE COLOMBIA S.A.S.,167625.0,2026-01-05T00:00:00,07:44:05,,c67b930245d297502a41d1c7965a01a01b39664a3dcf15cebf536c5e6ec9523adaa16394123894478db9cfb62324143f,01,SS-CUFE     ,1,true,,,
2,120062520,CGSA281414,823004881,IPS CLINICA GUARANDA SANA S.A.S,901543761,EPS FAMILIAR DE COLOMBIA S.A.S.,142350.0,2026-01-05T00:00:00,07:48:04,,28fc049098c737d825585879ec9b30c00b65113253979b633243891db507d0a899f9a8d9f7b25bf6e4f44a0dca6374a6,01,SS-CUFE     ,1,true,,,
2,120062523,CGSA281417,823004881,IPS CLINICA GUARANDA SANA S.A.S,901543761,EPS FAMILIAR DE COLOMBIA S.A.S.,142350.0,2026-01-05T00:00:00,07:52:37,,37ace23b641bcdee51ac5a02a6225973bd418c3a4ae5afdaa826d78bccb8e7c0817f91f9d70795029b3d36c003682753,01,SS-CUFE     ,1,true,,,
2,120062530,CGSA281418,823004881,IPS CLINICA GUARANDA SANA S.A.S,901543761,EPS FAMILIAR DE COLOMBIA S.A.S.,150150.0,2026-01-05T00:00:00,07:53:59,,e7de4baef5be245ef115d870c1709f7934e6b76355f7774d27f5a0c9cfc5ed4f23c6c645a389da831b13a79bf579d0c9,01,SS-CUFE     ,1,true,,,
2,120062537,CGSA281421,823004881,IPS CLINICA GUARANDA SANA S.A.S,901543761,EPS FAMILIAR DE COLOMBIA S.A.S.,276525.0,2026-01-05T00:00:00,07:55:56,,d4682945790bb4d38c2dd18dc1c2c6977c1dfb648484988aef11b7cfb310786d0fb17348f3d50f42853c92f85d1a507b,01,SS-CUFE     ,1,true,,,
2,120062542,CGSA281422,823004881,IPS CLINICA GUARANDA SANA S.A.S,901543761,EPS FAMILIAR DE COLOMBIA S.A.S.,276525.0,2026-01-05T00:00:00,08:00:02,,9665fd3db07c8d4166738ec56de4aaa147c446a3adb3f77ddd6c5f4a2340823444fc504479e99c0287cf9713509a8328,01,SS-CUFE     ,1,true,,,
2,120062551,CGSA281424,823004881,IPS CLINICA GUARANDA SANA S.A.S,901543761,EPS FAMILIAR DE COLOMBIA S.A.S.,167625.0,2026-01-05T00:00:00,08:00:55,,e37dbb11586c0047f962ff39b174365d2c1ae74be14b0cb849db44f48f0c5e46299ee89393cfaefe32165b6746347912,01,SS-CUFE     ,1,true,,,
2,120062554,CGSA281425,823004881,IPS CLINICA GUARANDA SANA S.A.S,901543761,EPS FAMILIAR DE COLOMBIA S.A.S.,62625.0,2026-01-05T00:00:00,08:01:54,,58e50c8fdf39546a2f628020d1f1ac39d7930b9611fdffbef76848fa51914305773c3e3cb8e1e5959bb3451d77f60a74,01,SS-CUFE     ,1,true,,,
2,120062563,CGSA281426,823004881,IPS CLINICA GUARANDA SANA S.A.S,901543761,EPS FAMILIAR DE COLOMBIA S.A.S.,276525.0,2026-01-05T00:00:00,08:03:12,,f6371d12763d209d9e708b318da34d6d157afbdc396d324ba5b86bef27dc4ecd0c9d34f9cce5e71bacb4ce09c9da65a4,01,SS-CUFE     ,1,true,,,
2,120062565,CGSA281427,823004881,IPS CLINICA GUARANDA SANA S.A.S,901543761,EPS FAMILIAR DE COLOMBIA S.A.S.,61575.0,2026-01-05T00:00:00,08:04:14,,5617ec4ffa42ab8e77b7832b2aa9917565d9dbec48b948cc570c24240333f77b7c602e10634671827d48d48e355779ac,01,SS-CUFE     ,1,true,,,
2,120062570,CGSA281429,823004881,IPS CLINICA GUARANDA SANA S.A.S,901543761,EPS FAMILIAR DE COLOMBIA S.A.S.,61575.0,2026-01-05T00:00:00,08:05:34,,893e3a818c8238550c2fe17e4e1c21cbfe40ceb4023347203791161ffcaf670da3adfcab71dd5e903f3c9b7b6210b49f,01,SS-CUFE     ,1,true,,,
2,120062578,CGSA281430,823004881,IPS CLINICA GUARANDA SANA S.A.S,901543761,EPS FAMILIAR DE COLOMBIA S.A.S.,58350.0,2026-01-05T00:00:00,08:06:38,,bd1d5e746b8c7ec04962cd733f05375692d5206b66770d60994a4016561373c428ad783d30235201e3ca985ba129de0d,01,SS-CUFE     ,1,true,,,
2,120062584,CGSA281432,823004881,IPS CLINICA GUARANDA SANA S.A.S,901543761,EPS FAMILIAR DE COLOMBIA S.A.S.,61575.0,2026-01-05T00:00:00,08:08:20,,b78076fa90256a217fc1ca6c9987a03e5999dbe38509cadbce412b16346a8840b7d7411293693db525cf113136a708d0,01,SS-CUFE     ,1,true,,,
2,120062588,CGSA281433,823004881,IPS CLINICA GUARANDA SANA S.A.S,901543761,EPS FAMILIAR DE COLOMBIA S.A.S.,61575.0,2026-01-05T00:00:00,08:12:59,,0ce435de066f7dfe4ca26e18a7ee54db1ce6b0e9194e566eb488463dc426222269dacacaf9c7409d80247d59c7f6a365,01,SS-CUFE     ,1,true,,,
2,120062597,CGSA281435,823004881,IPS CLINICA GUARANDA SANA S.A.S,901543761,EPS FAMILIAR DE COLOMBIA S.A.S.,61575.0,2026-01-05T00:00:00,08:17:35,,7994dcd2b33f187003e1921ade9752bddd7c01438e0872e40b427998e61c7fbc425df79e47741527da01a8e6e5d1f368,01,SS-CUFE     ,1,true,,,
2,120062606,CGSA281437,823004881,IPS CLINICA GUARANDA SANA S.A.S,901543761,EPS FAMILIAR DE COLOMBIA S.A.S.,61575.0,2026-01-05T00:00:00,08:21:55,,25d219233036c11293c1e41d13c5069a466b13d35c073654e4a24e396ac94cd41ffae68362353de4fcaddf9ba7dde909,01,SS-CUFE     ,1,true,,,
2,120062612,CGSA281438,823004881,IPS CLINICA GUARANDA SANA S.A.S,901543761,EPS FAMILIAR DE COLOMBIA S.A.S.,61575.0,2026-01-05T00:00:00,08:23:23,,135b7e73a5c51e80f1c8799f3028b2a329edf65ebd26aba83e63aada409c7f67f22be58116708df8117610798d6a022a,01,SS-CUFE     ,1,true,,,
2,120062615,CGSA281440,823004881,IPS CLINICA GUARANDA SANA S.A.S,901543761,EPS FAMILIAR DE COLOMBIA S.A.S.,61575.0,2026-01-05T00:00:00,08:27:43,,3fbca7cbc6645c65287921d7bfc244e0adbedb72dac720a9d18b27c695a366976e31e190fba42764637b09b213b901db,01,SS-CUFE     ,1,true,,,
2,120062622,CGSA281441,823004881,IPS CLINICA GUARANDA SANA S.A.S,901543761,EPS FAMILIAR DE COLOMBIA S.A.S.,60150.0,2026-01-05T00:00:00,08:29:10,,23e8f4444af1bb822571a0ec554a0b96f91bebb988befad1b74195855db9efa196e8bcf1cce413535affb24699619e19,01,SS-CUFE     ,1,true,,,
2,120062628,CGSA281442,823004881,IPS CLINICA GUARANDA SANA S.A.S,901543761,EPS FAMILIAR DE COLOMBIA S.A.S.,142350.0,2026-01-05T00:00:00,08:30:17,,f4eb11677a87df5f427b240b4f3c4f26837ea980a0586cbd396bb3755ab87a1a2870fe2ee85fb83f6ce2a51960d18a2f,01,SS-CUFE     ,1,true,,,
2,120062632,CGSA281443,823004881,IPS CLINICA GUARANDA SANA S.A.S,901543761,EPS FAMILIAR DE COLOMBIA S.A.S.,276525.0,2026-01-05T00:00:00,08:31:17,,a54d55d6c5c480b947141597628e0c1d0a9110347891bc38f6fd54433f4558d28175d10ca666ed20a1a01b8c89b7a2c3,01,SS-CUFE     ,1,true,,,
2,120062638,CGSA281445,823004881,IPS CLINICA GUARANDA SANA S.A.S,901543761,EPS FAMILIAR DE COLOMBIA S.A.S.,167625.0,2026-01-05T00:00:00,08:32:36,,fa0770cca94e702235eb5bef9ca899edeb23ff2030bf7c86539dcf37cb2a740a59bacfed3cbf65ee6b96a834f6097717,01,SS-CUFE     ,1,true,,,
2,120062642,CGSA281446,823004881,IPS CLINICA GUARANDA SANA S.A.S,901543761,EPS FAMILIAR DE COLOMBIA S.A.S.,142350.0,2026-01-05T00:00:00,08:34:35,,c74b15413d9bac77427c939caa03e909b7f44cf66f7217bedc9256bf1558440a05e57ba855c6a17376376d21e3fb5613,01,SS-CUFE     ,1,true,,,
2,120062647,CGSA281447,823004881,IPS CLINICA GUARANDA SANA S.A.S,901543761,EPS FAMILIAR DE COLOMBIA S.A.S.,276525.0,2026-01-05T00:00:00,08:35:52,,2458d4ffa97123cb4187b4ccd5cfa97772975e58497da78c020ad0caec6ecf4d5c0dc3b38f8a7dd9eee05f8b9e9afd72,01,SS-CUFE     ,1,true,,,
2,120062652,CGSA281448,823004881,IPS CLINICA GUARANDA SANA S.A.S,901543761,EPS FAMILIAR DE COLOMBIA S.A.S.,276525.0,2026-01-05T00:00:00,08:36:59,,37bae498081eb8ae9dbb9afe6b557985e15804a39b58a912a6ee376739690140e0805bfda99c730c7dba47f4fe2bfd52,01,SS-CUFE     ,1,true,,,
2,120062654,CGSA281451,823004881,IPS CLINICA GUARANDA SANA S.A.S,901543761,EPS FAMILIAR DE COLOMBIA S.A.S.,300300.0,2026-01-05T00:00:00,08:52:07,,3bf2500c0b02f64a5040cf2c0be609e7727548cef74bd0762bd0a9049428ad6520e726c857adeeb10c84005a61368937,01,SS-CUFE     ,1,true,,,
2,120062657,CGSA281452,823004881,IPS CLINICA GUARANDA SANA S.A.S,901543761,EPS FAMILIAR DE COLOMBIA S.A.S.,61575.0,2026-01-05T00:00:00,08:55:17,,976d9b47d5d9576726c9b7f21d417f71125353d0140bc7e346cf0429ec5fd33f860bc4eb991d23ee3f62b861a703ebf6,01,SS-CUFE     ,1,true,,,
2,120062664,CGSA281453,823004881,IPS CLINICA GUARANDA SANA S.A.S,901543761,EPS FAMILIAR DE COLOMBIA S.A.S.,61575.0,2026-01-05T00:00:00,08:59:49,,01aa39e2336aa9dc07427a57bc30c98e07a33c08b7df8e867acef6cbe8c550f18f67021dc5e0356a24bcc60d0c3fedf7,01,SS-CUFE     ,1,true,,,
2,120062666,CGSA281454,823004881,IPS CLINICA GUARANDA SANA S.A.S,901543761,EPS FAMILIAR DE COLOMBIA S.A.S.,167625.0,2026-01-05T00:00:00,09:00:44,,41cdadc1043192cb77d7a37a7775c6d81dfd9c740bb3bfd54e97f7e28d40f9ceed9d551570af285ab376a831cbc019c8,01,SS-CUFE     ,1,true,,,
2,120062673,CGSA281455,823004881,IPS CLINICA GUARANDA SANA S.A.S,901543761,EPS FAMILIAR DE COLOMBIA S.A.S.,167625.0,2026-01-05T00:00:00,09:01:51,,83e68d72e1c4beb7dd200452fffe717c861c6c00b5215d1738168330a8fb6b0ba0a43fb58361041dd943b7e2a0183066,01,SS-CUFE     ,1,true,,,
2,120062677,CGSA281456,823004881,IPS CLINICA GUARANDA SANA S.A.S,901543761,EPS FAMILIAR DE COLOMBIA S.A.S.,167625.0,2026-01-05T00:00:00,09:03:44,,5d3b43c9a3949d68a7669af7b416b918d630c8442dbdf6d6faf5de360ea20133aba11e098d5bda1a93af65216dd567f6,01,SS-CUFE     ,1,true,,,
2,120062680,CGSA281457,823004881,IPS CLINICA GUARANDA SANA S.A.S,901543761,EPS FAMILIAR DE COLOMBIA S.A.S.,146250.0,2026-01-05T00:00:00,09:04:34,,2002a160489de5c5d823d87dc884915f58132df9a8e60e496787d3aeb251c9bef5e29e6990cd0410242d3c5e6eac9e74,01,SS-CUFE     ,1,true,,,
2,120062685,CGSA281458,823004881,IPS CLINICA GUARANDA SANA S.A.S,901543761,EPS FAMILIAR DE COLOMBIA S.A.S.,167625.0,2026-01-05T00:00:00,09:05:33,,e41eb1aaca3c29281df409e9e3a61cafedc77549f552b0c915b8efc8c48d7874f2e697ee4745a00175c1fb439bace033,01,SS-CUFE     ,1,true,,,
2,120062690,CGSA281459,823004881,IPS CLINICA GUARANDA SANA S.A.S,901543761,EPS FAMILIAR DE COLOMBIA S.A.S.,61575.0,2026-01-05T00:00:00,09:06:59,,3b691b5a9caf310e62ac9a6da6a9a0eb066acac9980082c692b118f3f5ded2513a89833ea19517a79f52fc9c54777a48,01,SS-CUFE     ,1,true,,,
2,120062696,CGSA281460,823004881,IPS CLINICA GUARANDA SANA S.A.S,901543761,EPS FAMILIAR DE COLOMBIA S.A.S.,61575.0,2026-01-05T00:00:00,09:07:55,,6dee961645d9615943130c4a744a17d675d19983f19a9201963e19a49a0ab17769dffb948b8bf86615718dc8db26e087,01,SS-CUFE     ,1,true,,,
2,120062702,CGSA281461,823004881,IPS CLINICA GUARANDA SANA S.A.S,901543761,EPS FAMILIAR DE COLOMBIA S.A.S.,61575.0,2026-01-05T00:00:00,09:09:05,,00da3a35e1d241743705952316cc43d9f6e049d11b958b2d7c6d90af332ea84e86dbf6bd10a7aa3c491f976b8f5a7fc1,01,SS-CUFE     ,1,true,,,
2,120062710,CGSA281462,823004881,IPS CLINICA GUARANDA SANA S.A.S,901543761,EPS FAMILIAR DE COLOMBIA S.A.S.,61575.0,2026-01-05T00:00:00,09:09:56,,acd05026053a3e5e3fa8eb71990338b7325aa974292efc919903528e4fe1edca069fefac58aabfac0879c275e2e4af0f,01,SS-CUFE     ,1,true,,,
2,120062715,CGSA281464,823004881,IPS CLINICA GUARANDA SANA S.A.S,901543761,EPS FAMILIAR DE COLOMBIA S.A.S.,61575.0,2026-01-05T00:00:00,09:10:54,,9b00a7dee313a32a9108793d4c98fc054bce517965ff3a1d9199e3b0a0c7d86b58037342e5749e27ca992074a96e8bd8,01,SS-CUFE     ,1,true,,,
2,120062720,CGSA281466,823004881,IPS CLINICA GUARANDA SANA S.A.S,901543761,EPS FAMILIAR DE COLOMBIA S.A.S.,167625.0,2026-01-05T00:00:00,09:13:41,,fd37659eaa8af954184c2b51dbd665d21456bbccf747ed0f60c02c7db25b2dbe58710c0437bd2d665be4b852996ffaca,01,SS-CUFE     ,1,true,,,
2,120062722,CGSA281470,823004881,IPS CLINICA GUARANDA SANA S.A.S,901543761,EPS FAMILIAR DE COLOMBIA S.A.S.,276525.0,2026-01-05T00:00:00,09:20:17,,1d7a35d0499788230e301661a9a418fb8ea54bbe1ee559e7b7d9ff176c74f684d7b55a2e424b81809079216faab258ac,01,SS-CUFE     ,1,true,,,
2,120062730,CGSA281472,823004881,IPS CLINICA GUARANDA SANA S.A.S,901543761,EPS FAMILIAR DE COLOMBIA S.A.S.,29925.0,2026-01-05T00:00:00,09:23:45,,56781bacaa844a7886d5681fe382ddb441bdb370488a3eb8dc69bdbd3eaa5f52d176c696b7e19750429c0be80dc44014,01,SS-CUFE     ,1,true,,,
2,120067218,SOLD958,900275012,DISTRIBUIDORA Y DROGUERIA STOKOLMO SAS,901543761,EPS FAMILIAR DE COLOMBIA S.A.S,3038.0,2026-01-03T00:00:00,09:45:08,2026-01-03T00:00:00,98656788859e8f70fabae13fdcef8332e11e8b19ddfef1bafcc5bb7dc344d0037f8b8e31db312a3f59ce74d76fb5d9e2,01,SS-CUFE     ,1,true,,,
2,120075442,CEFE43891,900611060,CENEMED QUILICHAO CENTRO DE ESPECIALISTAS SAS,901543761,EPS FAMILIAR DE COLOMBIA S.A.S.,54000.0,2026-01-05T00:00:00,10:23:20,,85f6d5d344e9fe93e755dfe83e200030f99acb04decb3cd874d9911bc2ef0607438c97bce15c8775058c83fdaae3a1d6,01,SS-Recaudo  ,1,true,,,
2,120077339,DD51125,900418184,DIGITALDENT SERVICIOS SAS,901543761,EPS FAMILIAR DE COLOMBIA S.A.S.,102340.0,2025-12-10T00:00:00,13:44:00,,9845bd0c7c54f7250926bf92c0158009c9030de5504a55bf998f9b0e3df61a478cbbc68eaa2ea01d9f96ad0130fa7e1d,01,SS-SinAporte,1,true,,,
2,120077345,DD51126,900418184,DIGITALDENT SERVICIOS SAS,901543761,EPS FAMILIAR DE COLOMBIA S.A.S.,102340.0,2025-12-10T00:00:00,13:44:00,,9cc3cf01d34b95b026955511f36c561d93c63a9fa2b00374f29c4202fe6661ff14d9e4654cbfb190dcbdafc918e15e79,01,SS-SinAporte,1,true,,,
2,120077350,DD51127,900418184,DIGITALDENT SERVICIOS SAS,901543761,EPS FAMILIAR DE COLOMBIA S.A.S.,24817.0,2025-12-10T00:00:00,13:44:00,,7afbbffb15aa03674e86595d0b113aa4c8cffc5df685961fa6572af07ac19cbd4ed4cc19c1569792712cd06c2a7fa506,01,SS-SinAporte,1,true,,,
2,120077357,DD51128,900418184,DIGITALDENT SERVICIOS SAS,901543761,EPS FAMILIAR DE COLOMBIA S.A.S.,30791.0,2025-12-10T00:00:00,13:44:00,,31a0fc0b4380a7e23be61fdc8ad6db24563fec2626327d3d59590b42ef9b4e9f01f2f321aa5c5bb2f6fa5be24a54b725,01,SS-SinAporte,1,true,,,
2,120077363,DD51129,900418184,DIGITALDENT SERVICIOS SAS,901543761,EPS FAMILIAR DE COLOMBIA S.A.S.,26858.0,2025-12-10T00:00:00,13:44:00,,4c301eff8a61ab123844aa0cd6aa399ead436790b9b11ac4589c1b8aa8895e6dfc55e19837903eb72f60715bcb60a8a5,01,SS-SinAporte,1,true,,,
2,120077370,DD51130,900418184,DIGITALDENT SERVICIOS SAS,901543761,EPS FAMILIAR DE COLOMBIA S.A.S.,26858.0,2025-12-10T00:00:00,13:44:00,,f7ed0882b9e80eb9d26262ab219b851764bd6d798f346349c4510cf7decfaa9125642aaef322a4d13a14755e0408ab31,01,SS-SinAporte,1,true,,,
2,120077379,DD51131,900418184,DIGITALDENT SERVICIOS SAS,901543761,EPS FAMILIAR DE COLOMBIA S.A.S.,19149.0,2025-12-10T00:00:00,13:44:00,,41d9f7d323d1ff2677392d16790e945adb6de6f3c063f3412e20ae45a73f6090225ec7036ba386fbee30dd6792a88ffc,01,SS-SinAporte,1,true,,,
2,120077387,DD51132,900418184,DIGITALDENT SERVICIOS SAS,901543761,EPS FAMILIAR DE COLOMBIA S.A.S.,19149.0,2025-12-10T00:00:00,13:44:00,,1d37ff7921a2e758775b6dc5db5b57a28d0d03d01977fc20efe3b8fc9c18508ec07c3dfce941ec848f943af75000ef6e,01,SS-SinAporte,1,true,,,
2,120077398,DD51133,900418184,DIGITALDENT SERVICIOS SAS,901543761,EPS FAMILIAR DE COLOMBIA S.A.S.,38142.0,2025-12-10T00:00:00,13:44:00,,79b9b45e9b7c436bfeabc319de926129d2db003504fcbb4446fc53854030d74d34ff26e9bf8baa9762317ddf23b6c8ca,01,SS-SinAporte,1,true,,,
2,120077403,DD51134,900418184,DIGITALDENT SERVICIOS SAS,901543761,EPS FAMILIAR DE COLOMBIA S.A.S.,26858.0,2025-12-11T00:00:00,08:05:00,,8df3784df4b1c4ec53a3c7ece6520ae85541152ac7e1847b95592d04ba411f99e8281a50dbfc15f80d3c347c4c5b402b,01,SS-SinAporte,1,true,,,
2,120077409,DD51135,900418184,DIGITALDENT SERVICIOS SAS,901543761,EPS FAMILIAR DE COLOMBIA S.A.S.,26858.0,2025-12-11T00:00:00,08:11:00,,bf53e912db388929594746833579bf133298a61348dcd8665ed5c69148ab54a5f979f513b553f9d8c3b8efefbb935421,01,SS-SinAporte,1,true,,,
2,120077414,DD51136,900418184,DIGITALDENT SERVICIOS SAS,901543761,EPS FAMILIAR DE COLOMBIA S.A.S.,26858.0,2025-12-11T00:00:00,08:16:00,,e61dabdce31816ee4ddb6b689dc834e37dc4b634b3a1189efe129a07eb7375c2ca8bcff2e53090248afa39cf9f18f6b8,01,SS-SinAporte,1,true,,,
2,120077418,DD51137,900418184,DIGITALDENT SERVICIOS SAS,901543761,EPS FAMILIAR DE COLOMBIA S.A.S.,26858.0,2025-12-11T00:00:00,08:17:00,,883c290e54fcc4a5200b4fc9bed3f99bc628b0ac69d36cf3dd5617462260dbdc40b3442ff79d858772acb27c67cfd907,01,SS-SinAporte,1,true,,,
2,120077425,DD51138,900418184,DIGITALDENT SERVICIOS SAS,901543761,EPS FAMILIAR DE COLOMBIA S.A.S.,26858.0,2025-12-11T00:00:00,08:18:00,,2396ecdf01bab9d02777121384cd125ee87da2e0ab496fad2d3d4a81dbc4ab19711ed4e7b60abe3705f4b7f0c2dd8c62,01,SS-SinAporte,1,true,,,
2,120077428,DD51139,900418184,DIGITALDENT SERVICIOS SAS,901543761,EPS FAMILIAR DE COLOMBIA S.A.S.,25390.0,2025-12-11T00:00:00,08:19:00,,5d37484d77470f4e7b0135b40a8f3605aa581d13881251b47bec558650190d5e1b4ce6518dd1587a13080cc9d4b46b6b,01,SS-SinAporte,1,true,,,
2,120077431,DD51140,900418184,DIGITALDENT SERVICIOS SAS,901543761,EPS FAMILIAR DE COLOMBIA S.A.S.,26858.0,2025-12-11T00:00:00,08:20:00,,0a43d5ef3c92ea30197f76a8f0eec24a98ed203dce1bb191ddfc5371af13d6a1798c1d96ac0eb4524c36f3a5f5223046,01,SS-SinAporte,1,true,,,
2,120077437,DD51141,900418184,DIGITALDENT SERVICIOS SAS,901543761,EPS FAMILIAR DE COLOMBIA S.A.S.,19149.0,2025-12-11T00:00:00,08:20:00,,aa52e78a5884de5a9ad43d4528504b63bd42181fc053a7c550927cc85bd377fe5cfc96132cbeef00c378c314bf840826,01,SS-SinAporte,1,true,,,
2,120077444,DD51142,900418184,DIGITALDENT SERVICIOS SAS,901543761,EPS FAMILIAR DE COLOMBIA S.A.S.,28574.0,2025-12-11T00:00:00,08:22:00,,50504ce2d9fc151d0ed224b9a52422318d083f9210ab9284b25b246cb69d9eba4326f667f69d589e6b75a8c72dde0004,01,SS-SinAporte,1,true,,,
2,120077453,DD51143,900418184,DIGITALDENT SERVICIOS SAS,901543761,EPS FAMILIAR DE COLOMBIA S.A.S.,25792.0,2025-12-11T00:00:00,08:23:00,,0f15c994c397a66b9f9a94d6477a60e7afe344945fcbefb21d7879048657e73551c543a18ec625ec7512597ffb6fc8f3,01,SS-SinAporte,1,true,,,
2,120077458,DD51144,900418184,DIGITALDENT SERVICIOS SAS,901543761,EPS FAMILIAR DE COLOMBIA S.A.S.,26858.0,2025-12-11T00:00:00,08:25:00,,1d8ac2c8ca9dc8ff3589678d1e67472a08317863fef46bcac4e77856cb0d0ad72512b824e81d1138a747b34fb8170e2c,01,SS-SinAporte,1,true,,,
2,120077465,DD51145,900418184,DIGITALDENT SERVICIOS SAS,901543761,EPS FAMILIAR DE COLOMBIA S.A.S.,25390.0,2025-12-11T00:00:00,07:55:00,,9a61c296b71890c8256f9a106cb3bd9f9b98a08e9fb84c2c7237251817b7bfb3a2e6ee63f889f05a15608dc95f79b253,01,SS-SinAporte,1,true,,,
2,120077472,DD51146,900418184,DIGITALDENT SERVICIOS SAS,901543761,EPS FAMILIAR DE COLOMBIA S.A.S.,26858.0,2025-12-11T00:00:00,07:55:00,,9dfa9b7951b5d282dd0e4cd0364f5ab15bf247e34fa91fcbbfc0ca0c798010bdbed8a4f4c4e8be1c0f4531b153b342a8,01,SS-SinAporte,1,true,,,
2,120077476,DD51147,900418184,DIGITALDENT SERVICIOS SAS,901543761,EPS FAMILIAR DE COLOMBIA S.A.S.,26858.0,2025-12-11T00:00:00,07:55:00,,944569a667763f0474b27330d0cdd377198de9769df749f05fd2fe5936e9668f3ca875102f9a5d2413c90e7c2391eb74,01,SS-SinAporte,1,true,,,
2,120077483,DD51148,900418184,DIGITALDENT SERVICIOS SAS,901543761,EPS FAMILIAR DE COLOMBIA S.A.S.,38142.0,2025-12-11T00:00:00,07:55:00,,63016cfc1f1109e4dae1ed00df8b4aefc5732660ebf69f652357ec88c31d1e2d09afc1eb64a2f0fff55a1bff06a3cbc2,01,SS-SinAporte,1,true,,,
2,120077498,DD51149,900418184,DIGITALDENT SERVICIOS SAS,901543761,EPS FAMILIAR DE COLOMBIA S.A.S.,38142.0,2025-12-11T00:00:00,07:55:00,,73d38bcc9557e8c5107189b4f6f65366ba0526976816787c984acbdb3733bea25f45eede91b592430abf9c62f51cc916,01,SS-SinAporte,1,true,,,
2,120077501,DD51150,900418184,DIGITALDENT SERVICIOS SAS,901543761,EPS FAMILIAR DE COLOMBIA S.A.S.,38142.0,2025-12-11T00:00:00,07:55:00,,9f835f2769ee803e6b644dc59cc813ab8b8b3c4449357ec241695224e33fbb45bc9261a61bcdea09ca35360f0c8c19e3,01,SS-SinAporte,1,true,,,
2,120077514,DD51152,900418184,DIGITALDENT SERVICIOS SAS,901543761,EPS FAMILIAR DE COLOMBIA S.A.S.,26858.0,2025-12-11T00:00:00,07:55:00,,a23871c0d7ba4df4a0b98973cf08bc7e234c559e87b2fcfb32f8dbdb68abe5b735227eeb46318da1fdde6ef131ad49a8,01,SS-SinAporte,1,true,,,
2,120077520,DD51153,900418184,DIGITALDENT SERVICIOS SAS,901543761,EPS FAMILIAR DE COLOMBIA S.A.S.,10972.0,2025-12-11T00:00:00,07:55:00,,5d967e3825f22982792e918ce7ee2e41093220480970371206467109bbdf040c5660e1b401b6d33099cdf5e804ddba16,01,SS-SinAporte,1,true,,,
2,120077532,DD51154,900418184,DIGITALDENT SERVICIOS SAS,901543761,EPS FAMILIAR DE COLOMBIA S.A.S.,19149.0,2025-12-11T00:00:00,07:55:00,,202cf560a462d536034947ce7d7e8594881b1ff30ee1ba765711305f916dfc732dc26d60515d6b36560a8b8ae707d2a2,01,SS-SinAporte,1,true,,,
2,120077540,DD51155,900418184,DIGITALDENT SERVICIOS SAS,901543761,EPS FAMILIAR DE COLOMBIA S.A.S.,19149.0,2025-12-11T00:00:00,07:55:00,,0d93f443f535851d40f3d13f58ddd90f6c6fe272fbb45b91266e174f1361a63145196905db0757a0b063bd4b425be67d,01,SS-SinAporte,1,true,,,
2,120077560,DD51157,900418184,DIGITALDENT SERVICIOS SAS,901543761,EPS FAMILIAR DE COLOMBIA S.A.S.,26858.0,2025-12-11T00:00:00,07:55:00,,7a92c06f1c3396868895e279113de81abd2fa543126299f3432fd820c0b0e0c76384fb2288e73bc2fcc07aba69619568,01,SS-SinAporte,1,true,,,
2,120077573,DD51158,900418184,DIGITALDENT SERVICIOS SAS,901543761,EPS FAMILIAR DE COLOMBIA S.A.S.,19149.0,2025-12-11T00:00:00,07:55:00,,995f855280a94e6cf878b385079516f76ce2d6936e91e8d89872bce4aa426f3243fd70b92c8474b778aa619c3b5f5ba6,01,SS-SinAporte,1,true,,,
2,120077586,DD51159,900418184,DIGITALDENT SERVICIOS SAS,901543761,EPS FAMILIAR DE COLOMBIA S.A.S.,23628.0,2025-12-11T00:00:00,07:55:00,,c5ed401af8c01c3f604e582f5548f9468edb7e5ac1d84569e9ab88208a22cef565a7da0b68f6ee3ca088682ef8a32452,01,SS-SinAporte,1,true,,,
2,120077589,DD51160,900418184,DIGITALDENT SERVICIOS SAS,901543761,EPS FAMILIAR DE COLOMBIA S.A.S.,10972.0,2025-12-11T00:00:00,07:55:00,,fd7e820b757647d2ba42bea1b30a20eb53e902a45490727cc6b4df03b18dcd3a1d07840c36e7dceaebec130450626d80,01,SS-SinAporte,1,true,,,
2,120077596,DD51161,900418184,DIGITALDENT SERVICIOS SAS,901543761,EPS FAMILIAR DE COLOMBIA S.A.S.,26858.0,2025-12-11T00:00:00,07:55:00,,973fc5748ec70633e9e7f30e318bef8261c44726f117d243bc0ff49bebedd6358a8c4af299fa4663669af160f4f74c93,01,SS-SinAporte,1,true,,,
2,120077607,DD51162,900418184,DIGITALDENT SERVICIOS SAS,901543761,EPS FAMILIAR DE COLOMBIA S.A.S.,50780.0,2025-12-11T00:00:00,07:55:00,,9f1ec7847908dd4f325ca63ea6cf0925900413a7c00bece776f32e89d178879b001d7cccf800ccda0a56054cb5bcd461,01,SS-SinAporte,2,true,,,
2,120077615,DD51163,900418184,DIGITALDENT SERVICIOS SAS,901543761,EPS FAMILIAR DE COLOMBIA S.A.S.,10972.0,2025-12-11T00:00:00,07:55:00,,76d8cd306b3a577d4225f1331f3b27a2358358eda6602e81d45f3b73f3135f67d21818cf930ce23886aae4b469e91dcb,01,SS-SinAporte,1,true,,,
2,120077636,DD51164,900418184,DIGITALDENT SERVICIOS SAS,901543761,EPS FAMILIAR DE COLOMBIA S.A.S.,25636.0,2025-12-11T00:00:00,07:55:00,,3664d9a3a89aa6fc43d661546b4b7b3c228cd2cd20993a96a98aed72e635cb29048ccaa3f558d6b0aa6ac34757c2d148,01,SS-SinAporte,1,true,,,
2,120077653,DD51165,900418184,DIGITALDENT SERVICIOS SAS,901543761,EPS FAMILIAR DE COLOMBIA S.A.S.,19149.0,2025-12-11T00:00:00,07:55:00,,19527853a958af940393c63ae62b00d3383e82841fa292ab72ec2ab37eeed024bef58f8ff6d8587c31e577778d50e4c0,01,SS-SinAporte,1,true,,,
2,120077677,DD51167,900418184,DIGITALDENT SERVICIOS SAS,901543761,EPS FAMILIAR DE COLOMBIA S.A.S.,31272.0,2025-12-11T00:00:00,07:55:00,,2a2012b15572db4ab2f138421821505b1e3995dc3901eb8843e7f0e4acfb310a2ce4a57ed32804d80862221ab8d530da,01,SS-SinAporte,1,true,,,
2,120077697,DD51168,900418184,DIGITALDENT SERVICIOS SAS,901543761,EPS FAMILIAR DE COLOMBIA S.A.S.,26858.0,2025-12-11T00:00:00,07:55:00,,40b1f555c5638d3eb0f0fe2a25c99be120482a520bec8af6019f91fc212c25b707d6c870c715f7f2583157b5e0097241,01,SS-SinAporte,1,true,,,
2,120077712,DD51169,900418184,DIGITALDENT SERVICIOS SAS,901543761,EPS FAMILIAR DE COLOMBIA S.A.S.,38142.0,2025-12-11T00:00:00,07:55:00,,9b296bd22b0060ef93d0b5775c1dbef262a9b375cbab16bf39f6fd999148757b3e1c8140940edf1bee1fbf1461061731,01,SS-SinAporte,1,true,,,
2,120077722,DD51170,900418184,DIGITALDENT SERVICIOS SAS,901543761,EPS FAMILIAR DE COLOMBIA S.A.S.,26858.0,2025-12-11T00:00:00,07:55:00,,a9c5482b5c415f4dcb6267426e28acebfe3d8116f5aa4a55f1daee9129d9c312429d526da945d0beec3004fbb2809599,01,SS-SinAporte,1,true,,,
2,120077736,DD51171,900418184,DIGITALDENT SERVICIOS SAS,901543761,EPS FAMILIAR DE COLOMBIA S.A.S.,26858.0,2025-12-11T00:00:00,07:56:00,,de56c2a39d0f23fc1deac96baf282e19ded669afbfd9d0d46f688b60a0069daa2d8ea996dfaca3a8bb0f05bbe0bdac32,01,SS-SinAporte,1,true,,,
2,120077746,DD51172,900418184,DIGITALDENT SERVICIOS SAS,901543761,EPS FAMILIAR DE COLOMBIA S.A.S.,19149.0,2025-12-11T00:00:00,07:56:00,,5e39334443aaec6f07efcc89a884fd01b274f2fdd4c2831e93117e9929c57d0c8e363c65692a7912b83e55f7aad3d223,01,SS-SinAporte,1,true,,,
2,120077757,DD51173,900418184,DIGITALDENT SERVICIOS SAS,901543761,EPS FAMILIAR DE COLOMBIA S.A.S.,19149.0,2025-12-11T00:00:00,07:56:00,,54ce15a8689a7e31db8d8bf5932329249c6e61a1e8cf1b39b146ac5fbd9ea813bea8979553022aa8eb30d81b1b5ef24a,01,SS-SinAporte,1,true,,,
2,120077767,DD51174,900418184,DIGITALDENT SERVICIOS SAS,901543761,EPS FAMILIAR DE COLOMBIA S.A.S.,38142.0,2025-12-11T00:00:00,07:56:00,,a9d1c4b0986c8f123288c0c1ec47a95736981dedcdeec9fd0611c363055ee27809ad108856d6114c0d5fd6cfb69ef099,01,SS-SinAporte,1,true,,,
2,120077775,DD51175,900418184,DIGITALDENT SERVICIOS SAS,901543761,EPS FAMILIAR DE COLOMBIA S.A.S.,19149.0,2025-12-11T00:00:00,07:56:00,,4802cc173442e98eac53f9933446933976044f76832cee6b20388a92b0ff38b7c698cb4a91d84e408b4c934c9dddff85,01,SS-SinAporte,1,true,,,
2,120077788,DD51176,900418184,DIGITALDENT SERVICIOS SAS,901543761,EPS FAMILIAR DE COLOMBIA S.A.S.,102340.0,2025-12-11T00:00:00,07:56:00,,df917180144dcdbb404dee3fc5714801261c94120463506d8de6d53655ec143529a9de9ef3b6cf2fb315b1eb6e0bd210,01,SS-SinAporte,1,true,,,
2,120077796,DD51177,900418184,DIGITALDENT SERVICIOS SAS,901543761,EPS FAMILIAR DE COLOMBIA S.A.S.,102340.0,2025-12-11T00:00:00,07:56:00,,2189506275dc3eff71582e3d73daa35d777b6852573c532320e636c592a36bbe66ce5219f9d5c5c00259745734d39b35,01,SS-SinAporte,1,true,,,
2,120077818,DD51178,900418184,DIGITALDENT SERVICIOS SAS,901543761,EPS FAMILIAR DE COLOMBIA S.A.S.,25792.0,2025-12-11T00:00:00,07:56:00,,e35893719105bc6c242af2500af20d7e649911fa9a3e54996ae3c393a521a49fae77c944bb539cbe53332740614c134c,01,SS-SinAporte,1,true,,,
2,120077824,DD51179,900418184,DIGITALDENT SERVICIOS SAS,901543761,EPS FAMILIAR DE COLOMBIA S.A.S.,26858.0,2025-12-11T00:00:00,07:56:00,,b39f2c411e2c34fb158020b7564854c07dead618847b3646b5acf92f8cf921a6bd14bf85940cbdf672851c2cd4807dd1,01,SS-SinAporte,1,true,,,
2,120077831,DD51180,900418184,DIGITALDENT SERVICIOS SAS,901543761,EPS FAMILIAR DE COLOMBIA S.A.S.,25390.0,2025-12-11T00:00:00,07:56:00,,a8414768a01ca807eaa763f1f4d3660f3fdf9162e3208ef8f8f23ac993d4390f9b99a264fc0f2874abad9d0aa8fc8789,01,SS-SinAporte,1,true,,,
2,120077836,DD51181,900418184,DIGITALDENT SERVICIOS SAS,901543761,EPS FAMILIAR DE COLOMBIA S.A.S.,23628.0,2025-12-11T00:00:00,07:56:00,,a9524800e8e36652cd7b935bba23679cee91a97ce1711e3e7e5c03cc09f5498078cc9aa0726c94111c03cc20e8ce9460,01,SS-SinAporte,1,true,,,
2,120077843,DD51182,900418184,DIGITALDENT SERVICIOS SAS,901543761,EPS FAMILIAR DE COLOMBIA S.A.S.,10972.0,2025-12-11T00:00:00,07:56:00,,0d4414e8523c043fe726b359f4838f98cad01b7f44453f0a91e31bb7d037a1068600fbb74fdeb0d61485aba466a39b61,01,SS-SinAporte,1,true,,,
2,120077848,DD51183,900418184,DIGITALDENT SERVICIOS SAS,901543761,EPS FAMILIAR DE COLOMBIA S.A.S.,25390.0,2025-12-11T00:00:00,07:56:00,,719d720742bbaec3a862bb522f65a6616ac47d79ad6ae2fbcb6bad00850f7ddc8bc8b0f89353253ef773ee9cacae30e4,01,SS-SinAporte,1,true,,,
2,120077855,DD51184,900418184,DIGITALDENT SERVICIOS SAS,901543761,EPS FAMILIAR DE COLOMBIA S.A.S.,28574.0,2025-12-11T00:00:00,07:56:00,,d1628bd172fc1a9e79f6222cf946550ee9ad82436afe9236a880e66a50cfef5730085f05a642d06861cf7167fca52a18,01,SS-SinAporte,1,true,,,
2,120077859,DD51185,900418184,DIGITALDENT SERVICIOS SAS,901543761,EPS FAMILIAR DE COLOMBIA S.A.S.,25792.0,2025-12-11T00:00:00,07:56:00,,f0170d07e20feb1a72f779631b4712fab759f3b1250390997d3bd8a027280cf94bf621bde51c1abfe0a63451c88ce598,01,SS-SinAporte,1,true,,,
2,120077865,DD51186,900418184,DIGITALDENT SERVICIOS SAS,901543761,EPS FAMILIAR DE COLOMBIA S.A.S.,26858.0,2025-12-11T00:00:00,07:56:00,,76a709f7d23ef2e5a403d067c047fde0c886ae9ac2bb700c4871965a3b86e9444fbfa9763d7c5e0092f7dac2be8a2bf3,01,SS-SinAporte,1,true,,,
2,120077870,DD51187,900418184,DIGITALDENT SERVICIOS SAS,901543761,EPS FAMILIAR DE COLOMBIA S.A.S.,102340.0,2025-12-11T00:00:00,07:56:00,,f394f190b909c233d5025bce431bba36ee52e1fcbd18b59377416964caddd0f5d5cabad58282aa898b1af0da185c8937,01,SS-SinAporte,1,true,,,
2,120077875,DD51188,900418184,DIGITALDENT SERVICIOS SAS,901543761,EPS FAMILIAR DE COLOMBIA S.A.S.,19149.0,2025-12-11T00:00:00,07:56:00,,ded291caf8f447154e0346b3f966fac78f5ac522ff0e1f559a87709849d9451fc0ce4749b795dab975aae66bdd31d8bd,01,SS-SinAporte,1,true,,,
2,120077884,DD51189,900418184,DIGITALDENT SERVICIOS SAS,901543761,EPS FAMILIAR DE COLOMBIA S.A.S.,26858.0,2025-12-11T00:00:00,07:56:00,,76cdb57546c2baaee66710277f5eb0fac088a5fb3d6057c8274264183b3ce7f2b6a8542eb7f275554ce2063eec9838d6,01,SS-SinAporte,1,true,,,
2,120077888,DD51190,900418184,DIGITALDENT SERVICIOS SAS,901543761,EPS FAMILIAR DE COLOMBIA S.A.S.,26858.0,2025-12-11T00:00:00,07:56:00,,965afb1ab384d594bac4937036f6393d54fa87118e7e4c8b7efe74d683262cecb3bdb4046061a3900423a75173afb3f9,01,SS-SinAporte,1,true,,,
2,120077905,DD51191,900418184,DIGITALDENT SERVICIOS SAS,901543761,EPS FAMILIAR DE COLOMBIA S.A.S.,30791.0,2025-12-11T00:00:00,07:56:00,,49bae19383399b0d0ba3d4300644706bc758825539f17cf358136d11f105261aea8ff81c11e330239bf8b357dfb5b79c,01,SS-SinAporte,1,true,,,
2,120077909,DD51192,900418184,DIGITALDENT SERVICIOS SAS,901543761,EPS FAMILIAR DE COLOMBIA S.A.S.,19149.0,2025-12-11T00:00:00,07:56:00,,c400597254278ac4a5dc052b7943a1377a69bcab266f2e6d743e38e335a377ea4b289dde99bebd5e8742bb37b2b51ead,01,SS-SinAporte,1,true,,,
2,120077917,DD51193,900418184,DIGITALDENT SERVICIOS SAS,901543761,EPS FAMILIAR DE COLOMBIA S.A.S.,26858.0,2025-12-11T00:00:00,07:56:00,,2a8aa5960dce04a99a7a1c43af52bb1a33fdb2074503cc2bfe15f4104701360d7c6844a33a67dbfae3caa54fc6e9029b,01,SS-SinAporte,1,true,,,
2,120077921,DD51194,900418184,DIGITALDENT SERVICIOS SAS,901543761,EPS FAMILIAR DE COLOMBIA S.A.S.,30609.0,2025-12-11T00:00:00,07:56:00,,24cdb502138d5612a310869afe28e857f4dbfb03a9a0ee3563269fda213559f3f96364f22fa827c77b43fa4be1ada3ba,01,SS-SinAporte,1,true,,,
2,120077924,DD51195,900418184,DIGITALDENT SERVICIOS SAS,901543761,EPS FAMILIAR DE COLOMBIA S.A.S.,102340.0,2025-12-11T00:00:00,07:55:00,,b1f65d4d2929be9c7c8c195d28bcea0808c4099216de13359d1956e8bacc0e78d4343099871a99724d4d11077f8ebf22,01,SS-SinAporte,1,true,,,
2,120077934,DD51196,900418184,DIGITALDENT SERVICIOS SAS,901543761,EPS FAMILIAR DE COLOMBIA S.A.S.,102340.0,2025-12-11T00:00:00,07:55:00,,17a4a65f65537fb187e7fea5861dc33d37b2df4786e176c167c132656b8b4312e37b2f26c4bfcff61b73a35a58deaba2,01,SS-SinAporte,1,true,,,
2,120077941,DD51197,900418184,DIGITALDENT SERVICIOS SAS,901543761,EPS FAMILIAR DE COLOMBIA S.A.S.,102340.0,2025-12-11T00:00:00,07:55:00,,274d1be2bb92c3304f9324691893aae19e2955bc0ce07ca2cece438abc9ccdf7ade35d57bc405a93eaaf6fc5dbf95e21,01,SS-SinAporte,1,true,,,
2,120077947,DD51198,900418184,DIGITALDENT SERVICIOS SAS,901543761,EPS FAMILIAR DE COLOMBIA S.A.S.,102340.0,2025-12-11T00:00:00,07:55:00,,1053ad50ede6f788b261886cfa6b86e266e6e4b8020ee31b3996b8365d2d9c14b9595fade25d7f8d1dd33b51c89f3621,01,SS-SinAporte,1,true,,,
2,120077951,DD51199,900418184,DIGITALDENT SERVICIOS SAS,901543761,EPS FAMILIAR DE COLOMBIA S.A.S.,25390.0,2025-12-11T00:00:00,07:55:00,,20e7f4903d525e8290f3b91d3d13a9923392f41ff8e5e34d359949d598469b04801f89f66c2ad92dbdf188d44c4ad8b3,01,SS-SinAporte,1,true,,,
2,120077956,DD51200,900418184,DIGITALDENT SERVICIOS SAS,901543761,EPS FAMILIAR DE COLOMBIA S.A.S.,102340.0,2025-12-11T00:00:00,07:55:00,,42019504f01ae8265955b15c1cdcb35f36ec8a62c2ed618dac2da2c572119456f08e67e4a32146a15cf1b93bffed5eea,01,SS-SinAporte,1,true,,,
2,120077959,DD51201,900418184,DIGITALDENT SERVICIOS SAS,901543761,EPS FAMILIAR DE COLOMBIA S.A.S.,102340.0,2025-12-11T00:00:00,07:55:00,,e10453b23d13ce39439a9c5a0cc74e6b2015c4e3850dbce431b301964df54c8db588e11d89c5cec75740823c04c26b45,01,SS-SinAporte,1,true,,,
2,120077964,DD51202,900418184,DIGITALDENT SERVICIOS SAS,901543761,EPS FAMILIAR DE COLOMBIA S.A.S.,25390.0,2025-12-11T00:00:00,07:55:00,,0348c619d289af40f71a0a243a24d11bc9af399736404a665aed5318695e2734a4ef57a25fdb2e46337563e2528bf390,01,SS-SinAporte,1,true,,,
2,120077972,DD51203,900418184,DIGITALDENT SERVICIOS SAS,901543761,EPS FAMILIAR DE COLOMBIA S.A.S.,26858.0,2025-12-11T00:00:00,07:55:00,,eb454ebfb50409f55683610819cf22fb57ee55dcbb9d3aea51b3b610b2b3ffa0aa2928f7d9fc6afe4032b8541159cbef,01,SS-SinAporte,1,true,,,
2,120077979,DD51204,900418184,DIGITALDENT SERVICIOS SAS,901543761,EPS FAMILIAR DE COLOMBIA S.A.S.,26858.0,2025-12-11T00:00:00,07:55:00,,85fe2170f5aa4ab27c59e6dc30f13bedc705d0ab5bc0eacaf47af78c6267b0efc77a9db842d7d4e7ff1413d9fdc9e5a3,01,SS-SinAporte,1,true,,,
2,120077986,DD51205,900418184,DIGITALDENT SERVICIOS SAS,901543761,EPS FAMILIAR DE COLOMBIA S.A.S.,25792.0,2025-12-11T00:00:00,07:55:00,,8f5d1a30d69725ff2280af46f264e6749e83c7c20fe8b9d45ff247fa73224e7eff6410a2d5f70c0a7a9f2a20de930937,01,SS-SinAporte,1,true,,,
2,120077991,DD51206,900418184,DIGITALDENT SERVICIOS SAS,901543761,EPS FAMILIAR DE COLOMBIA S.A.S.,26858.0,2025-12-11T00:00:00,07:55:00,,78618a732165d2903a0376e1ef84ebe338a890726644c792997b91ec96d0120e5b8d4d41226c97731d91dc75d49a685f,01,SS-SinAporte,1,true,,,
2,120083516,SN649974,900971006,SUBRED INTEGRADA DE SERVICIOS DE SALUD NORTE E.S.E.,901543761,EPS FAMILIAR DE COLOMBIA S.AS.,361312.0,2026-01-05T00:00:00,10:51:55,,994a48f5b26368bf0d8e47c88ea658f6e4f881f2784cd2a79bbca97d56f641a2dcea81879c6132b1adb4fa180edde5fc,01,SS-CUFE     ,4,true,,,
2,120084540,HSAJ269430,892120115,ESE HOSPITAL SAN JOSE DE MAICAO,901543761,EPS FAMILIAR DE COLOMBIA S.A.S.,3714970.0,2025-12-24T00:00:00,00:00:00,,a175f65e1d144817d30a7f73b0612c29b92c9d13967e21273a5ff78e1f1eff67de72e3343935876bba8e9720e21e9354,01,SS-CUFE     ,68,true,,,
2,120093920,CGSA281405,823004881,IPS CLINICA GUARANDA SANA S.A.S,901543761,EPS FAMILIAR DE COLOMBIA S.A.S.,162925.0,2026-01-05T00:00:00,07:29:43,,d7a6a2706698f93b9b25a62d5d728425a1db47ca9958061aeeaf6cd520c26b76b310abecb48f92d15ba0d432ddda0d74,01,SS-CUFE     ,1,true,,,
2,120093924,CGSA281407,823004881,IPS CLINICA GUARANDA SANA S.A.S,901543761,EPS FAMILIAR DE COLOMBIA S.A.S.,56875.0,2026-01-05T00:00:00,07:35:54,,0823a29171c32c1d4ec539d3cbad40b48dd23ff93ab1b7577530110f504edbf8a6dc32e02e7ed859d57aa3b9b3a7c693,01,SS-CUFE     ,1,true,,,
2,120093949,CGSA281408,823004881,IPS CLINICA GUARANDA SANA S.A.S,901543761,EPS FAMILIAR DE COLOMBIA S.A.S.,56875.0,2026-01-05T00:00:00,07:37:47,,0e5d0b77e61a474f16042f72bb7754c16d3a709c8e4a966da6b3713a01fbab076378a37370d624e3d82219dd4192ff97,01,SS-CUFE     ,1,true,,,
2,120095058,FEIN64062,901341454,INTTEGRAL IPS SAS,901543761,EPS FAMILIAR DE COLOMBIA S.A.S,20000.0,2026-01-05T00:00:00,07:43:45,,9548cfad65bc38f35affda0aed3cb539301fa3aa95bd27317984fdda3f1d5fc76c77ee3db6023aa9ccc0c46f566a2ddf,01,SS-CUFE     ,1,true,,,
2,120095064,FEIN64063,901341454,INTTEGRAL IPS SAS,901543761,EPS FAMILIAR DE COLOMBIA S.A.S,20000.0,2026-01-05T00:00:00,07:44:29,,27d8ecb8aea8cf4365675e8aa30aea1cde0a3d3797dad22217d850367e1243b663f10601464da1e2f96dabe959178a9e,01,SS-CUFE     ,1,true,,,
2,120095071,FEIN64064,901341454,INTTEGRAL IPS SAS,901543761,EPS FAMILIAR DE COLOMBIA S.A.S,20000.0,2026-01-05T00:00:00,07:45:04,,d213a7d193b6ccdafc3179ca9a59fad9e314a286663a1632e728e5619616276005e6ed04657a75685c7b5efee1693c57,01,SS-CUFE     ,1,true,,,
2,120095078,FEIN64065,901341454,INTTEGRAL IPS SAS,901543761,EPS FAMILIAR DE COLOMBIA S.A.S,20000.0,2026-01-05T00:00:00,07:45:39,,2707828c3d500c8a58a9807e09dce802e4423d4069ef6950d829b1fb43508cba57ece41383bd005e2b26b03244a002e8,01,SS-CUFE     ,1,true,,,
2,120095082,FEIN64066,901341454,INTTEGRAL IPS SAS,901543761,EPS FAMILIAR DE COLOMBIA S.A.S,20000.0,2026-01-05T00:00:00,07:46:15,,2b34b132717bb9e62a1868f730bbc43c9ea549914f9ad774386c1e2a722251544053a3722444bb4fd9b727bd15fcac5a,01,SS-CUFE     ,1,true,,,
2,120095087,FEIN64067,901341454,INTTEGRAL IPS SAS,901543761,EPS FAMILIAR DE COLOMBIA S.A.S,20000.0,2026-01-05T00:00:00,07:46:43,,8023a5919d6301a72c46ea0426bdbc70e344753c9fb75be42288f893e6d75711864599a5e4fc210a1c4797f3de6f5c8e,01,SS-CUFE     ,1,true,,,
2,120095091,FEIN64068,901341454,INTTEGRAL IPS SAS,901543761,EPS FAMILIAR DE COLOMBIA S.A.S,20000.0,2026-01-05T00:00:00,07:47:12,,1da77c0395d10f3d413d32d0b2034f369ed06ad4d432c3c06effdc6cece3f571e16498ed5a762644e546d880380211fe,01,SS-CUFE     ,1,true,,,
2,120095096,FEIN64069,901341454,INTTEGRAL IPS SAS,901543761,EPS FAMILIAR DE COLOMBIA S.A.S,20000.0,2026-01-05T00:00:00,07:47:54,,d6500f4ca7d8ae1c6e91d376a58eaac28c9f4c094eeb7c6d4dff826b0aab04859f4cac516f02192ceeb1becac30ca910,01,SS-CUFE     ,1,true,,,
2,120095103,FEIN64070,901341454,INTTEGRAL IPS SAS,901543761,EPS FAMILIAR DE COLOMBIA S.A.S,20000.0,2026-01-05T00:00:00,07:48:25,,47ca0adb3b17753d73f6b692a0f645b4d9c2ea7d8b0cf0ce10bd8d786882f53f08b1f062a94553ca7c90e7c404c5ba64,01,SS-CUFE     ,1,true,,,
2,120095107,FEIN64071,901341454,INTTEGRAL IPS SAS,901543761,EPS FAMILIAR DE COLOMBIA S.A.S,20000.0,2026-01-05T00:00:00,07:52:51,,292aad26a89a8872a95434516cd6dd28d69e47e11455c2a51f03e219722bf15f512bb8b898dd7c385f9b596c14794708,01,SS-CUFE     ,1,true,,,
2,120095112,FEIN64072,901341454,INTTEGRAL IPS SAS,901543761,EPS FAMILIAR DE COLOMBIA S.A.S,20000.0,2026-01-05T00:00:00,07:53:21,,84045f22e36a1ef4e9d30f650000b575969fab42fb517084f6e7aed5dbed5b785cdd9a23f6362dd96d04ecdd7504efdb,01,SS-CUFE     ,1,true,,,
2,120095118,FEIN64073,901341454,INTTEGRAL IPS SAS,901543761,EPS FAMILIAR DE COLOMBIA S.A.S,20000.0,2026-01-05T00:00:00,07:53:45,,c3fcb8fd0aa67d73b5d8b083732c7c2d79665938d69bd525aa09bced8601694e526aef307f354a038a8ffc1160dec821,01,SS-CUFE     ,1,true,,,
2,120095121,FEIN64074,901341454,INTTEGRAL IPS SAS,901543761,EPS FAMILIAR DE COLOMBIA S.A.S,20000.0,2026-01-05T00:00:00,07:54:12,,559077070bad08b9adbe223c4c093437bdd7b406a933ceb81ff47d95a1358c3e09729b6de09f2a91ede1603f0678dcf5,01,SS-CUFE     ,1,true,,,
2,120095135,FEIN64075,901341454,INTTEGRAL IPS SAS,901543761,EPS FAMILIAR DE COLOMBIA S.A.S,20000.0,2026-01-05T00:00:00,07:54:37,,c4950bbb0e1289bb2760db669c4ab26a893a9c8111cab0f7b7e0961b96e2d99ca7044a58c73dba5509e25f226e169526,01,SS-CUFE     ,1,true,,,
2,120095137,FEIN64076,901341454,INTTEGRAL IPS SAS,901543761,EPS FAMILIAR DE COLOMBIA S.A.S,20000.0,2026-01-05T00:00:00,07:55:05,,449cb7d0dc308ac433a4a007dbbb308d61f64169b1ef655ec45041a148986aae74bb110354e95b44afc6871ca06e3757,01,SS-CUFE     ,1,true,,,
2,120095143,FEIN64077,901341454,INTTEGRAL IPS SAS,901543761,EPS FAMILIAR DE COLOMBIA S.A.S,20000.0,2026-01-05T00:00:00,07:55:31,,aa70aa0656c3e76782609831859789f5310f4e51f055103b8a4c5240689c997f4829c41a10bfbe0fadb83e200cc2de18,01,SS-CUFE     ,1,true,,,
2,120095149,FEIN64078,901341454,INTTEGRAL IPS SAS,901543761,EPS FAMILIAR DE COLOMBIA S.A.S,20000.0,2026-01-05T00:00:00,07:55:55,,2a73b903fa318431de6ae6dd3f9db9ce94427d01eb83ce573ea102871577b7dfcea6d7b009681053708046a026b629ab,01,SS-CUFE     ,1,true,,,
2,120095153,FEIN64079,901341454,INTTEGRAL IPS SAS,901543761,EPS FAMILIAR DE COLOMBIA S.A.S,20000.0,2026-01-05T00:00:00,07:56:24,,70e8ffd9b8b2f8e231bcefa91c2fd51d13e95d83bb009903d642f1f4f1084562832b186e2b50c53e72d63d513b6e2b74,01,SS-CUFE     ,1,true,,,
2,120095159,FEIN64080,901341454,INTTEGRAL IPS SAS,901543761,EPS FAMILIAR DE COLOMBIA S.A.S,20000.0,2026-01-05T00:00:00,07:56:49,,b6d6b97c68d4ded4bc557d1fd2808f1cab82f6cc8487fe14344ed0a819b03ad119d0010e2787607abd2df6b2064f4bd2,01,SS-CUFE     ,1,true,,,
2,120095168,FEIN64081,901341454,INTTEGRAL IPS SAS,901543761,EPS FAMILIAR DE COLOMBIA S.A.S,20000.0,2026-01-05T00:00:00,07:57:15,,988f7780d11921ff6cb99e811c54344082510093c16df548c2c192baef5f6637fd888cacbdb2543274efd735e7666924,01,SS-CUFE     ,1,true,,,
2,120095172,FEIN64082,901341454,INTTEGRAL IPS SAS,901543761,EPS FAMILIAR DE COLOMBIA S.A.S,20000.0,2026-01-05T00:00:00,07:57:42,,0d18c7197c9d226d61ecdf03b4c4d35d63b4725c3fd89998d167da61c5436d69e54bbdab59d581f76ea4e944699f0497,01,SS-CUFE     ,1,true,,,
2,120095182,FEIN64083,901341454,INTTEGRAL IPS SAS,901543761,EPS FAMILIAR DE COLOMBIA S.A.S,20000.0,2026-01-05T00:00:00,08:01:53,,8081612343ee35ec94d425fcb8b0fc86e7721757622fa095ce67dfeefc92a0953f40ab44d1546f509c72e1902f6732d7,01,SS-CUFE     ,1,true,,,
2,120095187,FEIN64084,901341454,INTTEGRAL IPS SAS,901543761,EPS FAMILIAR DE COLOMBIA S.A.S,20000.0,2026-01-05T00:00:00,08:02:22,,1cc0bce251c2d1a7fcbb6bbb07052f92e4f46a1b9dfe44883fb4670316dddecb26894f67808e9dcaeb433f518645325b,01,SS-CUFE     ,1,true,,,
2,120095193,FEIN64085,901341454,INTTEGRAL IPS SAS,901543761,EPS FAMILIAR DE COLOMBIA S.A.S,20000.0,2026-01-05T00:00:00,08:04:31,,c97a7c642e2b18fac3cdf13899cccd0fbe9135385a38631b36e5b084b161bca79367c4abcec8cb829322c4f9ba4a5f93,01,SS-CUFE     ,1,true,,,
2,120095201,FEIN64086,901341454,INTTEGRAL IPS SAS,901543761,EPS FAMILIAR DE COLOMBIA S.A.S,20000.0,2026-01-05T00:00:00,08:04:57,,82df7bb6ebb02f7c81ef8355e98c108a4539bab8b10596bef6267e006da1f62c35434318f158d40254580571ab7876da,01,SS-CUFE     ,1,true,,,
2,120095212,FEIN64087,901341454,INTTEGRAL IPS SAS,901543761,EPS FAMILIAR DE COLOMBIA S.A.S,20000.0,2026-01-05T00:00:00,08:05:45,,60016aecd93be421347ca90df084bb70565dd0d4c8ec7226321db629afffc48a82c8d03f5f54c5a121ac84e6615f1cc3,01,SS-CUFE     ,1,true,,,
2,120095220,FEIN64088,901341454,INTTEGRAL IPS SAS,901543761,EPS FAMILIAR DE COLOMBIA S.A.S,20000.0,2026-01-05T00:00:00,08:06:11,,4ce37e8f4ead0ce95ac3197972b7b1f764bcd6dcb3519d92d656e84d6d942e7ae840f1852866de9b12eb71bc6f7452f9,01,SS-CUFE     ,1,true,,,
2,120095230,FEIN64089,901341454,INTTEGRAL IPS SAS,901543761,EPS FAMILIAR DE COLOMBIA S.A.S,20000.0,2026-01-05T00:00:00,08:06:40,,5319c58e4dda90bbe4b8101c01b4db2d373efc9b0fc8aeef632a0ae72e796ea79a22708cd55703effc9e45edc3679bff,01,SS-CUFE     ,1,true,,,
2,120095234,FEIN64090,901341454,INTTEGRAL IPS SAS,901543761,EPS FAMILIAR DE COLOMBIA S.A.S,20000.0,2026-01-05T00:00:00,08:07:10,,f4c2d0ba41debc1aea55dd5d032c8064c020ace313cef12afe6172c914c918cc82b96aabfcc8bbb8d2384a3dbb9f3c4d,01,SS-CUFE     ,1,true,,,
2,120095244,FEIN64091,901341454,INTTEGRAL IPS SAS,901543761,EPS FAMILIAR DE COLOMBIA S.A.S,20000.0,2026-01-05T00:00:00,08:07:38,,25805b8e869eaae1d26b206dd0f78eb2b92ea4454afb1c36c0ad04ef408051a6a3c1f729c01b6672f3b4b42d7a10a309,01,SS-CUFE     ,1,true,,,
2,120095250,FEIN64092,901341454,INTTEGRAL IPS SAS,901543761,EPS FAMILIAR DE COLOMBIA S.A.S,20000.0,2026-01-05T00:00:00,08:08:01,,5a55a3a1c2a4432bde949816028ff83042c7b824ba4665c8f18d68f288950c20951aa55263127cc79b0407b456676000,01,SS-CUFE     ,1,true,,,
2,120095258,FEIN64093,901341454,INTTEGRAL IPS SAS,901543761,EPS FAMILIAR DE COLOMBIA S.A.S,20000.0,2026-01-05T00:00:00,08:08:25,,87edb63c9a6c3916b108d9f2b2772bc3293a59bb7994ebbd5f3a9387968cb4003decc303b24a49f566b911aa8fa779e4,01,SS-CUFE     ,1,true,,,
2,120095266,FEIN64094,901341454,INTTEGRAL IPS SAS,901543761,EPS FAMILIAR DE COLOMBIA S.A.S,80000.0,2026-01-05T00:00:00,08:09:33,,6e51a49be7d7a7c6cfbe1872b65b1c129e841354038ded14f50cc928386b5fc1bffdd56f9a5dfe94dab3876a173b95ce,01,SS-CUFE     ,1,true,,,
2,120095275,FEIN64095,901341454,INTTEGRAL IPS SAS,901543761,EPS FAMILIAR DE COLOMBIA S.A.S,80000.0,2026-01-05T00:00:00,08:10:42,,2113b47f00fda047953066551c24dd1432008a54ce92c65fb517e0d22177fa665bc36ef2dbccd593b684584e2de54ebc,01,SS-CUFE     ,1,true,,,
2,120095280,FEIN64096,901341454,INTTEGRAL IPS SAS,901543761,EPS FAMILIAR DE COLOMBIA S.A.S,80000.0,2026-01-05T00:00:00,08:11:08,,00c4170803a4bdc1e82481e271a5a7d3024bc48874f43576c494f73fa1310841cbfa7072b67d8d9e875e72b820e45e87,01,SS-CUFE     ,1,true,,,
2,120095283,FEIN64097,901341454,INTTEGRAL IPS SAS,901543761,EPS FAMILIAR DE COLOMBIA S.A.S,80000.0,2026-01-05T00:00:00,08:11:33,,e1b0fcaf1fd391afd798baefa3da9c500e3ac7047a8c0991b7173f8208de145a90d94cbd48777805e8091a21f490680e,01,SS-CUFE     ,1,true,,,
2,120095289,FEIN64098,901341454,INTTEGRAL IPS SAS,901543761,EPS FAMILIAR DE COLOMBIA S.A.S,80000.0,2026-01-05T00:00:00,08:15:16,,05cf64e92ce2b9391c22e1b010137d62addb02ccc9309bd10445ea80773fad01f95281c7e3b92a255848dad5b02fa4c1,01,SS-CUFE     ,1,true,,,
2,120095297,FEIN64099,901341454,INTTEGRAL IPS SAS,901543761,EPS FAMILIAR DE COLOMBIA S.A.S,80000.0,2026-01-05T00:00:00,08:16:25,,4ac4b06a8823095fc899084e67ac43d24b9a43fd829db3d1799ab45a9f1fa8a73a30bd8578c1da9945898ecae1c69368,01,SS-CUFE     ,1,true,,,
2,120095302,FEIN64101,901341454,INTTEGRAL IPS SAS,901543761,EPS FAMILIAR DE COLOMBIA S.A.S,80000.0,2026-01-05T00:00:00,08:17:18,,c6484e83d6bdb1f72f8c0f271ce3e3dac818b2051d6247844f3017b443aeb7ff07da6050a2a612c49266dd7e28403380,01,SS-CUFE     ,1,true,,,
2,120095309,FEIN64102,901341454,INTTEGRAL IPS SAS,901543761,EPS FAMILIAR DE COLOMBIA S.A.S,80000.0,2026-01-05T00:00:00,08:23:15,,65084a3723e3e42e777e189cc50b5a7d22721a906630ce6dcc7eac320b9102bac8096c7f8a1e1ee23e651ca911731961,01,SS-CUFE     ,1,true,,,
2,120095315,FEIN64103,901341454,INTTEGRAL IPS SAS,901543761,EPS FAMILIAR DE COLOMBIA S.A.S,80000.0,2026-01-05T00:00:00,08:23:43,,f127a4eb52122b535d1a48b91a2f97c942ddb6ff0f1e921e19a23d49fcabcdb09d3b4925372c1e0cd095d6a3700ddba5,01,SS-CUFE     ,1,true,,,
2,120095320,FEIN64104,901341454,INTTEGRAL IPS SAS,901543761,EPS FAMILIAR DE COLOMBIA S.A.S,80000.0,2026-01-05T00:00:00,08:24:09,,d8de8fc149042d2771a8e3532267b25a75cd65df50c92d83ad96736ccbf58425110bcac724f271b2a29d6476ed63122f,01,SS-CUFE     ,1,true,,,
2,120095328,FEIN64105,901341454,INTTEGRAL IPS SAS,901543761,EPS FAMILIAR DE COLOMBIA S.A.S,80000.0,2026-01-05T00:00:00,08:26:56,,83c649f26ceb7426e46995eeeed9f1da14099b2a1ec5debd2eaa45f8d02b0a73c280d9aab5605728e32a9d5b2c692959,01,SS-CUFE     ,1,true,,,
2,120095339,FEIN64106,901341454,INTTEGRAL IPS SAS,901543761,EPS FAMILIAR DE COLOMBIA S.A.S,80000.0,2026-01-05T00:00:00,08:27:37,,5811f58928e08216359276cc4d28914e86104ae0284e7992fd75cdfdcd5c037d1a644925d449358b541b94eaacb059ad,01,SS-CUFE     ,1,true,,,
2,120095349,FEIN64107,901341454,INTTEGRAL IPS SAS,901543761,EPS FAMILIAR DE COLOMBIA S.A.S,80000.0,2026-01-05T00:00:00,08:28:01,,b5aa5a75e10daacefdd14c9643bd9dee288b5a3273b396c2823bbb7e1297f69f9b8b1fc5cc08703f28b113d0c232fc17,01,SS-CUFE     ,1,true,,,
2,120095352,FEIN64108,901341454,INTTEGRAL IPS SAS,901543761,EPS FAMILIAR DE COLOMBIA S.A.S,80000.0,2026-01-05T00:00:00,08:28:25,,b479389a6c0d0056cfaedcf76fe83324a051c1968884e838f9631e8b26e4fbea9ae64983dc2e0a71be18e3362a7263a4,01,SS-CUFE     ,1,true,,,
2,120095359,FEIN64109,901341454,INTTEGRAL IPS SAS,901543761,EPS FAMILIAR DE COLOMBIA S.A.S,80000.0,2026-01-05T00:00:00,08:34:46,,3e87af57f8366e65832d2e400e698ccee930f3fee2954361743753f1a950f96c44ad0e8f80b1c9981491f348963b1e34,01,SS-CUFE     ,1,true,,,
2,120095362,FEIN64110,901341454,INTTEGRAL IPS SAS,901543761,EPS FAMILIAR DE COLOMBIA S.A.S,80000.0,2026-01-05T00:00:00,08:35:12,,6d5c59162f6a7f56c8fb67d0d8c414020ecb7c22303a5db57da5da25121cf5a3879a085f2ecc2406a6be595270ed9807,01,SS-CUFE     ,1,true,,,
2,120095368,FEIN64111,901341454,INTTEGRAL IPS SAS,901543761,EPS FAMILIAR DE COLOMBIA S.A.S,80000.0,2026-01-05T00:00:00,08:35:36,,b5a134a9a84567d50382d9dff44d991ec2e65017f3644b964a4a84c37a1e4277b5810e11883174329a4c62face8da91e,01,SS-CUFE     ,1,true,,,
2,120095374,FEIN64112,901341454,INTTEGRAL IPS SAS,901543761,EPS FAMILIAR DE COLOMBIA S.A.S,80000.0,2026-01-05T00:00:00,08:37:09,,f0952e7b227500113daaa34a81f62c6da6a40fd4b5b219064e8663251bd82e70d326fe2a94af1d681ad96a0e7f5ae4c9,01,SS-CUFE     ,1,true,,,
2,120095377,FEIN64113,901341454,INTTEGRAL IPS SAS,901543761,EPS FAMILIAR DE COLOMBIA S.A.S,80000.0,2026-01-05T00:00:00,08:40:13,,ac05c07e73f45987588be1996f5943765d6a8f19ac2bceff680e89920694b8c2c35763be92271e07a08a3cbc2f22e11c,01,SS-CUFE     ,1,true,,,
2,120095383,FEIN64114,901341454,INTTEGRAL IPS SAS,901543761,EPS FAMILIAR DE COLOMBIA S.A.S,80000.0,2026-01-05T00:00:00,08:41:36,,579d0af5d94e073b6ca530db530bc7ff6a162ba3dad5595980fbb58c93508bd2408e2fe64603cc7989ba7aefb4205eb7,01,SS-CUFE     ,1,true,,,
2,120095387,FEIN64115,901341454,INTTEGRAL IPS SAS,901543761,EPS FAMILIAR DE COLOMBIA S.A.S,80000.0,2026-01-05T00:00:00,08:42:34,,89f7239684486405931944e6093f351502a38421344d17510ff717b9f14efb0b0ea95fe40854455a1e438b6c27c76473,01,SS-CUFE     ,1,true,,,
2,120095392,FEIN64116,901341454,INTTEGRAL IPS SAS,901543761,EPS FAMILIAR DE COLOMBIA S.A.S,80000.0,2026-01-05T00:00:00,08:43:02,,b3efa4c76a7e282496ac6f69359c8e1fcac691bf67614b6b31608e34a8722108937dd4f6f41d5436664b1dc9a7bac000,01,SS-CUFE     ,1,true,,,
2,120095397,FEIN64117,901341454,INTTEGRAL IPS SAS,901543761,EPS FAMILIAR DE COLOMBIA S.A.S,80000.0,2026-01-05T00:00:00,08:43:27,,19c01a2d4ba40ea7366b7cb9f50e0bd6712ae6f90b110f61d6920c2ef77b951afa6adda92b754fbd620c692c62b7cbed,01,SS-CUFE     ,1,true,,,
2,120095403,FEIN64118,901341454,INTTEGRAL IPS SAS,901543761,EPS FAMILIAR DE COLOMBIA S.A.S,80000.0,2026-01-05T00:00:00,08:43:56,,05c18d25a670204161ad54068576c5b7529eb17753de94d581d7e36c6da6dee910a645d7f58b922e34308fecb79fee77,01,SS-CUFE     ,1,true,,,
2,120095410,FEIN64119,901341454,INTTEGRAL IPS SAS,901543761,EPS FAMILIAR DE COLOMBIA S.A.S,80000.0,2026-01-05T00:00:00,08:44:22,,dd2bb28c560ef3f80b1d9ef00b9bd76a7a02899b9b72e7f0153c1efab3155d5c48d8b156daabc07d8bb0d169c251c738,01,SS-CUFE     ,1,true,,,
2,120095413,FEIN64120,901341454,INTTEGRAL IPS SAS,901543761,EPS FAMILIAR DE COLOMBIA S.A.S,80000.0,2026-01-05T00:00:00,08:46:30,,724f07bbad7c14fc03f081b1d98cb76a16f71cb12bb19199f22b90bea8a803baf0dd398e9c38302d9662ed44586f2e4a,01,SS-CUFE     ,1,true,,,
2,120095418,FEIN64121,901341454,INTTEGRAL IPS SAS,901543761,EPS FAMILIAR DE COLOMBIA S.A.S,80000.0,2026-01-05T00:00:00,08:48:34,,bafc9349aac200b8e89a476890521ab4a240654203eb8c0a11b6ec3e3803fb3cd73ec31d71d0d14c0dfc327eb1f0cff1,01,SS-CUFE     ,1,true,,,
2,120095422,FEIN64122,901341454,INTTEGRAL IPS SAS,901543761,EPS FAMILIAR DE COLOMBIA S.A.S,80000.0,2026-01-05T00:00:00,08:49:04,,195d10eb662e04d77821dd0252e3f98ae8f96f9b7fa82798e7e9cf5df332b771a4588227a13efb64618ca2bbed1a0642,01,SS-CUFE     ,1,true,,,
2,120095432,FEIN64123,901341454,INTTEGRAL IPS SAS,901543761,EPS FAMILIAR DE COLOMBIA S.A.S,80000.0,2026-01-05T00:00:00,08:49:30,,529ec6c016b0c2fe88c2612cbe610fe680cb64b553f74ea033a4449a9449dc6e6547c5fda5d2ea8b953795cb8f6eefee,01,SS-CUFE     ,1,true,,,
2,120095441,FEIN64124,901341454,INTTEGRAL IPS SAS,901543761,EPS FAMILIAR DE COLOMBIA S.A.S,80000.0,2026-01-05T00:00:00,08:49:57,,1c9c18b0e570c19feb4eece0c6e764037ca3892df13dac8336d7f1d8e77d79e5532ed71550a71d1ca4f2e91f44432d0e,01,SS-CUFE     ,1,true,,,
2,120095444,FEIN64125,901341454,INTTEGRAL IPS SAS,901543761,EPS FAMILIAR DE COLOMBIA S.A.S,80000.0,2026-01-05T00:00:00,08:50:36,,0abbdef623fac4d98373cb58d459dbe9db0537abfe6eda3fdc4bfbe01c1e641f14a2172d07bd44422db849afb0e2b3d9,01,SS-CUFE     ,1,true,,,
2,120095453,FEIN64126,901341454,INTTEGRAL IPS SAS,901543761,EPS FAMILIAR DE COLOMBIA S.A.S,80000.0,2026-01-05T00:00:00,08:50:58,,6dc874b3800ad48757a5fd755b40ae4c68701a7cba24fc0ed55f60cc3f6bec6dc179e1bbecdc84ce2471355aa158cc55,01,SS-CUFE     ,1,true,,,
2,120095460,FEIN64127,901341454,INTTEGRAL IPS SAS,901543761,EPS FAMILIAR DE COLOMBIA S.A.S,80000.0,2026-01-05T00:00:00,08:51:56,,8732927f96f27787f216a7a424b25f045ccac8666f71f90a6222b7f569b266f727c1b93b5e50c912747aa8ef71161d95,01,SS-CUFE     ,1,true,,,
2,120100640,HSAJ271068,892120115,ESE HOSPITAL SAN JOSE DE MAICAO,901543761,EPS FAMILIAR DE COLOMBIA S.A.S.,280670.0,2026-01-02T00:00:00,00:00:00,,9b28c5af5c45a9addb17f7771879c523fee64a7191974563162cde2f89ec90d8e9d6f459e936e8fba93794f372b20b74,01,SS-CUFE     ,7,true,,,
2,120100646,HSAJ271064,892120115,ESE HOSPITAL SAN JOSE DE MAICAO,901543761,EPS FAMILIAR DE COLOMBIA S.A.S.,279330.0,2026-01-02T00:00:00,00:00:00,,55e0ac88db2db8ad29c9f7da15cf79fff1b5bc9d4ce6d7b418a15d4f460b0ef0005e6653189a944a657616cd76d84e89,01,SS-CUFE     ,10,true,,,
2,120100649,HSAJ271070,892120115,ESE HOSPITAL SAN JOSE DE MAICAO,901543761,EPS FAMILIAR DE COLOMBIA S.A.S.,643860.0,2026-01-02T00:00:00,00:00:00,,938f52a23dd833165065350d5b33750205647a528b830fafbe37028ee5d276532f73ca8ffb6e85bdc4ee407ce44662ce,01,SS-CUFE     ,13,true,,,
2,120100653,HSAJ271069,892120115,ESE HOSPITAL SAN JOSE DE MAICAO,901543761,EPS FAMILIAR DE COLOMBIA S.A.S.,289370.0,2026-01-02T00:00:00,00:00:00,,56b3153c70b54504e20ee00153d7c5d10d66e48ee1d53991645f51417eef67043d7a55b179a906407cecaa42f239d42a,01,SS-CUFE     ,11,true,,,
2,120100655,HSAJ271067,892120115,ESE HOSPITAL SAN JOSE DE MAICAO,901543761,EPS FAMILIAR DE COLOMBIA S.A.S.,386910.0,2026-01-02T00:00:00,00:00:00,,3709dd332c9e304d2012bb8fcb17e9efe47d958abdd0fa43cd4af391da91c75a5c264f477eba487b4fa4daba2d6ab9ba,01,SS-CUFE     ,14,true,,,
2,120100656,HSAJ271065,892120115,ESE HOSPITAL SAN JOSE DE MAICAO,901543761,EPS FAMILIAR DE COLOMBIA S.A.S.,581050.0,2026-01-02T00:00:00,00:00:00,,f50400962979b61a29a47b8c345d5a3f28bdc31ace1daf9a635f08909d970e237a26a23e6311ac06af6a9b801b8a01d1,01,SS-CUFE     ,18,true,,,
2,120100700,HSAJ271071,892120115,ESE HOSPITAL SAN JOSE DE MAICAO,901543761,EPS FAMILIAR DE COLOMBIA S.A.S.,701750.0,2026-01-02T00:00:00,00:00:00,,9faedf8584b111aadfd2be5a67b5081efda9ab5305e8f85380b9142e49ad05b07e4a62304505ad4d68c0484f6b725126,01,SS-CUFE     ,10,true,,,
2,120100702,HSAJ271073,892120115,ESE HOSPITAL SAN JOSE DE MAICAO,901543761,EPS FAMILIAR DE COLOMBIA S.A.S.,237620.0,2026-01-02T00:00:00,00:00:00,,ce8c345c1be0cf4179f4052d1553b9aaf8dcb386991369c7d0ef0ba0ddc241c051eaddd67b2fe47f5ff4a71883b3e624,01,SS-CUFE     ,9,true,,,
2,120100707,HSAJ271072,892120115,ESE HOSPITAL SAN JOSE DE MAICAO,901543761,EPS FAMILIAR DE COLOMBIA S.A.S.,313410.0,2026-01-02T00:00:00,00:00:00,,366288f034a2b4ad340894bd601e5e82e703fff1be379e80c00a5d2bf81a506f3897b58e812385f52947569a83da458c,01,SS-CUFE     ,12,true,,,
2,120100711,HSAJ271076,892120115,ESE HOSPITAL SAN JOSE DE MAICAO,901543761,EPS FAMILIAR DE COLOMBIA S.A.S.,587500.0,2026-01-02T00:00:00,00:00:00,,7c18015580926291971aa969e58a31ded6c6c6685d483d91b593b8280eb1d30702533d00717f6235e1f103dfc29ac977,01,SS-CUFE     ,16,true,,,
2,120100712,HSAJ271075,892120115,ESE HOSPITAL SAN JOSE DE MAICAO,901543761,EPS FAMILIAR DE COLOMBIA S.A.S.,1080880.0,2026-01-02T00:00:00,00:00:00,,001f5685b5329bc21a1b89befb75e3967df0e93babc44bf6ab05aada5e804b7164a2e4eb050c8b792aabf92315a358aa,01,SS-CUFE     ,16,true,,,
2,120100760,HSAJ271078,892120115,ESE HOSPITAL SAN JOSE DE MAICAO,901543761,EPS FAMILIAR DE COLOMBIA S.A.S.,206420.0,2026-01-02T00:00:00,00:00:00,,384215c9ba3cbdf05325467cf0441929fae464c597cb1f0916119edda00368e188e90dbd3eb8af075fa4420a5f7251a0,01,SS-CUFE     ,8,true,,,
2,120101629,INCA242852,823002227,INSTITUTO DE CANCEROLOGIA DE SUCRE S.A.S,901543761,EPS FAMILIAR DE COLOMBIA S.A.S,85500.0,2026-01-05T00:00:00,11:13:48,,2f3ca7cb7df66c7a1abb4d4c727f7f0a9c2de1fadb9b6838dd92a9d48aae0e7b86681091d0f75b0bdb16c76e1d9a1181,01,SS-CUFE     ,1,true,,,
2,120122720,FVA124401,900012404,CLINICA AYNAN LIMITADA,901543761,EPS FAMILIAR DE COLOMBIA SAS,69785.0,2025-12-30T00:00:00,00:00:00,2026-02-28T00:00:00,b50fda3b409f897af87d05bf1acbcab4f3b60f8a1f64acb9cd2052e4de8318749b358b1767514f75b793ba66721c0690,01,SS-CUFE     ,1,true,,,
2,120122731,FVA124407,900012404,CLINICA AYNAN LIMITADA,901543761,EPS FAMILIAR DE COLOMBIA SAS,69785.0,2025-12-30T00:00:00,00:00:00,2026-02-28T00:00:00,7072afa499cd4c07eabf8a258be710afa21712a89ee29e45c88f54e58f1f34d12a4e35ec9a8d168450e4cb99f2abd5d9,01,SS-CUFE     ,1,true,,,
2,120122743,FVA124412,900012404,CLINICA AYNAN LIMITADA,901543761,EPS FAMILIAR DE COLOMBIA SAS,69785.0,2025-12-30T00:00:00,00:00:00,2026-02-28T00:00:00,8fb9f856b098e0d3ca48c4fb69e45ccb92f67544f6f612dc961d786bcd30e99da183f382d30d4b56e18d35e191fc83bc,01,SS-CUFE     ,1,true,,,
2,120122767,FVA124422,900012404,CLINICA AYNAN LIMITADA,901543761,EPS FAMILIAR DE COLOMBIA SAS,212925.0,2025-12-30T00:00:00,00:00:00,2026-02-04T00:00:00,4a42224009db6dd2d53c803df906200bb1fa99a84e7037288d6c75ab35c77ab2ae206fdb4f15c00107562ac52f4dea9f,01,SS-CUFE     ,1,true,,,
2,120122792,FVA124425,900012404,CLINICA AYNAN LIMITADA,901543761,EPS FAMILIAR DE COLOMBIA SAS,725550.0,2025-12-30T00:00:00,00:00:00,2026-02-04T00:00:00,38d625646436aafb51f3866d16d636cf369fda10592b364c9bfed904fd70ba005c01cda8336a8cf5e1d263255f3f22e0,01,SS-CUFE     ,5,true,,,
2,120125308,INCA242867,823002227,INSTITUTO DE CANCEROLOGIA DE SUCRE S.A.S,901543761,EPS FAMILIAR DE COLOMBIA S.A.S,85500.0,2026-01-05T00:00:00,11:43:44,,74adcf347eeaf4bfb25ef5674d43d6da352ae366c309a3c708a81883d22b124a4fb9583bfb7c0dc0a4364872adcc1525,01,SS-CUFE     ,1,true,,,
2,120131779,HMA382073,890980997,E.S.E. HOSPITAL MARIA AUXILIADORA,901543761,EPS FAMILIAR DE COLOMBIA SAS,226317.0,2025-12-29T00:00:00,06:27:00,2026-01-28T00:00:00,09bf06455b1d11c941e3b6c246dcfea02a7fb5e4bf91f1829ed7a58c8a03634c76b23d7471d150e6de57232e7c391903,01,SS-CUFE     ,10,true,,,
2,120131798,HMA382499,890980997,E.S.E. HOSPITAL MARIA AUXILIADORA,901543761,EPS FAMILIAR DE COLOMBIA SAS,2572500.0,2025-12-31T00:00:00,11:47:00,2026-01-30T00:00:00,99d6d2ff1c5085562d0a22a23709e127adfb06d0d04c7a42865bb6e5f4844e795574bf6d635707f22854336d09915523,01,SS-CUFE     ,1,true,,,
2,120139670,FS51403,901381597,SERVICIOS EMERGENCY IPS S.A.S,901543761,EPS FAMILIAR DE COLOMBIA S.A.S.,54062400.0,2026-01-05T00:00:00,00:00:00,,349800f93aa1c570ed763452cde7426597aa8fb3a6fd39f3a8d2bdc5bf1d2a977488f0073cf6149a1265afa2f6ab109c,61,SS-CUFE     ,1,true,,,
2,120151574,CEFE43938,900611060,CENEMED QUILICHAO CENTRO DE ESPECIALISTAS SAS,901543761,EPS FAMILIAR DE COLOMBIA S.A.S.,54000.0,2026-01-05T00:00:00,11:53:18,,85a7a50357f91873605ee7706f5deff1556e3f0a6c30371efe139f556b336ea33ea118686a411601fb389f131c6cd9d5,01,SS-Recaudo  ,1,true,,,
2,120158840,FEH833950,890112801,FUNDACION HOSPITAL UNIVERSIDAD DEL NORTE,901543761,EPS FAMILIAR DE COLOMBIA S.A.S.,130030.0,2026-01-02T00:00:00,13:36:31,,866017f685b532cd5ccfb62bc9cad7294aae015bcf0577f27313eeb71eefcea6940795f5fc0fa7e172078a57328e3d3b,01,SS-CUFE     ,1,true,,,
2,120160232,FEH833999,890112801,FUNDACION HOSPITAL UNIVERSIDAD DEL NORTE,901543761,EPS FAMILIAR DE COLOMBIA S.A.S.,441729.0,2026-01-03T00:00:00,00:34:27,,9c15c1ebf91309bc69d0a6cb46d6369a55b655cbfed92c4c0892cd242b5cde80f3bce21d9ae7c864bf40ebda14147c9c,01,SS-CUFE     ,4,true,,,
2,120163466,FE836217,891500084,HOSPITAL FRANCISCO DE PAULA SANTANDER EMPRESA SOCIAL DEL ESTADO,901543761,EPS FAMILIAR DE COLOMBIAS S.A.S.,56900.0,2026-01-05T00:00:00,06:26:00,,380e2fd48d8be1bd2b3debfc20d0e3d371f98b7969768f4637d1f458a9c7eeb51858729ce98f728277733c19eee1d456,01,SS-CUFE     ,1,true,,,
2,120163526,FEH834119,890112801,FUNDACION HOSPITAL UNIVERSIDAD DEL NORTE,901543761,EPS FAMILIAR DE COLOMBIA S.A.S.,159744.0,2026-01-03T00:00:00,15:17:38,,e973f91a6fbc62d36389ec3c47f099eb29a4bf206ab37a40ef015979792458ab608ca61026e4dc5e5838ad6a8447fc09,01,SS-CUFE     ,5,true,,,
2,120166020,FEH834332,890112801,FUNDACION HOSPITAL UNIVERSIDAD DEL NORTE,901543761,EPS FAMILIAR DE COLOMBIA S.A.S.,107060.0,2026-01-05T00:00:00,05:13:32,,d31ade043491734a494563cf89bdbd0e4643fe513dbe2ad38fcca8676f2545233556b7003fbdc486a2348258f2b964f8,01,SS-CUFE     ,3,true,,,
2,120167925,FEH834438,890112801,FUNDACION HOSPITAL UNIVERSIDAD DEL NORTE,901543761,EPS FAMILIAR DE COLOMBIA S.A.S.,174852.0,2026-01-05T00:00:00,09:22:33,,4def84e7dd76d903f0bae9104d8434b664aaf7d7a63cfd7f1405c0dfb770a1de8aec6fb2bc058cddf7bbe43c5343c5df,01,SS-CUFE     ,10,true,,,
2,120169109,FONC293002,812007194,ONCOMEDICA S.A.S.,901543761,EPS FAMILIAR DE COLOMBIA S.A.S,63277760.0,2026-01-05T00:00:00,00:00:00,,4f8f535a0143e2dcb400fdb799f4040a9ae34c61a77f2647bf8e785a7b1e20a52ac7c1f5eeae740d0630bf8c04dcccbd,01,SS-CUFE     ,1,true,,,
2,120170874,FEH834464,890112801,FUNDACION HOSPITAL UNIVERSIDAD DEL NORTE,901543761,EPS FAMILIAR DE COLOMBIA S.A.S.,26474.0,2026-01-05T00:00:00,10:12:19,,ce99ae6a53ee28fcf3165d97f4bf78dd2f5c78c92c974adad05553552244e20052b09e0a651a34270c010d340a23c4dc,01,SS-CUFE     ,1,true,,,
2,120171264,ABQ84614,802020334,QUIMIOSALUD S.A.S.,901543761,EPS FAMILIAR COLOMBIA,300000.0,2026-01-05T00:00:00,09:25:09,,f46fe210cad12539f1b17df43ae2a48daee4b6101d20e44603f12fde082c8ed0c28621160a6e24bce6770783060e132e,01,SS-CUFE     ,1,true,,,
2,120171276,ABQ84580,802020334,QUIMIOSALUD S.A.S.,901543761,EPS FAMILIAR COLOMBIA,750000.0,2026-01-05T00:00:00,07:58:22,,cc6055275a02c9dc65b62d919fc985b58621d54d34436d146573e7795ba01d39a7781d1cd7d6558730a059b9accbf4a5,01,SS-CUFE     ,1,true,,,
2,120171283,ABQ84581,802020334,QUIMIOSALUD S.A.S.,901543761,EPS FAMILIAR COLOMBIA,750000.0,2026-01-05T00:00:00,08:05:54,,919c951d2dee648957240d647e2fba5d2336dba8721a336350ffff15ff7620dc2c376201506bf3c196645c3f5c0f6dd5,01,SS-CUFE     ,1,true,,,
2,120171331,ABQ84603,802020334,QUIMIOSALUD S.A.S.,901543761,EPS FAMILIAR COLOMBIA,750000.0,2026-01-05T00:00:00,08:50:49,,54c222f555e0ceb7ed6e3f28db9fa96decf53f4a434ca2b54c8d08f61ecaad51fe32b710c9d630603113e9b60d3eb5d1,01,SS-CUFE     ,1,true,,,
2,120171350,ABQ84590,802020334,QUIMIOSALUD S.A.S.,901543761,EPS FAMILIAR COLOMBIA,750000.0,2026-01-05T00:00:00,08:24:10,,2582f9a909babd39835c92d761822213ad1b5d292ff161a427de649214abbef9bec7be1127b291af74f23cd7c6efbfc3,01,SS-CUFE     ,1,true,,,
2,120171375,ABQ84595,802020334,QUIMIOSALUD S.A.S.,901543761,EPS FAMILIAR COLOMBIA,750000.0,2026-01-05T00:00:00,08:34:18,,06558412d86b5dc87966b5aef8da164492d64712f96305fcb97031f4f3458030ae582931127de4de8ad382115add4615,01,SS-CUFE     ,1,true,,,
2,120171391,ABQ84583,802020334,QUIMIOSALUD S.A.S.,901543761,EPS FAMILIAR COLOMBIA,750000.0,2026-01-05T00:00:00,08:08:37,,890a8a841c92d848936f780d37f7cbd50c1bda723aaac90c20e2c8c3c8d74e946308ede4f37ba1e682ba6603a8a060e2,01,SS-CUFE     ,1,true,,,
2,120171410,ABQ84601,802020334,QUIMIOSALUD S.A.S.,901543761,EPS FAMILIAR COLOMBIA,750000.0,2026-01-05T00:00:00,08:48:48,,ed4112b6333e0562e50269389f6a03105104875996793a286fbc777f452556898d52c3fbc98d09aceb9e07795d66eb3b,01,SS-CUFE     ,1,true,,,
2,120171430,ABQ84617,802020334,QUIMIOSALUD S.A.S.,901543761,EPS FAMILIAR COLOMBIA,750000.0,2026-01-05T00:00:00,09:28:26,,e308a588532716c0deb9a56680f23560efe7f15a10ce7e527ac0ea16cb16d6d7401b744b4c129a07dc957c4e58768b2d,01,SS-CUFE     ,1,true,,,
2,120171443,ABQ84623,802020334,QUIMIOSALUD S.A.S.,901543761,EPS FAMILIAR COLOMBIA,750000.0,2026-01-05T00:00:00,11:57:25,,8d3089019d5eaba254d437bbf6d780d10b21520bacc98d039f1255e5cbd7850869c88a9e9b377f3d84fc28da03330acd,01,SS-CUFE     ,1,true,,,
2,120171456,ABQ84568,802020334,QUIMIOSALUD S.A.S.,901543761,EPS FAMILIAR COLOMBIA,110000.0,2026-01-05T00:00:00,11:46:21,,bb5cfa394cff41d4312e8165eded8b16b82a3c0d43e881469bba6967ca295355639b8cac42caa18807ebc3295285cbc7,01,SS-CUFE     ,1,true,,,
2,120171468,ABQ84622,802020334,QUIMIOSALUD S.A.S.,901543761,EPS FAMILIAR COLOMBIA,750000.0,2026-01-05T00:00:00,09:54:23,,834c5b062152f40ee259e2a1e4cf8338c4d14005cc9f9a589e70bfd104ba72632a049da2009aa653329a04472d061e33,01,SS-CUFE     ,1,true,,,
2,120171482,ABQ84577,802020334,QUIMIOSALUD S.A.S.,901543761,EPS FAMILIAR COLOMBIA,110000.0,2026-01-05T00:00:00,11:46:45,,71bb96d08d3017a6f902f1c23372cce7f5d1ab69a550cad7aa37dbf0299a8ae5bc991f4f6090d66bd0116e397f615eb9,01,SS-CUFE     ,1,true,,,
2,120171496,ABQ84599,802020334,QUIMIOSALUD S.A.S.,901543761,EPS FAMILIAR COLOMBIA,300000.0,2026-01-05T00:00:00,08:44:19,,1cd1db8760f95a3818a3d82319e22a7b5eec00ae32daa3a28f01b829ecdcbd313a1925125fffacd635318fb7014e6735,01,SS-CUFE     ,1,true,,,
2,120171510,ABQ84604,802020334,QUIMIOSALUD S.A.S.,901543761,EPS FAMILIAR COLOMBIA,750000.0,2026-01-05T00:00:00,08:52:37,,54be5b263c53d2a998e40aaec21e4a8811496883ff54501f61d85c2b599c6c1d35fe6d7ee91ae1fcd6fc691f3f69262b,01,SS-CUFE     ,1,true,,,
2,120171519,ABQ84579,802020334,QUIMIOSALUD S.A.S.,901543761,EPS FAMILIAR COLOMBIA,300000.0,2026-01-05T00:00:00,07:55:22,,3efdffa44972368f6d584604507f3e2f3c34eeab52ba2b5cbf74855d5142affe04146257f5d3f5384cb57ae53a72c420,01,SS-CUFE     ,1,true,,,
2,120171542,ABQ84569,802020334,QUIMIOSALUD S.A.S.,901543761,EPS FAMILIAR COLOMBIA,110000.0,2026-01-05T00:00:00,11:46:57,,f0a579051d048c44c3701c7d56670335497666cd9c1523d53cc8061d1694e840480d154a26991c197e8acb630cc67f0f,01,SS-CUFE     ,1,true,,,
2,120171554,ABQ84572,802020334,QUIMIOSALUD S.A.S.,901543761,EPS FAMILIAR COLOMBIA,8675760.0,2026-01-05T00:00:00,11:47:09,,75a51c90fd8f314e9583aec2ba7f758172b1353e6bd4c9445823917f00e2613c1602fd1da9e9ca69696415f31d70f34a,01,SS-CUFE     ,1,true,,,
2,120171566,ABQ84574,802020334,QUIMIOSALUD S.A.S.,901543761,EPS FAMILIAR COLOMBIA,864120.0,2026-01-05T00:00:00,11:47:17,,1f6b5766580c38e4c7e35ad235bcb8b67bc7d7ba0637a855bbb1e6acaef6c1acf25c171c7bb1e83f0aed00181b57799a,01,SS-CUFE     ,1,true,,,
2,120171576,ABQ84624,802020334,QUIMIOSALUD S.A.S.,901543761,EPS FAMILIAR COLOMBIA,300000.0,2026-01-05T00:00:00,10:02:06,,08845576f3d6a665ffb2d6432fc0cbf4e52b7010c6fc9e88dc492134a987bc06c9412aca7d040e95711fa1374c533329,01,SS-CUFE     ,1,true,,,
2,120171588,ABQ84570,802020334,QUIMIOSALUD S.A.S.,901543761,EPS FAMILIAR COLOMBIA,110000.0,2026-01-05T00:00:00,11:47:43,,10a554d002e45f22a2fd070a55057729cd9152edeac988da35bf8234913ab856a4c31b0b2188c468baafef5b924aace1,01,SS-CUFE     ,1,true,,,
2,120171602,ABQ84586,802020334,QUIMIOSALUD S.A.S.,901543761,EPS FAMILIAR COLOMBIA,750000.0,2026-01-05T00:00:00,08:13:59,,915569f809bc7744e1716c0d93a281c8cf291091ae20d61caa01a1e8ac854c8136282b62c16f3bd554b0f6e43c6b4afa,01,SS-CUFE     ,1,true,,,
2,120171617,ABQ84625,802020334,QUIMIOSALUD S.A.S.,901543761,EPS FAMILIAR COLOMBIA,750000.0,2026-01-05T00:00:00,10:04:03,,1f92a06c2e0ce1afa260294d531fe1c54eedf2a0c141547ec50d6fd4c6aae67f1bffaf9d08a1b8fb3e16d68b6b460d67,01,SS-CUFE     ,1,true,,,
2,120171629,ABQ84571,802020334,QUIMIOSALUD S.A.S.,901543761,EPS FAMILIAR COLOMBIA,110000.0,2026-01-05T00:00:00,11:48:23,,37840e3f1d6308ac95eb4aa868851899eb1c92eac6a0427b03678bf4624948ae2a29c042830f910ed765c50d0233eb91,01,SS-CUFE     ,1,true,,,
2,120171640,ABQ84621,802020334,QUIMIOSALUD S.A.S.,901543761,EPS FAMILIAR COLOMBIA,750000.0,2026-01-05T00:00:00,09:44:17,,f2573faca2dc6db8d635d9ae21ce0d11d56673762835167bdd01803f1b41335d61bdcf3e7f6d2c8032197f45c16f84c5,01,SS-CUFE     ,1,true,,,
2,120175354,FECH181543,899999156,EMPRESA SOCIAL DEL ESTADO HOSPITAL SAN ANTONIO - CHIA,901543761,FAMILIAR DE COLOMBIA,330605.0,2026-01-05T00:00:00,13:07:31,,9d1b8c25017bae83518769874d58015e7c969214973cf32e0be846a71f2d39c7203ac4e30c5bcd067368e770b26b4182,01,SS-CUFE     ,10,true,,,
2,120178048,SOLD959,900275012,DISTRIBUIDORA Y DROGUERIA STOKOLMO SAS,901543761,EPS FAMILIAR DE COLOMBIA S.A.S,1495424.0,2026-01-05T00:00:00,13:07:15,2026-01-05T00:00:00,0d7023435146c1c8a96fa5dc9ccff1b77481cb7e0220dcb7d91bd0b6f7875c325de624aef12ae1ea96116ca9b60c2eee,01,SS-CUFE     ,1,true,,,
2,120183387,INCA242883,823002227,INSTITUTO DE CANCEROLOGIA DE SUCRE S.A.S,901543761,EPS FAMILIAR DE COLOMBIA S.A.S,490678.0,2026-01-05T00:00:00,13:20:57,,6bb9ea6ad9ecbbbf5914d79d149843be7728bc07b8a2341b3d041868f4e099064bbbecaeb574c8018d76606bc5cc3c93,01,SS-CUFE     ,2,true,,,
2,120183696,SOLD960,900275012,DISTRIBUIDORA Y DROGUERIA STOKOLMO SAS,901543761,EPS FAMILIAR DE COLOMBIA S.A.S,821070.0,2026-01-05T00:00:00,13:19:47,2026-01-05T00:00:00,263c20ba92e6ad18085892f60f776c8c8bb1106fc4dbfde4026560c4bbd6b41034a35d6ca6f1400faa07580d07bcadb2,01,SS-CUFE     ,1,true,,,
2,120184469,INCA242884,823002227,INSTITUTO DE CANCEROLOGIA DE SUCRE S.A.S,901543761,EPS FAMILIAR DE COLOMBIA S.A.S,85500.0,2026-01-05T00:00:00,13:23:50,,7a4504ec50732b3e884428cdc1e15bd48c83c335dfd3e7dee125c7cfe191391f30236a4a7eb7cbcdeee03114ec2a43a6,01,SS-CUFE     ,1,true,,,
2,120184834,A118518749,890324177,FUNDACION VALLE DEL LILI,901543761,EPS FAMILIAR DE COLOMBIA S.A.S.,297597.0,2026-01-05T00:00:00,13:22:58,,8d91be78822d43816a56810f890dd470dcb30fc17f9fc1b81d116279cd57d12c1457aac57498ead1621adedf28741ea3,01,SS-CUFE     ,17,true,,,
2,120187547,SOLD961,900275012,DISTRIBUIDORA Y DROGUERIA STOKOLMO SAS,901543761,EPS FAMILIAR DE COLOMBIA S.A.S,821070.0,2026-01-05T00:00:00,13:27:32,2026-01-05T00:00:00,ee82a62f854549eb5aee14fc81681bcc134e953b49442722db073faf37bebfbdcc5e8bcbf85edeb727b32d015c4b3a9b,01,SS-CUFE     ,1,true,,,
2,120190449,CEFE43956,900611060,CENEMED QUILICHAO CENTRO DE ESPECIALISTAS SAS,901543761,EPS FAMILIAR DE COLOMBIA S.A.S.,54000.0,2026-01-05T00:00:00,12:37:40,,eb067ca59495040d1af2019d193123dd1e3538b40367103aef35a6332a863ea1b6c1208f657dd9611e1cf4a6554d07fe,01,SS-Recaudo  ,1,true,,,
2,120193120,SOLD962,900275012,DISTRIBUIDORA Y DROGUERIA STOKOLMO SAS,901543761,EPS FAMILIAR DE COLOMBIA S.A.S,587910.0,2026-01-05T00:00:00,13:36:34,2026-01-05T00:00:00,79e7649cf5c3b6ac2131d922c80037e8b933cc52c301f4cf45711fd41117620477d6970c675caf3ae78858aa2c9ef9a8,01,SS-CUFE     ,1,true,,,
2,120194242,CEFE43970,900611060,CENEMED QUILICHAO CENTRO DE ESPECIALISTAS SAS,901543761,EPS FAMILIAR DE COLOMBIA S.A.S.,54000.0,2026-01-05T00:00:00,13:19:48,,c3030400ed8b9f022a84027d455779238f83232f93cc9ea3e71b922535da61ee399c2b33b8944f38a8e67cda2db5d61b,01,SS-Recaudo  ,1,true,,,
2,120198918,FE836374,891500084,HOSPITAL FRANCISCO DE PAULA SANTANDER EMPRESA SOCIAL DEL ESTADO,901543761,EPS FAMILIAR DE COLOMBIAS S.A.S.,138000.0,2026-01-05T00:00:00,11:17:00,,b41ea4b0ab71e5f276fd909a33ee94c7f819c19c038105215211157f57b9c82f8be99ff3de2825237c9c167af720cb47,01,SS-CUFE     ,1,true,,,
2,120200963,CEFE43958,900611060,CENEMED QUILICHAO CENTRO DE ESPECIALISTAS SAS,901543761,EPS FAMILIAR DE COLOMBIA S.A.S.,48000.0,2026-01-05T00:00:00,12:44:07,,4aa000fe37c06d594c1f2926752b028462b901f31d387ea2b8d84a432baa4ad0daff5193eae94c61369decef3a470062,01,SS-Recaudo  ,1,true,,,
2,120203168,SOLD963,900275012,DISTRIBUIDORA Y DROGUERIA STOKOLMO SAS,901543761,EPS FAMILIAR DE COLOMBIA S.A.S,416360.0,2026-01-05T00:00:00,13:47:17,2026-01-05T00:00:00,c5e6062cf7a89cc0df97fc248f8c3059a1e5d0008aa8629b936aaf55501d00b1568671a62e40aeb2c64f9f0e94d3ddce,01,SS-CUFE     ,5,true,,,
2,120206300,FSE640446,900390423,PROMOTORA CLINICA ZONA FRANCA DE URABA S.A.S.,901543761,EPS FAMILIAR DE COLOMBIA S.A.S.,3239200.0,2026-01-05T00:00:00,13:55:51,,1487f422bde2a089e4357c3f492547028faae4fed8ff35fce58f415068b5a92c2ec6a87cffee9007e71ba61d65573cec,01,SS-CUFE     ,4,true,,,
2,120211225,HSAJ271117,892120115,ESE HOSPITAL SAN JOSE DE MAICAO,901543761,EPS FAMILIAR DE COLOMBIA S.A.S.,83700.0,2026-01-02T00:00:00,00:00:00,,39bf711bfcbe14fb006e0b7b7617b7b74a2323e01293d93c85bcce518a8af2a866c625bc7a8addfece0efd279eb8bdc2,01,SS-CUFE     ,3,true,,,
2,120211227,HSAJ271153,892120115,ESE HOSPITAL SAN JOSE DE MAICAO,901543761,EPS FAMILIAR DE COLOMBIA S.A.S.,77200.0,2026-01-02T00:00:00,00:00:00,,fbc842b390ab64c73ce2662a47f9b3681035949d3db3df92b14462308b43f6055ce4870e704045efce89822c9b5d56ee,01,SS-CUFE     ,1,true,,,
2,120211229,HSAJ271157,892120115,ESE HOSPITAL SAN JOSE DE MAICAO,901543761,EPS FAMILIAR DE COLOMBIA S.A.S.,528880.0,2026-01-02T00:00:00,00:00:00,,d3b6c1cabbcd4d32df53d799bbbec8e5eed811b0a4f188a563c3561a8f0816054ed16c773143de2b1ed1154d96a5e836,01,SS-CUFE     ,13,true,,,
2,120211353,SOLD964,900275012,DISTRIBUIDORA Y DROGUERIA STOKOLMO SAS,901543761,EPS FAMILIAR DE COLOMBIA S.A.S,299140.0,2026-01-05T00:00:00,13:59:24,2026-01-05T00:00:00,a3b4f0c2c1bf4e11367f92595dbe4b11e60dce33d8801ef299165b65763796860af48a44a6c2f57d1dcf883fcd629525,01,SS-CUFE     ,4,true,,,
2,120212642,INCA242895,823002227,INSTITUTO DE CANCEROLOGIA DE SUCRE S.A.S,901543761,EPS FAMILIAR DE COLOMBIA S.A.S,85500.0,2026-01-05T00:00:00,14:05:21,,12dda1328ac75db924b07e151213a3020766c3578ca4492d1d2514f706a12ed09448eacf7d6a80dad40884f027dfbd70,01,SS-CUFE     ,1,true,,,
2,120212810,GH266300,901483168,GHG GLOBAL HEALTH GROUP S.A.S,901543761,EPS FAMILIAR DE COLOMBIA,18270.0,2026-01-03T00:00:00,08:01:34,,ac528e2fb6906032f3bf1e6eb9cc5182ae9af7d84947b1c8514441935275a7f0882a40d060677dc7d9124244816217b1,01,SS-CUFE     ,1,true,,,
2,120212814,GH266302,901483168,GHG GLOBAL HEALTH GROUP S.A.S,901543761,EPS FAMILIAR DE COLOMBIA,5400.0,2026-01-03T00:00:00,08:01:38,,52169fecdbc7c1873ee125d7e686ef6d69c4ef3836c466bbb52eb1a020a92d98955ab17d0c8806d12aaae9f88512036f,01,SS-CUFE     ,1,true,,,
2,120212818,GH266304,901483168,GHG GLOBAL HEALTH GROUP S.A.S,901543761,EPS FAMILIAR DE COLOMBIA,350138.0,2026-01-03T00:00:00,08:01:42,,69a851c923e7911a539c8ffd5d7d55c0620b870f0f308412382c8db91485aa0665cd3de6516b25504864e861f1930ae4,01,SS-CUFE     ,3,true,,,
2,120212822,GH266306,901483168,GHG GLOBAL HEALTH GROUP S.A.S,901543761,EPS FAMILIAR DE COLOMBIA,402910.0,2026-01-03T00:00:00,08:01:46,,ed0b2515a5c10b6b622e35c9985cd9e36aaa3e1a6810602f443aadab4b98f118854a48218d6c36d1411598e92e09c1b1,01,SS-CUFE     ,3,true,,,
2,120212825,GH266309,901483168,GHG GLOBAL HEALTH GROUP S.A.S,901543761,EPS FAMILIAR DE COLOMBIA,23338.0,2026-01-03T00:00:00,08:01:41,,372053352e6b2af464ab6e98f4bf3a264348a0cf72d29b0051536a92b0e8b17fb84c6bc6b178b4132c430a85cd2a25ee,01,SS-CUFE     ,1,true,,,
2,120212829,GH266310,901483168,GHG GLOBAL HEALTH GROUP S.A.S,901543761,EPS FAMILIAR DE COLOMBIA,228774.0,2026-01-03T00:00:00,08:01:55,,17cf9bc6cb5eaaaea81ebdc6f681cbdea6230abbe80f4592bd368b090ad3ed79e070e39702860cbbc95b70bffd23dfd6,01,SS-CUFE     ,2,true,,,
2,120212835,GH266313,901483168,GHG GLOBAL HEALTH GROUP S.A.S,901543761,EPS FAMILIAR DE COLOMBIA,69720.0,2026-01-03T00:00:00,08:01:51,,056cfa2df55b1118b79015e8d3d3c74268a1d698803080ce6d51ef09e0dcf74f3c294b3787d63b1cb902a70bc669a519,01,SS-CUFE     ,1,true,,,
2,120212841,GH266315,901483168,GHG GLOBAL HEALTH GROUP S.A.S,901543761,EPS FAMILIAR DE COLOMBIA,45464.0,2026-01-03T00:00:00,08:01:06,,20a35241abfe1b804870b4fcd6599bb96fe675809d8689522e995e376fec78b240240bdda1702a7240f30d97d9229797,01,SS-CUFE     ,2,true,,,
2,120212844,GH266316,901483168,GHG GLOBAL HEALTH GROUP S.A.S,901543761,EPS FAMILIAR DE COLOMBIA,50940.0,2026-01-03T00:00:00,08:01:11,,a3b02be83842dc51dcdb4d97a64d6b435d47e7190ecffbf5bf0e961efaeb438d5c55c131d396e3d6dd61cdfd7337aeb3,01,SS-CUFE     ,1,true,,,
2,120212852,GH266317,901483168,GHG GLOBAL HEALTH GROUP S.A.S,901543761,EPS FAMILIAR DE COLOMBIA,157290.0,2026-01-03T00:00:00,08:01:02,,d575891f0c99d4d849a4c898103676ecd11c197ace794d71507a5c188a8ecf9be3c6a04956b224448ed6a39ebc46f582,01,SS-CUFE     ,2,true,,,
2,120212860,GH266319,901483168,GHG GLOBAL HEALTH GROUP S.A.S,901543761,EPS FAMILIAR DE COLOMBIA,9450.0,2026-01-03T00:00:00,08:01:58,,f9f02f830a28b682e1f6813358f00409e1b837ae57fd0aa61fa07f1b0259df68ea90fc637518a2f17c32481d8721ad57,01,SS-CUFE     ,1,true,,,
2,120212867,GH266321,901483168,GHG GLOBAL HEALTH GROUP S.A.S,901543761,EPS FAMILIAR DE COLOMBIA,10530.0,2026-01-03T00:00:00,08:01:27,,4bbd6af08d1287be72d013f0436d0e7897f1876b7c8b73acd443fa218550217e98405ecdacd98b92db9d881200f6adf7,01,SS-CUFE     ,1,true,,,
2,120212873,GH266322,901483168,GHG GLOBAL HEALTH GROUP S.A.S,901543761,EPS FAMILIAR DE COLOMBIA,41760.0,2026-01-03T00:00:00,08:01:31,,fe22ea2e6c7cf3e72382d29b25b6db09c5e8b698b3b0bfb318e5cce9e60b77fa404aa064e7dd0a8fc8830cabfe315055,01,SS-CUFE     ,1,true,,,
2,120212879,GH266324,901483168,GHG GLOBAL HEALTH GROUP S.A.S,901543761,EPS FAMILIAR DE COLOMBIA,13800.0,2026-01-03T00:00:00,08:01:19,,1eed84750b20812abc133ab2c50dc1998dba74c374a8c98dca48f10ae0f3e958d834eb7261da4beb608b048805611ee0,01,SS-CUFE     ,1,true,,,
2,120212886,GH266326,901483168,GHG GLOBAL HEALTH GROUP S.A.S,901543761,EPS FAMILIAR DE COLOMBIA,23160.0,2026-01-03T00:00:00,08:01:23,,6a6090c9a6fb9c38bbcdbc7dedde315df15ec38510642cde7083394f8f06e347c53fa0d71cac697f845cc68155ac0529,01,SS-CUFE     ,2,true,,,
2,120212890,GH266332,901483168,GHG GLOBAL HEALTH GROUP S.A.S,901543761,EPS FAMILIAR DE COLOMBIA,73850.0,2026-01-03T00:00:00,08:01:15,,ae311ba316f3e4c6ec05fd91184fba85461e9c579f4b1050315bb51d47d39ffde798791802722543d635037f158fd274,01,SS-CUFE     ,2,true,,,
2,120212895,GH266336,901483168,GHG GLOBAL HEALTH GROUP S.A.S,901543761,EPS FAMILIAR DE COLOMBIA,13776.0,2026-01-03T00:00:00,08:01:04,,20ce85150d91fc1d0a28128788dae6a220fe5b65970331713750580427661b3af90f19729a4ec3fd180514117aafba15,01,SS-CUFE     ,1,true,,,
2,120212900,GH266340,901483168,GHG GLOBAL HEALTH GROUP S.A.S,901543761,EPS FAMILIAR DE COLOMBIA,216870.0,2026-01-03T00:00:00,08:01:07,,2e3eb79a9653264051a2dbc8108dd8eefaa3b4c97b8c11a7e8ef0b4f5e84ed4b5dfd725a08a7ac8d7436a63199898a22,01,SS-CUFE     ,2,true,,,
2,120212903,GH266343,901483168,GHG GLOBAL HEALTH GROUP S.A.S,901543761,EPS FAMILIAR DE COLOMBIA,23760.0,2026-01-03T00:00:00,08:01:11,,f6447b1fc5fda2ed62e7b71f26d50a298bd3b8595e9a0062cb926f1c5e9c5a61bd0edd898d0f08a91905f3ceb3e3ccc2,01,SS-CUFE     ,1,true,,,
2,120212914,GH266346,901483168,GHG GLOBAL HEALTH GROUP S.A.S,901543761,EPS FAMILIAR DE COLOMBIA,150030.0,2026-01-03T00:00:00,08:01:56,,783028ee929953f60e90397cb5fd638a96bf17d78540d2eea49acba06c10a3ceb1899066576a089c23ad5c8a2fea87f6,01,SS-CUFE     ,1,true,,,
2,120212921,GH266350,901483168,GHG GLOBAL HEALTH GROUP S.A.S,901543761,EPS FAMILIAR DE COLOMBIA,465720.0,2026-01-03T00:00:00,08:01:00,,f664c16b78019aca4c4f9c08da6b922d9c31dd4e681a0836fb56cc2ba3ef725817956df4a250807fb5ba7b743f3e94a4,01,SS-CUFE     ,1,true,,,
2,120212928,GH266353,901483168,GHG GLOBAL HEALTH GROUP S.A.S,901543761,EPS FAMILIAR DE COLOMBIA,14160.0,2026-01-03T00:00:00,08:01:53,,eef7947b9f5d36a116c9552272f8d246c046e4c6dcb2e6521bdd29404cab7f21df2c758c4210db7d5af9596c9d0d6816,01,SS-CUFE     ,1,true,,,
2,120212933,GH266356,901483168,GHG GLOBAL HEALTH GROUP S.A.S,901543761,EPS FAMILIAR DE COLOMBIA,48630.0,2026-01-03T00:00:00,08:01:50,,cb65e0eead83b59a7affcdb7242d7c668bca69e36df0b17bace4d61dad3f54fe7f6b4e7987e27890a4befc81e337082b,01,SS-CUFE     ,1,true,,,
2,120212939,GH266358,901483168,GHG GLOBAL HEALTH GROUP S.A.S,901543761,EPS FAMILIAR DE COLOMBIA,35454.0,2026-01-03T00:00:00,08:01:42,,76c9a636238c2ba092e325b2655c1b469f1e741dc9d2980c27c2d35b3a09ea0c79644021fd1fb02a7beb37551b383359,01,SS-CUFE     ,1,true,,,
2,120212945,GH266360,901483168,GHG GLOBAL HEALTH GROUP S.A.S,901543761,EPS FAMILIAR DE COLOMBIA,46500.0,2026-01-03T00:00:00,08:01:38,,99a595bfb5dba631403303ab94c9fb05800d67b6c0bddac43ff819419be8694f81fc3f4c2868460ab65564a1b72f0954,01,SS-CUFE     ,1,true,,,
2,120212954,GH266364,901483168,GHG GLOBAL HEALTH GROUP S.A.S,901543761,EPS FAMILIAR DE COLOMBIA,23240.0,2026-01-03T00:00:00,08:01:34,,60fec5a8cd0850ed54301f561aab4aecb040a8f375956cdace4a4266aee6bbc339bb17d42fa3362963a9339a3ea2cbba,01,SS-CUFE     ,2,true,,,
2,120212958,GH266367,901483168,GHG GLOBAL HEALTH GROUP S.A.S,901543761,EPS FAMILIAR DE COLOMBIA,253440.0,2026-01-03T00:00:00,08:01:43,,6b0682907982728a631d4ee34b949a71fc78430897b2b024bbaf311c1b024f910115f57fdf0b4fefb0e35308faf2cce1,01,SS-CUFE     ,1,true,,,
2,120212963,GH266371,901483168,GHG GLOBAL HEALTH GROUP S.A.S,901543761,EPS FAMILIAR DE COLOMBIA,8664.0,2026-01-03T00:00:00,08:01:47,,89de409fbd93e2c2f67449b21a9c2c18b5133f75eb96ff4be58384046bc76cb8a99129e5b49f0cbe6c137041cb5989ab,01,SS-CUFE     ,1,true,,,
2,120212966,GH266374,901483168,GHG GLOBAL HEALTH GROUP S.A.S,901543761,EPS FAMILIAR DE COLOMBIA,16680.0,2026-01-03T00:00:00,08:01:16,,abb589e2699a5918724d69706d5f778f0cf128bbffa56bfebefda7d5d3d6b218029b0c2dd0507fafa0f010d82841535a,01,SS-CUFE     ,1,true,,,
2,120212972,GH266378,901483168,GHG GLOBAL HEALTH GROUP S.A.S,901543761,EPS FAMILIAR DE COLOMBIA,143640.0,2026-01-03T00:00:00,08:01:20,,13c68225a02daebbc0e816b83f5f17b4fee87d9b57b4ae1874e42ae709e20ab1763d6357189f329ad8ff13ed4da08fe2,01,SS-CUFE     ,1,true,,,
2,120212977,GH266381,901483168,GHG GLOBAL HEALTH GROUP S.A.S,901543761,EPS FAMILIAR DE COLOMBIA,216870.0,2026-01-03T00:00:00,08:01:59,,0a7c42d34d81b3c3b26058c37e31dc108d7593f81e794a3161b96e849d95b26d9d4a2145fc05cf638ee5ee015195f969,01,SS-CUFE     ,2,true,,,
2,120212983,GH266384,901483168,GHG GLOBAL HEALTH GROUP S.A.S,901543761,EPS FAMILIAR DE COLOMBIA,59976.0,2026-01-03T00:00:00,08:01:56,,9aabf1897c36da673bb67f4cdfed36014bcb49666a8a54378a71e33d9a0bbb5be2a4f1542a476a06eb3cbb5ed01561a5,01,SS-CUFE     ,1,true,,,
2,120212987,GH266396,901483168,GHG GLOBAL HEALTH GROUP S.A.S,901543761,EPS FAMILIAR DE COLOMBIA,36540.0,2026-01-03T00:00:00,08:01:18,,dec1d2efaf9904163be1cdc9708598237075324c786650f986ca31fcfc071ef82dea94896db5dee5baae875ba537578d,01,SS-CUFE     ,1,true,,,
2,120212992,GH266399,901483168,GHG GLOBAL HEALTH GROUP S.A.S,901543761,EPS FAMILIAR DE COLOMBIA,4332.0,2026-01-03T00:00:00,08:01:14,,69c63e4642dc3633ea3838f252781cc8e2c8ec0f773bc15efaae2be11877bc9c4a2a0476aa85b6f6d03558469fc5d63d,01,SS-CUFE     ,1,true,,,
2,120212998,GH266402,901483168,GHG GLOBAL HEALTH GROUP S.A.S,901543761,EPS FAMILIAR DE COLOMBIA,114210.0,2026-01-03T00:00:00,08:01:11,,ecf886032f2fbd0ba29b9973370d97e11b8bf453fb51768ba0fe761e4a4271ad17a3fa73a30c472452dd1d1370504da0,01,SS-CUFE     ,1,true,,,
2,120213005,GH266403,901483168,GHG GLOBAL HEALTH GROUP S.A.S,901543761,EPS FAMILIAR DE COLOMBIA,55770.0,2026-01-03T00:00:00,08:01:07,,985034d931a51e67bcc4346bfda9c7714d1b373bff7c006f84510869abf3672d29265fe1e10937e076b76191435e7ab2,01,SS-CUFE     ,1,true,,,
2,120213009,GH266405,901483168,GHG GLOBAL HEALTH GROUP S.A.S,901543761,EPS FAMILIAR DE COLOMBIA,14370.0,2026-01-03T00:00:00,08:01:37,,a96183fcc8bdf9ba8e809a3e4cd6ba90658b790c0f45a622cddd0772b3ec5c5c6117cc4ed7decdbf58dc48fcd9ea595d,01,SS-CUFE     ,1,true,,,
2,120213012,GH266408,901483168,GHG GLOBAL HEALTH GROUP S.A.S,901543761,EPS FAMILIAR DE COLOMBIA,104670.0,2026-01-03T00:00:00,08:01:22,,03d32cf0a1321a4ef8149b23959e2522af141a97f4ac75d09adf18d39dfa040488d12c3c6ba84240223249d7a5c7f914,01,SS-CUFE     ,1,true,,,
2,120213017,GH266411,901483168,GHG GLOBAL HEALTH GROUP S.A.S,901543761,EPS FAMILIAR DE COLOMBIA,37484.0,2026-01-03T00:00:00,08:01:50,,e9d14fbd7c13c980768859b3043f544a25f7748307170fcb1268f362407506a01a447bce356bd79d7d2692f572e6d836,01,SS-CUFE     ,1,true,,,
2,120213020,GH266417,901483168,GHG GLOBAL HEALTH GROUP S.A.S,901543761,EPS FAMILIAR DE COLOMBIA,8946.0,2026-01-03T00:00:00,09:01:44,,509867c19169cd9670cb8cbbc3085b61703612411567894d6e51527a54701edf211595d93c047a134524d7b426432e67,01,SS-CUFE     ,1,true,,,
2,120213023,GH266420,901483168,GHG GLOBAL HEALTH GROUP S.A.S,901543761,EPS FAMILIAR DE COLOMBIA,17820.0,2026-01-03T00:00:00,09:01:49,,ec5c0ccc9e58949f501b6b21858f929ffb3866250c69bf417aff19e2cbd0fcfb636579d43616a519cf2e6ddf99e41e67,01,SS-CUFE     ,1,true,,,
2,120213027,GH266422,901483168,GHG GLOBAL HEALTH GROUP S.A.S,901543761,EPS FAMILIAR DE COLOMBIA,23760.0,2026-01-03T00:00:00,09:01:53,,99a7fe1d003d50e342e81987540fdf1b1e3bcc14e2baf30a194729c39a48a321c295f3da465c082bc544e8e9bdaa2802,01,SS-CUFE     ,1,true,,,
2,120213028,GH266427,901483168,GHG GLOBAL HEALTH GROUP S.A.S,901543761,EPS FAMILIAR DE COLOMBIA,23760.0,2026-01-03T00:00:00,09:01:57,,6144c3655e41eaf8a05a324b9ec5276bb54263111c4dfbd722019ceeced204d15d9df1753daa981429fe9404b8d96316,01,SS-CUFE     ,1,true,,,
2,120213035,GH266431,901483168,GHG GLOBAL HEALTH GROUP S.A.S,901543761,EPS FAMILIAR DE COLOMBIA,93228.0,2026-01-03T00:00:00,09:01:18,,7254a82f57251212ec7ae8c42a394e75fac61c5caedb38fe3d916f0bb1aa82ee869ab25944e061109df3c36a3f012dc0,01,SS-CUFE     ,1,true,,,
2,120213046,GH266435,901483168,GHG GLOBAL HEALTH GROUP S.A.S,901543761,EPS FAMILIAR DE COLOMBIA,143076.0,2026-01-03T00:00:00,09:01:22,,626f3ecd580fc1479a274e95dbaec0a611bf449afddb3171d51ab313a92d2b2ec55a9038514e5b3a03a814acccc57517,01,SS-CUFE     ,3,true,,,
2,120213055,GH266438,901483168,GHG GLOBAL HEALTH GROUP S.A.S,901543761,EPS FAMILIAR DE COLOMBIA,40680.0,2026-01-03T00:00:00,09:01:08,,bccede889489fe63fa503b2de236a9a2fc93d282109b47274c8ac5d7e66c127e7cedc46cc4d06fb70a7706d452c65d9e,01,SS-CUFE     ,1,true,,,
2,120213059,GH266441,901483168,GHG GLOBAL HEALTH GROUP S.A.S,901543761,EPS FAMILIAR DE COLOMBIA,182340.0,2026-01-03T00:00:00,09:01:03,,3b4c2cb30d1c53551b9a9ca5f3ee5dff0e475123cfa02255e236ca219681927d010adfc2da9dc4f0a1a481e6842532bb,01,SS-CUFE     ,1,true,,,
2,120213066,GH266444,901483168,GHG GLOBAL HEALTH GROUP S.A.S,901543761,EPS FAMILIAR DE COLOMBIA,25920.0,2026-01-03T00:00:00,09:01:08,,99176793ac695891f9edec1155f685e78ea38c7a0eb15ff9ebd43191ba41e3303196c86809b0d48a2f3ba2c458d9ccdf,01,SS-CUFE     ,1,true,,,
2,120213070,GH266446,901483168,GHG GLOBAL HEALTH GROUP S.A.S,901543761,EPS FAMILIAR DE COLOMBIA,27060.0,2026-01-03T00:00:00,09:01:17,,7218e74018c38e38822fa7d90abbcb338ca2557174ea72a76b8155df17b6e4749b7897673441b1a508318ca7658de3d3,01,SS-CUFE     ,1,true,,,
2,120213072,GH266449,901483168,GHG GLOBAL HEALTH GROUP S.A.S,901543761,EPS FAMILIAR DE COLOMBIA,57590.0,2026-01-03T00:00:00,09:01:41,,b40ec3ea78ec44179ba0cdba386899995af976b2427568297ff17f64252b2fcd2b4821fe00023e89e7742e4d4f8d2d92,01,SS-CUFE     ,1,true,,,
2,120213078,GH266453,901483168,GHG GLOBAL HEALTH GROUP S.A.S,901543761,EPS FAMILIAR DE COLOMBIA,6818.0,2026-01-03T00:00:00,09:01:38,,42c84fbc4730dd859a354d868ab60a6de6fd4ab6fac8505074b1c17b9bbfb327e4f94770a55b77420eefa57d3068c1c5,01,SS-CUFE     ,1,true,,,
2,120213084,GH266457,901483168,GHG GLOBAL HEALTH GROUP S.A.S,901543761,EPS FAMILIAR DE COLOMBIA,65680.0,2026-01-03T00:00:00,09:01:34,,2b1b3472694c75b5c3b7885767b59f4ee9c67dddff7d972a775922041fba167e6f4b83e6a091e404acf1264c1d32fb15,01,SS-CUFE     ,1,true,,,
2,120213096,GH266460,901483168,GHG GLOBAL HEALTH GROUP S.A.S,901543761,EPS FAMILIAR DE COLOMBIA,15753.0,2026-01-03T00:00:00,09:01:47,,762c69f6d9f748d8963ba289b77daba1256e06770ee48d34d2d3214a7c2c6428fb33975c5e15da3ae04ffefe74ec2327,01,SS-CUFE     ,1,true,,,
2,120213101,GH266470,901483168,GHG GLOBAL HEALTH GROUP S.A.S,901543761,EPS FAMILIAR DE COLOMBIA,8946.0,2026-01-03T00:00:00,09:01:08,,4a054e4218bc38b3cf00f4f193d4a05cedec3c343209f16d6a0e5178bb6ed3adf0c190ad9074f7c3f1ea58dee15827e4,01,SS-CUFE     ,1,true,,,
2,120213106,GH266474,901483168,GHG GLOBAL HEALTH GROUP S.A.S,901543761,EPS FAMILIAR DE COLOMBIA,14844.0,2026-01-03T00:00:00,09:01:03,,87b25dad2379f6cb8a7490f8c2f8de6193d90f95a64c446aec4d9e42763738f7d6572dd10b01f35a0c09862fe1c2f8d1,01,SS-CUFE     ,2,true,,,
2,120213109,GH266478,901483168,GHG GLOBAL HEALTH GROUP S.A.S,901543761,EPS FAMILIAR DE COLOMBIA,94890.0,2026-01-03T00:00:00,09:01:59,,fbefb6d0977ace5d3e528a1195b63ac09889663fd28323661ce2818ebe3482a44ff6ec726fa505a128e70fbb4258fdb2,01,SS-CUFE     ,1,true,,,
2,120213115,GH266482,901483168,GHG GLOBAL HEALTH GROUP S.A.S,901543761,EPS FAMILIAR DE COLOMBIA,44990.0,2026-01-03T00:00:00,09:01:56,,28cd3b2e1abbdaa010c34865b5028b04e8ffdaf82308a2554e51005016747c075efc99158399a30091d14fd446320593,01,SS-CUFE     ,1,true,,,
2,120213118,GH266485,901483168,GHG GLOBAL HEALTH GROUP S.A.S,901543761,EPS FAMILIAR DE COLOMBIA,41340.0,2026-01-03T00:00:00,09:01:51,,69ac609372630721df5bed707ce5a01b18b6794085941bd2cf33300d7a12aa7e8ec852f27a96817f2735044c85147e9d,01,SS-CUFE     ,2,true,,,
2,120213124,GH266490,901483168,GHG GLOBAL HEALTH GROUP S.A.S,901543761,EPS FAMILIAR DE COLOMBIA,276444.0,2026-01-03T00:00:00,09:01:47,,34baaa3d774b96be87abbf003abb5b16fa609764c7cd6cf28d412ab151e74e211a39302ab44cdd1e727b6c711c415344,01,SS-CUFE     ,4,true,,,
2,120213132,GH266494,901483168,GHG GLOBAL HEALTH GROUP S.A.S,901543761,EPS FAMILIAR DE COLOMBIA,3258.0,2026-01-03T00:00:00,09:01:43,,322f68062576e9c0af2a4caed6fabaf5d50ce95ef1a2390497a2d9d6895cf64cbf792e25090ea3cea76732e2dd51ada0,01,SS-CUFE     ,1,true,,,
2,120213136,GH266498,901483168,GHG GLOBAL HEALTH GROUP S.A.S,901543761,EPS FAMILIAR DE COLOMBIA,73850.0,2026-01-03T00:00:00,09:01:32,,f5c3868e462c6cfb8a2259c9e6f99a3d3b48acffe922764c6df3cdbe2dd60b23c2c222f12ec82d0e21484c398a09537f,01,SS-CUFE     ,2,true,,,
2,120213142,GH266502,901483168,GHG GLOBAL HEALTH GROUP S.A.S,901543761,EPS FAMILIAR DE COLOMBIA,35004.0,2026-01-03T00:00:00,09:01:39,,82595d6d558114b320917431006b0887169b21c704f83e0da85b33d47dda4477ff9868727d7a11a900112b2a6c3ccf95,01,SS-CUFE     ,2,true,,,
2,120213147,GH266504,901483168,GHG GLOBAL HEALTH GROUP S.A.S,901543761,EPS FAMILIAR DE COLOMBIA,31562.0,2026-01-03T00:00:00,09:01:35,,32214426a1a3f7f3bd0a9e843f780b450274a2e7eb787d6f73fc3b01c1b10e3aa7ce52ea6a6d59e6e438a9d7d3f21f5a,01,SS-CUFE     ,2,true,,,
2,120213151,GH266509,901483168,GHG GLOBAL HEALTH GROUP S.A.S,901543761,EPS FAMILIAR DE COLOMBIA,319440.0,2026-01-03T00:00:00,09:01:26,,b0fec52d9f68facc3906b48c8cfdc30a48cfaca73d4986e06199df7038f6f849b562abe38ee990484d375db3fe080a1e,01,SS-CUFE     ,1,true,,,
2,120213162,GH266513,901483168,GHG GLOBAL HEALTH GROUP S.A.S,901543761,EPS FAMILIAR DE COLOMBIA,28196.0,2026-01-03T00:00:00,09:01:28,,599ecb2cb007991c2eeb1f62fff84a8c1a8bd26421d91fb6d27cdfe249dc86c0f9add7069d31ea2b7b575e8bf8a9f771,01,SS-CUFE     ,2,true,,,
2,120213167,GH266517,901483168,GHG GLOBAL HEALTH GROUP S.A.S,901543761,EPS FAMILIAR DE COLOMBIA,136494.0,2026-01-03T00:00:00,09:01:25,,df0ccc4b102d8354a545fa60fbec162db193ff5e0513073a42aaf2111b2e16add562d9e059556b80aad6ab277f7d95fa,01,SS-CUFE     ,3,true,,,
2,120213169,GH266519,901483168,GHG GLOBAL HEALTH GROUP S.A.S,901543761,EPS FAMILIAR DE COLOMBIA,71190.0,2026-01-03T00:00:00,09:01:20,,7e2449cc3937eaa2bb58af56626370e89458e96a3fbdfac23e713e1328dacf02ff724eaa2145e4ecf162bec4c54047d1,01,SS-CUFE     ,1,true,,,
2,120213173,GH266522,901483168,GHG GLOBAL HEALTH GROUP S.A.S,901543761,EPS FAMILIAR DE COLOMBIA,15753.0,2026-01-03T00:00:00,09:01:35,,0aded76968ce8323b9828688a7a94cb161caaba1121d3b2a95dd06457a58202dd7d0b36a52c2fc8c5a9a102fa0fffbb7,01,SS-CUFE     ,1,true,,,
2,120213176,GH266526,901483168,GHG GLOBAL HEALTH GROUP S.A.S,901543761,EPS FAMILIAR DE COLOMBIA,181017.0,2026-01-03T00:00:00,09:01:40,,593e5f193ca486669a1d1471f4069d587075448a6b4796aebd9b07f63727cebcf4f9ca8f6e1c51c1ef77ab0fc1545b37,01,SS-CUFE     ,3,true,,,
2,120213181,GH266530,901483168,GHG GLOBAL HEALTH GROUP S.A.S,901543761,EPS FAMILIAR DE COLOMBIA,59976.0,2026-01-03T00:00:00,09:01:17,,5fbea6244013ba12978a66e3455f5ee076151eb843f047a3190a3a393aeef1246643198e64e50f8f99c1a83250fc9ea4,01,SS-CUFE     ,1,true,,,
2,120213188,GH266532,901483168,GHG GLOBAL HEALTH GROUP S.A.S,901543761,EPS FAMILIAR DE COLOMBIA,143502.0,2026-01-03T00:00:00,09:01:43,,5171f9e194b3ff11ee11600ebe0979556afe08254bc2b7ac715ac1e421c1f439f2f18e34a313ade435b0968e34fd9bde,01,SS-CUFE     ,1,true,,,
2,120213195,GH266535,901483168,GHG GLOBAL HEALTH GROUP S.A.S,901543761,EPS FAMILIAR DE COLOMBIA,20754.0,2026-01-03T00:00:00,09:01:31,,d8432f0c24cfe004402a0462af4814c601e21ce76d0b95c9e668abf01060f1c3d30af2d49f691b63919cc3d95ca61799,01,SS-CUFE     ,2,true,,,
2,120213198,GH266538,901483168,GHG GLOBAL HEALTH GROUP S.A.S,901543761,EPS FAMILIAR DE COLOMBIA,129790.0,2026-01-03T00:00:00,09:01:17,,628686750ec2c0ad282e4092fb0d49a68210984fc53565558f1fb9a64fdcce1b2afc5cdfcbf0b2b932c14902a9b98c00,01,SS-CUFE     ,4,true,,,
2,120213202,GH266541,901483168,GHG GLOBAL HEALTH GROUP S.A.S,901543761,EPS FAMILIAR DE COLOMBIA,8664.0,2026-01-03T00:00:00,09:01:08,,4db40d9ee7b821464ecec1562a301af41fc700f79b0bf74bf8e818d9005b31d302a5600a3c955a155132e5bca269724f,01,SS-CUFE     ,1,true,,,
2,120213206,GH266546,901483168,GHG GLOBAL HEALTH GROUP S.A.S,901543761,EPS FAMILIAR DE COLOMBIA,71190.0,2026-01-03T00:00:00,09:01:13,,9a678b1f18ad379bc48aa299783860fd1b0d0cd4ee46c95294f668ca8fbeac98301a83895a9c00aa041558e0cd4cb711,01,SS-CUFE     ,1,true,,,
2,120213212,GH266550,901483168,GHG GLOBAL HEALTH GROUP S.A.S,901543761,EPS FAMILIAR DE COLOMBIA,8664.0,2026-01-03T00:00:00,09:01:04,,5c09f14be3e43b70f261bb1e4c7d146d68a7b352f4927bef32d3f33e271e5fb2d7cc13bdc55e8cd8c4ffd1a435ed3da6,01,SS-CUFE     ,1,true,,,
2,120213225,GH266555,901483168,GHG GLOBAL HEALTH GROUP S.A.S,901543761,EPS FAMILIAR DE COLOMBIA,114210.0,2026-01-03T00:00:00,09:01:00,,81f9111cde61a7277329c633dddfd919c33748b52d4bb12144d1dd49a2ac321971d12f594f1ef944c3fbcd12a3591861,01,SS-CUFE     ,1,true,,,
2,120213231,GH266557,901483168,GHG GLOBAL HEALTH GROUP S.A.S,901543761,EPS FAMILIAR DE COLOMBIA,13044.0,2026-01-03T00:00:00,09:01:13,,ff5b121cd687c03f6c2356546e011c134be45adc2d1a83f1d7f51a73b82bc0801f3ab3fb960d69d43b7f923399dfc934,01,SS-CUFE     ,2,true,,,
2,120213235,GH266561,901483168,GHG GLOBAL HEALTH GROUP S.A.S,901543761,EPS FAMILIAR DE COLOMBIA,287352.0,2026-01-03T00:00:00,09:01:22,,dd272f2125c82b28c4e7bbdc531e74b050403da0c4a9e8c7f27820346402ae925ccf20c5687ca899d32c63c9c55c351c,01,SS-CUFE     ,4,true,,,
2,120213244,GH266563,901483168,GHG GLOBAL HEALTH GROUP S.A.S,901543761,EPS FAMILIAR DE COLOMBIA,122874.0,2026-01-03T00:00:00,09:01:52,,74672e89dc946fbde53cf69ecda9544494beea8fabb155ece2b8ead2de5266524c7a20051871045c4a630193e62f6778,01,SS-CUFE     ,2,true,,,
2,120213250,GH266567,901483168,GHG GLOBAL HEALTH GROUP S.A.S,901543761,EPS FAMILIAR DE COLOMBIA,8664.0,2026-01-03T00:00:00,09:01:47,,296f7c142b3c261bf5b884dd10c8eaba5b015d8a128b45e9407de9c37eb0fc062bd3d1f2c20ad0e7af6e74198f11dd65,01,SS-CUFE     ,1,true,,,
2,120213255,GH266571,901483168,GHG GLOBAL HEALTH GROUP S.A.S,901543761,EPS FAMILIAR DE COLOMBIA,36800.0,2026-01-03T00:00:00,09:01:50,,09bc27b02b3d531e81a68cf76cb5499216186a531b62a0bc0f7e3f5fe610bcd5200f80ceb7b5f2706f7230f7d6d438db,01,SS-CUFE     ,1,true,,,
2,120213261,GH266574,901483168,GHG GLOBAL HEALTH GROUP S.A.S,901543761,EPS FAMILIAR DE COLOMBIA,19250.0,2026-01-03T00:00:00,09:01:47,,dc0f8374bacd7ffd91ba8e79dc248b17c075a08eab1c770273ef642de36788980d205c95f980b7bca8164814beb68185,01,SS-CUFE     ,1,true,,,
2,120213273,GH266578,901483168,GHG GLOBAL HEALTH GROUP S.A.S,901543761,EPS FAMILIAR DE COLOMBIA,23760.0,2026-01-03T00:00:00,09:01:43,,7653a03a3c01ddbc9c16543787ebd530c89f54ceb39f5cc8407b5c51158d8a7c1bccf3d415d73585a4d9dff9c4e3fc43,01,SS-CUFE     ,1,true,,,
2,120213278,GH266583,901483168,GHG GLOBAL HEALTH GROUP S.A.S,901543761,EPS FAMILIAR DE COLOMBIA,187380.0,2026-01-03T00:00:00,09:01:24,,6e82ab4eb2605943ee23f3111943391738211fb3a0fb8d1dc014a7a81cb5099200dd411b2c2965c49f33cbd98f5d0e64,01,SS-CUFE     ,3,true,,,
2,120213284,GH266587,901483168,GHG GLOBAL HEALTH GROUP S.A.S,901543761,EPS FAMILIAR DE COLOMBIA,107100.0,2026-01-03T00:00:00,09:01:39,,317140b59004315877950cfe1f70647ac542e1e0e8b16c59fa4cdad4b1777b2b54734a72092a84fb52682e86733ca7c7,01,SS-CUFE     ,1,true,,,
2,120213299,GH266593,901483168,GHG GLOBAL HEALTH GROUP S.A.S,901543761,EPS FAMILIAR DE COLOMBIA,43681.0,2026-01-03T00:00:00,09:01:36,,1ae5c57d69b2c5758c3144e0d27eebd99b59d6ba28b4e22957d1c69b0629e2188d7f559c3ed59abfe3d8eadc3ae456c0,01,SS-CUFE     ,2,true,,,
2,120213305,GH266598,901483168,GHG GLOBAL HEALTH GROUP S.A.S,901543761,EPS FAMILIAR DE COLOMBIA,12996.0,2026-01-03T00:00:00,09:01:32,,703fa576d696b636ca195e5b1d5dc6bc39190383d18e340aec20f340920d5488e07b0da8bab489da49ecba327f97b7bb,01,SS-CUFE     ,1,true,,,
2,120213309,GH266601,901483168,GHG GLOBAL HEALTH GROUP S.A.S,901543761,EPS FAMILIAR DE COLOMBIA,69780.0,2026-01-03T00:00:00,09:01:28,,a01f2d8cd0b6e67065feed7715f0f111b437c68942a45f40285bf45668c527829c051e430134ea78e28981a2ae772f80,01,SS-CUFE     ,1,true,,,
2,120213311,GH266603,901483168,GHG GLOBAL HEALTH GROUP S.A.S,901543761,EPS FAMILIAR DE COLOMBIA,32773.0,2026-01-03T00:00:00,09:01:22,,bdfc864428e570cd3dcfbdad0fee8d35902c294cddacd6833dbd8d429e0e0bf65b53caa7ab0665c9c4ea0a1647e95eb0,01,SS-CUFE     ,1,true,,,
2,120213326,GH266607,901483168,GHG GLOBAL HEALTH GROUP S.A.S,901543761,EPS FAMILIAR DE COLOMBIA,18270.0,2026-01-03T00:00:00,09:01:24,,66fdf5dbf9f57364d6101d207d4162f739c3ca3cc42b1e97057b6af3921110f9a648010c66c9eb39407a54debcafa5ea,01,SS-CUFE     ,1,true,,,
2,120213335,GH266610,901483168,GHG GLOBAL HEALTH GROUP S.A.S,901543761,EPS FAMILIAR DE COLOMBIA,54480.0,2026-01-03T00:00:00,09:01:20,,74a7ce38677469abb173b37dd26d1b87808396ec26d95bb94f1e26fb29ec78c1a23594dfc648a0e2b1deaf37d2f5b5cc,01,SS-CUFE     ,2,true,,,
2,120213337,GH266613,901483168,GHG GLOBAL HEALTH GROUP S.A.S,901543761,EPS FAMILIAR DE COLOMBIA,20670.0,2026-01-03T00:00:00,09:01:16,,483332dd264449866ef81fab0c994bfaec6cd5521ebb770db1d50073dde46dfbcfcbb7559382a27641c18d9ebc2a0069,01,SS-CUFE     ,1,true,,,
2,120213340,GH266615,901483168,GHG GLOBAL HEALTH GROUP S.A.S,901543761,EPS FAMILIAR DE COLOMBIA,59976.0,2026-01-03T00:00:00,09:01:13,,278a4bc63c047d0f37b709efbb55a32a6be1653dc205f71d3a7e63f38ea9c5009fd00dd604c0b57fff850bc304463f47,01,SS-CUFE     ,1,true,,,
2,120213347,GH266619,901483168,GHG GLOBAL HEALTH GROUP S.A.S,901543761,EPS FAMILIAR DE COLOMBIA,133530.0,2026-01-03T00:00:00,09:01:09,,956b2af58c079245c1744a7ee47d00418f50e7dcf06561c91d8966ef142376a137b257d1421384db71753fcd222efe42,01,SS-CUFE     ,2,true,,,
2,120213351,GH266622,901483168,GHG GLOBAL HEALTH GROUP S.A.S,901543761,EPS FAMILIAR DE COLOMBIA,42481.0,2026-01-03T00:00:00,09:01:05,,96a148f42d814bf2619e7623b6dba5e25d53e4fdc208b75bf95e8fa2aa28269bfbdd664a5cfa7e9f85de37cbd0c8e10f,01,SS-CUFE     ,1,true,,,
2,120213357,GH266626,901483168,GHG GLOBAL HEALTH GROUP S.A.S,901543761,EPS FAMILIAR DE COLOMBIA,92160.0,2026-01-03T00:00:00,09:01:55,,449e8280aca52ab652441a3b63c5a9120e3bd73c22cc1339413868154014d61e042f8e10f0a3c6d9cda65e50ad437a4b,01,SS-CUFE     ,1,true,,,
2,120213360,GH266629,901483168,GHG GLOBAL HEALTH GROUP S.A.S,901543761,EPS FAMILIAR DE COLOMBIA,22732.0,2026-01-03T00:00:00,09:01:40,,70547383b84264e7a5a8c7851ef7954c1a9484b465f697096a5be806b43523c86c00111f835e07587064c208fe781dca,01,SS-CUFE     ,2,true,,,
2,120213369,GH266632,901483168,GHG GLOBAL HEALTH GROUP S.A.S,901543761,EPS FAMILIAR DE COLOMBIA,6818.0,2026-01-03T00:00:00,09:01:48,,bb00b0e5da9c8f4c2a17faa13aa911ac35002549689f6f9f5d8e13a72354e7aa17fad2ba27bf05e3ecc8aa1c9fd4d789,01,SS-CUFE     ,1,true,,,
2,120213375,GH266635,901483168,GHG GLOBAL HEALTH GROUP S.A.S,901543761,EPS FAMILIAR DE COLOMBIA,68227.0,2026-01-03T00:00:00,09:01:44,,ebc61020201a7a411bb7b9844b8cfe03c0975df91c1f938b2a367b965c78f882976f4326fee607defaa8711cd8f8e7d3,01,SS-CUFE     ,2,true,,,
2,120213383,GH266638,901483168,GHG GLOBAL HEALTH GROUP S.A.S,901543761,EPS FAMILIAR DE COLOMBIA,13620.0,2026-01-03T00:00:00,09:01:38,,f085b8710cc302da53e2f923a1f53ec80e235a471a430ff2400517f747f52312f9bc6bbeeca49ba0aa8d8afd702fb96e,01,SS-CUFE     ,1,true,,,
2,120213390,GH266641,901483168,GHG GLOBAL HEALTH GROUP S.A.S,901543761,EPS FAMILIAR DE COLOMBIA,235398.0,2026-01-03T00:00:00,09:01:51,,1528c403a76a9267a783152de73448e946e8589c84ecb3f765e6f958bb32a06d80d737dc650a8262b4883c5ca8daf626,01,SS-CUFE     ,3,true,,,
2,120213394,GH266645,901483168,GHG GLOBAL HEALTH GROUP S.A.S,901543761,EPS FAMILIAR DE COLOMBIA,62686.0,2026-01-03T00:00:00,09:01:58,,9e489187f116445df0011fa6a19e76b56a7fb7226e4212881f9a81273eef43aa7b7ecd20cc702c5f11282a57c3d13867,01,SS-CUFE     ,1,true,,,
2,120213396,GH266646,901483168,GHG GLOBAL HEALTH GROUP S.A.S,901543761,EPS FAMILIAR DE COLOMBIA,408750.0,2026-01-03T00:00:00,09:01:02,,fb1dae9eb019c0b6ef2c0da082bb1c98edd9b51e1e6b54341aaff7614bae0586d273841df71891f3a75d67f148cd84c7,01,SS-CUFE     ,1,true,,,
2,120213397,GH266652,901483168,GHG GLOBAL HEALTH GROUP S.A.S,901543761,EPS FAMILIAR DE COLOMBIA,26250.0,2026-01-03T00:00:00,09:01:55,,aedc6ab4a58c0b271aeded4a2b27f2390f81a6ba81fe7f71e2d354b2fbaa60a4a0731b396269d4318d9dde7f862590d0,01,SS-CUFE     ,1,true,,,
2,120213402,GH266654,901483168,GHG GLOBAL HEALTH GROUP S.A.S,901543761,EPS FAMILIAR DE COLOMBIA,93330.0,2026-01-03T00:00:00,09:01:14,,2e601623f9925c1f54737bd15d2bcfb292be3edd959ada4665d7b74cb67deeb74d79a4560d83c897458898381d6cd25d,01,SS-CUFE     ,2,true,,,
2,120213407,GH266658,901483168,GHG GLOBAL HEALTH GROUP S.A.S,901543761,EPS FAMILIAR DE COLOMBIA,9950.0,2026-01-03T00:00:00,09:01:19,,ffb6e0d8896e2f3d7b00144f0d5d6cd6bd205edf652dd8969a5e879681b0a3f4507305e93a9d67c07cb73542bae75aee,01,SS-CUFE     ,2,true,,,
2,120213410,GH266662,901483168,GHG GLOBAL HEALTH GROUP S.A.S,901543761,EPS FAMILIAR DE COLOMBIA,242520.0,2026-01-03T00:00:00,09:01:11,,edccdbea3731bc99dc8f336d8e6f24970acb11d7755bad8f7ebb1259ceb88b27c245389764b2c84f079cd0ccd6999dfe,01,SS-CUFE     ,1,true,,,
2,120213423,GH266665,901483168,GHG GLOBAL HEALTH GROUP S.A.S,901543761,EPS FAMILIAR DE COLOMBIA,23760.0,2026-01-03T00:00:00,09:01:07,,c96a8e4d8319c49bb35f9b7a252fc61f0bb2e846730cbfbc26687775bd1c82e9b082e3a4cbab973f4666596580d9b0f7,01,SS-CUFE     ,1,true,,,
2,120213429,GH266668,901483168,GHG GLOBAL HEALTH GROUP S.A.S,901543761,EPS FAMILIAR DE COLOMBIA,104814.0,2026-01-03T00:00:00,09:01:51,,ad60cd815cd4c252d391cb23b4c4628d0d7c51473059a7d13eb045814ca3fc0d6212621b795dd9b7f929372c7c483daf,01,SS-CUFE     ,1,true,,,
2,120213439,GH266671,901483168,GHG GLOBAL HEALTH GROUP S.A.S,901543761,EPS FAMILIAR DE COLOMBIA,278460.0,2026-01-03T00:00:00,10:01:04,,76f299a0a8c83c72f66c02d69589bddf0714482bac2ceb0a2f35ae0df8cd256e6f9aa795cb76acf9485873e55c2587b2,01,SS-CUFE     ,3,true,,,
2,120213457,GH266676,901483168,GHG GLOBAL HEALTH GROUP S.A.S,901543761,EPS FAMILIAR DE COLOMBIA,15690.0,2026-01-03T00:00:00,10:01:12,,bd4a774d409a058f827136622b8367feda07eac6f12e6410bf744aad170756c8c43e1e3cf2ae839042720cd224449064,01,SS-CUFE     ,1,true,,,
2,120213465,GH266678,901483168,GHG GLOBAL HEALTH GROUP S.A.S,901543761,EPS FAMILIAR DE COLOMBIA,129060.0,2026-01-03T00:00:00,10:01:16,,247e7af456f02800580cdc49b3ab63578e30fbf5ed7c757dc8d377524744589a6b9e7ab621a8e4cbcfb3e0d0cd852343,01,SS-CUFE     ,1,true,,,
2,120213468,GH266682,901483168,GHG GLOBAL HEALTH GROUP S.A.S,901543761,EPS FAMILIAR DE COLOMBIA,137676.0,2026-01-03T00:00:00,10:01:00,,3508fc01104ce5a30f1a771e2d402c59cfddb206b993b4474aa666054837b0019fe353bc58bd6254292cb0a2d94e496b,01,SS-CUFE     ,3,true,,,
2,120213474,GH266684,901483168,GHG GLOBAL HEALTH GROUP S.A.S,901543761,EPS FAMILIAR DE COLOMBIA,94544.0,2026-01-03T00:00:00,10:01:01,,c541de867fd4c6443d494760e228964b2a5c03bc825543a03dbb22c185e8276cf8522b4f7d3c633a799d6df3599ed10b,01,SS-CUFE     ,1,true,,,
2,120213476,GH266686,901483168,GHG GLOBAL HEALTH GROUP S.A.S,901543761,EPS FAMILIAR DE COLOMBIA,64746.0,2026-01-03T00:00:00,10:01:33,,e4a1c47596838c60efe42c14b8855ecc30f593b9e26853b5049193677b1289e68f9f7f9b5e4286a75f98c73b04ca150f,01,SS-CUFE     ,2,true,,,
2,120213481,GH266691,901483168,GHG GLOBAL HEALTH GROUP S.A.S,901543761,EPS FAMILIAR DE COLOMBIA,12996.0,2026-01-03T00:00:00,10:01:29,,eec8e77e6f4669dbf241603161be15ed338b3825fb8c01dc40b15d59afc569163f9e63b1a9f0cd5d451b4ccade918afd,01,SS-CUFE     ,1,true,,,
3,120213487,GH266694,901483168,GHG GLOBAL HEALTH GROUP S.A.S,901543761,EPS FAMILIAR DE COLOMBIA,107758.0,2026-01-03T00:00:00,10:01:57,,a99473eb2d0aff23945b20aac326ca574eed17bb81f13659cb3551c59329b075b1cb4d18c604030eedd2668ccff9e370,01,SS-CUFE     ,2,true,,,
3,120213491,GH266695,901483168,GHG GLOBAL HEALTH GROUP S.A.S,901543761,EPS FAMILIAR DE COLOMBIA,21909.0,2026-01-03T00:00:00,10:01:52,,ce855cc2ac2218c66c117f4ceadceb866c22195c9203befe7cfae730a009b639888c7725c2be5954476feba77e4dac6f,01,SS-CUFE     ,1,true,,,
3,120213495,GH266702,901483168,GHG GLOBAL HEALTH GROUP S.A.S,901543761,EPS FAMILIAR DE COLOMBIA,71190.0,2026-01-03T00:00:00,10:01:08,,6d827276a963878dae3d7a720832c7f173aaa866da1507f0047d727eb09853df042b9164935ed66a5484dbc25b33aacf,01,SS-CUFE     ,1,true,,,
3,120213498,GH266705,901483168,GHG GLOBAL HEALTH GROUP S.A.S,901543761,EPS FAMILIAR DE COLOMBIA,91740.0,2026-01-03T00:00:00,10:01:21,,c6a6c72a0982c59a6963996abf15e4b12f820f0e8437e0fbc9cbd0875d8f24c8a65310d2ffa5c914b6c13c905bfda73d,01,SS-CUFE     ,1,true,,,
3,120213503,GH266707,901483168,GHG GLOBAL HEALTH GROUP S.A.S,901543761,EPS FAMILIAR DE COLOMBIA,5760.0,2026-01-03T00:00:00,10:01:17,,6ef8d9f79c095026abb0efb0089989ce392477db36dc0d01d248d186459a92dfe5059d9eac69b60ddc101a565dc2b2d9,01,SS-CUFE     ,1,true,,,
3,120213505,GH266710,901483168,GHG GLOBAL HEALTH GROUP S.A.S,901543761,EPS FAMILIAR DE COLOMBIA,183360.0,2026-01-03T00:00:00,10:01:13,,242db60a82102a46e81b22b1a24dabdb876e23f300e6a34ad3bc5f1e7b0171581c4fafc032e5db8a46976d9326fbc3f2,01,SS-CUFE     ,1,true,,,
3,120213509,GH266714,901483168,GHG GLOBAL HEALTH GROUP S.A.S,901543761,EPS FAMILIAR DE COLOMBIA,198490.0,2026-01-03T00:00:00,10:01:09,,9ca753e658fa09c4ebaa5764c25dc9d0e12c79ae83fa9a60001a20016c629a9835c609cceb97be7952e3da6e3eb62188,01,SS-CUFE     ,2,true,,,
3,120213517,GH266718,901483168,GHG GLOBAL HEALTH GROUP S.A.S,901543761,EPS FAMILIAR DE COLOMBIA,14594.0,2026-01-03T00:00:00,10:01:20,,ed9b215df31bcd075e1f3f8d97ee015e0d5f9a986d3b7718dd338116b636d477b6e1dfae0abdf23631a397c4eed89e7a,01,SS-CUFE     ,1,true,,,
3,120213521,GH266722,901483168,GHG GLOBAL HEALTH GROUP S.A.S,901543761,EPS FAMILIAR DE COLOMBIA,12996.0,2026-01-03T00:00:00,10:01:05,,5aad56aa0fd1368b1d641d94159f71bba338ed2eeff2418329a1c663eddca338284d59828d1f57249bb0106e7cb2a0d0,01,SS-CUFE     ,1,true,,,
3,120213523,GH266724,901483168,GHG GLOBAL HEALTH GROUP S.A.S,901543761,EPS FAMILIAR DE COLOMBIA,4392.0,2026-01-03T00:00:00,10:01:57,,de9c6a437a62abd4e39b6991497a8f8541c2d1dbd84d6f424ed9ea03a3318324ab3baab266c482ab4940e22d5af08e15,01,SS-CUFE     ,1,true,,,
3,120213528,GH266726,901483168,GHG GLOBAL HEALTH GROUP S.A.S,901543761,EPS FAMILIAR DE COLOMBIA,65280.0,2026-01-03T00:00:00,10:01:53,,94340bf3301355281da15171fb44c8f0e2d69c815e484c961e18480d7407465a1951cd7b8f226aacbfe92e65df2d7d5d,01,SS-CUFE     ,1,true,,,
3,120213530,GH266729,901483168,GHG GLOBAL HEALTH GROUP S.A.S,901543761,EPS FAMILIAR DE COLOMBIA,176400.0,2026-01-03T00:00:00,10:01:49,,c21e057d832fd5e7e304e836d93a166f2ff150c4e0bbc123099f8b123af4f44c0b33cdec7ed7107bfd455e234dca1b07,01,SS-CUFE     ,1,true,,,
3,120213533,GH266731,901483168,GHG GLOBAL HEALTH GROUP S.A.S,901543761,EPS FAMILIAR DE COLOMBIA,94890.0,2026-01-03T00:00:00,10:01:45,,6cd5a1cdcbbbd5393104595ed5e3d735d5bcdb3f82c8d36da30b386c2944c76c528fdbf6a1571ce9e1658d86b3f48bac,01,SS-CUFE     ,1,true,,,
3,120213537,GH266733,901483168,GHG GLOBAL HEALTH GROUP S.A.S,901543761,EPS FAMILIAR DE COLOMBIA,40245.0,2026-01-03T00:00:00,10:01:37,,0d5c77ea9e7773516d63a0c2157c6c50b53897fcd1b25ba3158fcc19fa79f2b2130140d54a15fdf2ef6c102d51479eec,01,SS-CUFE     ,2,true,,,
3,120213543,GH266735,901483168,GHG GLOBAL HEALTH GROUP S.A.S,901543761,EPS FAMILIAR DE COLOMBIA,7297.0,2026-01-03T00:00:00,10:01:40,,706314155749ad839aa1d470b1c025dd8dda012401dd73367334b709dac3b7df3fab5f8c46e6d747289d805541fde3b4,01,SS-CUFE     ,1,true,,,
3,120213547,GH266736,901483168,GHG GLOBAL HEALTH GROUP S.A.S,901543761,EPS FAMILIAR DE COLOMBIA,25086.0,2026-01-03T00:00:00,10:01:37,,6f794d9e1901a86786d2ad78d532c9d637a6816af3fa539e337aabec775f1375a52e41f63ce149850436c1c698b884b8,01,SS-CUFE     ,2,true,,,
3,120213549,GH266738,901483168,GHG GLOBAL HEALTH GROUP S.A.S,901543761,EPS FAMILIAR DE COLOMBIA,83257.0,2026-01-03T00:00:00,10:01:33,,412629d9cde8d4c65d1b7afa12adf8f56845cf160a75d13667eaf10c261946f651341f51cf8b95725d3238e54a103c9f,01,SS-CUFE     ,2,true,,,
3,120213553,GH266740,901483168,GHG GLOBAL HEALTH GROUP S.A.S,901543761,EPS FAMILIAR DE COLOMBIA,8946.0,2026-01-03T00:00:00,10:01:29,,ca47a9a9cfe6d801747fac4b934df4bc19db11562648f6d0fbdb88f80eb7a4d45c7a1cea6f94c2ed33a246c13a63c6d0,01,SS-CUFE     ,1,true,,,
3,120213561,GH266743,901483168,GHG GLOBAL HEALTH GROUP S.A.S,901543761,EPS FAMILIAR DE COLOMBIA,239170.0,2026-01-03T00:00:00,10:01:25,,e4366095830b005d7fde4aab503a37c7d407ab14e51e8a46a81dad129b093ba3fb9cc83557b128e1d5201d302a749db7,01,SS-CUFE     ,3,true,,,
3,120213564,GH266744,901483168,GHG GLOBAL HEALTH GROUP S.A.S,901543761,EPS FAMILIAR DE COLOMBIA,233940.0,2026-01-03T00:00:00,10:01:21,,eec624c22dc9411f68f6f22e3fd6605c7b9f05dbc9b8100106967d7c2d7ce14c0ee075b7b23af9f0e674cc8b091ac45b,01,SS-CUFE     ,1,true,,,
3,120213569,GH266746,901483168,GHG GLOBAL HEALTH GROUP S.A.S,901543761,EPS FAMILIAR DE COLOMBIA,49720.0,2026-01-03T00:00:00,10:01:45,,96a9ddc50e6511283b70d14cf2d3de4fd7d5ea6da385f13557bf2b48005686df5708e67fe466eb0721963f0f9bb2ccfe,01,SS-CUFE     ,2,true,,,
3,120213579,GH266749,901483168,GHG GLOBAL HEALTH GROUP S.A.S,901543761,EPS FAMILIAR DE COLOMBIA,59976.0,2026-01-03T00:00:00,10:01:31,,5c175ea27c80a1950963afda236838e03ad2e12b33c8e2c6c556b46105d447f043bbd158d945b4a170b4135bf1c7a48c,01,SS-CUFE     ,1,true,,,
3,120213582,GH266752,901483168,GHG GLOBAL HEALTH GROUP S.A.S,901543761,EPS FAMILIAR DE COLOMBIA,23760.0,2026-01-03T00:00:00,10:01:35,,cd22284f1e997b984afaf03aab13b763cf26e9f85e02dc268e94505d213754f6a27af4b05bb240d0e08851375600ebfb,01,SS-CUFE     ,1,true,,,
3,120213588,GH266755,901483168,GHG GLOBAL HEALTH GROUP S.A.S,901543761,EPS FAMILIAR DE COLOMBIA,59976.0,2026-01-03T00:00:00,10:01:39,,1977c0d44904950d37b7f4175dae807ba87a77300f3ceaef056daa1cdbc83893a89a5a1a0986b6568f32189fab2d6781,01,SS-CUFE     ,1,true,,,
3,120213593,GH266757,901483168,GHG GLOBAL HEALTH GROUP S.A.S,901543761,EPS FAMILIAR DE COLOMBIA,167734.0,2026-01-03T00:00:00,10:01:43,,f372e2ddc51d974949901661fb74d0bdcd333842b2151358ce474f99c4c14767afd0b18ebdd796e8b0f3b3cc96fb2427,01,SS-CUFE     ,3,true,,,
3,120213595,GH266759,901483168,GHG GLOBAL HEALTH GROUP S.A.S,901543761,EPS FAMILIAR DE COLOMBIA,29545.0,2026-01-03T00:00:00,10:01:03,,d9dd47901fdcbbe872cd4afcfc63ef5a4c01a64ab80cca740c69946ae32eec98e2b2946ad2591925eda5e30501ddf562,01,SS-CUFE     ,1,true,,,
3,120213603,GH266762,901483168,GHG GLOBAL HEALTH GROUP S.A.S,901543761,EPS FAMILIAR DE COLOMBIA,59976.0,2026-01-03T00:00:00,10:01:58,,ee8fddb8d4fd49a322848bf9e9d0b9d8f8b0be795dfd15acf52d39c4e361be6b9cf43010c0ce83df618c99a8129965ab,01,SS-CUFE     ,1,true,,,
3,120213607,GH266764,901483168,GHG GLOBAL HEALTH GROUP S.A.S,901543761,EPS FAMILIAR DE COLOMBIA,109207.0,2026-01-03T00:00:00,10:01:55,,10ae1e84dc0703932d7f71f5f712e13dd6a8dcc2ddc53ffc57d8c3347a2fffc9cc1de477cf717898dc7d5d2d2ebd327a,01,SS-CUFE     ,2,true,,,
3,120213616,GH266766,901483168,GHG GLOBAL HEALTH GROUP S.A.S,901543761,EPS FAMILIAR DE COLOMBIA,23670.0,2026-01-03T00:00:00,10:01:51,,2b9f9bfbe60a8c610098c98d2d946c14a32b121bc5b82f5b65eaa1e9fb071569275ff8e5148c532e5ab988959ee7bae6,01,SS-CUFE     ,1,true,,,
3,120213625,GH266770,901483168,GHG GLOBAL HEALTH GROUP S.A.S,901543761,EPS FAMILIAR DE COLOMBIA,368200.0,2026-01-03T00:00:00,10:01:47,,dd4e71e1aca16b7456023ca12606422fd43ad0e63be78b4ae63cbab106e7324484612eefc427739f9ccf592193926860,01,SS-CUFE     ,3,true,,,
3,120213631,GH266773,901483168,GHG GLOBAL HEALTH GROUP S.A.S,901543761,EPS FAMILIAR DE COLOMBIA,48630.0,2026-01-03T00:00:00,10:01:29,,951e3dd731a79f436226db0a786078ca0125c7aeda957d901fe8b8f62c215779cc47a0b4fc470c763cc82101ef82081b,01,SS-CUFE     ,1,true,,,
3,120213641,GH266776,901483168,GHG GLOBAL HEALTH GROUP S.A.S,901543761,EPS FAMILIAR DE COLOMBIA,197064.0,2026-01-03T00:00:00,10:01:33,,5d78d7906c7af0fa2c2415bc8b70acd9c6058f68e62be300e0f83008aa4389f99ae85b4e851c6db5a70964ecdd140b58,01,SS-CUFE     ,2,true,,,
3,120213646,GH266778,901483168,GHG GLOBAL HEALTH GROUP S.A.S,901543761,EPS FAMILIAR DE COLOMBIA,51750.0,2026-01-03T00:00:00,10:01:40,,b75768123952b1ed4b633f9c287495ec2020a84d4ee6a7a05472a40ca7355d53a8fca8a76dc091025c4748c78cb73cfc,01,SS-CUFE     ,1,true,,,
3,120213649,GH266780,901483168,GHG GLOBAL HEALTH GROUP S.A.S,901543761,EPS FAMILIAR DE COLOMBIA,88200.0,2026-01-03T00:00:00,10:01:44,,ab0aa7f615f2bdf9d837d8b091b501d197f74aa76d02a282e7ad18b18f5cdb5e627acf6ffd2c8d2e724ef347a26f0b26,01,SS-CUFE     ,1,true,,,
3,120213653,GH266781,901483168,GHG GLOBAL HEALTH GROUP S.A.S,901543761,EPS FAMILIAR DE COLOMBIA,62536.0,2026-01-03T00:00:00,10:01:48,,35a6317f72a841e4967bb8dc55dc6a63dd1bf4368d12da302cefb89ec8d51d05112d7c145d1da172916262b8d4d7894d,01,SS-CUFE     ,2,true,,,
3,120213662,GH266784,901483168,GHG GLOBAL HEALTH GROUP S.A.S,901543761,EPS FAMILIAR DE COLOMBIA,115193.0,2026-01-03T00:00:00,10:01:52,,faf1acf24709f380204930c6a3aa2cc99f47bc49b97fa8e7a5db9393e6d9a327fdc673c918672da8e943446546840e41,01,SS-CUFE     ,3,true,,,
3,120213667,GH266788,901483168,GHG GLOBAL HEALTH GROUP S.A.S,901543761,EPS FAMILIAR DE COLOMBIA,313020.0,2026-01-03T00:00:00,10:01:56,,65e753d0887865024b897eb4c33fd0747a86ccad3b205a3267c1b22b382e8e5221a2edcdffa48c42bf0d60800db961e7,01,SS-CUFE     ,3,true,,,
3,120213669,GH266794,901483168,GHG GLOBAL HEALTH GROUP S.A.S,901543761,EPS FAMILIAR DE COLOMBIA,84652.0,2026-01-03T00:00:00,10:01:00,,8dc4afcadc6480805af9636464d16c1c745b6baede166807f6fd14f907d1884b1a3c748b8371e696481a9876691fe527,01,SS-CUFE     ,3,true,,,
3,120213676,GH266796,901483168,GHG GLOBAL HEALTH GROUP S.A.S,901543761,EPS FAMILIAR DE COLOMBIA,64816.0,2026-01-03T00:00:00,10:01:05,,f1422790536de360b32b3e4f80a4b3fa92e9782814a167146d60edfd045ccd26e1455e50ced7e3f040696b833c1bcfec,01,SS-CUFE     ,2,true,,,
3,120213679,GH266799,901483168,GHG GLOBAL HEALTH GROUP S.A.S,901543761,EPS FAMILIAR DE COLOMBIA,175674.0,2026-01-03T00:00:00,10:01:09,,263bc3c067f93d48e7ff3f3f67287d80fc6d1c902e93fbbede2a0b4430ad7b9dfb136e790d33ef6410d251fc9d54845d,01,SS-CUFE     ,2,true,,,
3,120213687,GH266803,901483168,GHG GLOBAL HEALTH GROUP S.A.S,901543761,EPS FAMILIAR DE COLOMBIA,48630.0,2026-01-03T00:00:00,10:01:14,,e66627f4a6c5c2e81cf2d47424285037f99b96cd75811d85aa600672fc80687f2a7b9d16b9b1eecf26d414c4a038fed8,01,SS-CUFE     ,1,true,,,
3,120213690,GH266807,901483168,GHG GLOBAL HEALTH GROUP S.A.S,901543761,EPS FAMILIAR DE COLOMBIA,377808.0,2026-01-03T00:00:00,10:01:18,,44743a4f2356f4363e66df7fe41e85da0355677ab31b61c2276ced0633942b03e22c06cf97e88855db7dbb96008514b0,01,SS-CUFE     ,3,true,,,
3,120213696,GH266809,901483168,GHG GLOBAL HEALTH GROUP S.A.S,901543761,EPS FAMILIAR DE COLOMBIA,34800.0,2026-01-03T00:00:00,10:01:22,,f32602bf0b725ac6d4f38bbe33e98b13a36c6f72c0d29d3a44e9f6b2a77b9232cc0861dd527bc85e95a481a8709f777b,01,SS-CUFE     ,1,true,,,
3,120213698,GH266813,901483168,GHG GLOBAL HEALTH GROUP S.A.S,901543761,EPS FAMILIAR DE COLOMBIA,201080.0,2026-01-03T00:00:00,10:01:26,,071a4171e9cc301af38e9b24957ea2e964cb29985cbf9cf4bdc218dfc1786651273e10f9cfb1505e6d2587395269ff63,01,SS-CUFE     ,2,true,,,
3,120213700,GH266816,901483168,GHG GLOBAL HEALTH GROUP S.A.S,901543761,EPS FAMILIAR DE COLOMBIA,114210.0,2026-01-03T00:00:00,10:01:30,,624ed1a6276a97a5426eaec2a18f17c398b22c2d52524854e4eef2a5a3b38f76e0c0edf556e69cbe0a615c8d722ea4fd,01,SS-CUFE     ,1,true,,,
3,120213705,GH266819,901483168,GHG GLOBAL HEALTH GROUP S.A.S,901543761,EPS FAMILIAR DE COLOMBIA,34890.0,2026-01-03T00:00:00,10:01:34,,1a078bdfb5c096b678df15e06b9243d4bf37621fc0f64f3b61ee9e39cd5d740e7e80afa09e94acc389e35c9531f299fe,01,SS-CUFE     ,1,true,,,
3,120213711,GH266821,901483168,GHG GLOBAL HEALTH GROUP S.A.S,901543761,EPS FAMILIAR DE COLOMBIA,30695.0,2026-01-03T00:00:00,10:01:38,,22f417ebad9018f6b71672d545e32ff82c8cc89f195e9955dcbe0b4674d811cac31f3938fc4dcea7e3b225babd706ff8,01,SS-CUFE     ,2,true,,,
3,120213717,GH266824,901483168,GHG GLOBAL HEALTH GROUP S.A.S,901543761,EPS FAMILIAR DE COLOMBIA,188356.0,2026-01-03T00:00:00,10:01:42,,c67cab4e120a75d017a27986f5be28eb1b7429a4ff63a31de10d2cd98604c498a16ad521a51cb752657d07ac3e7d606c,01,SS-CUFE     ,2,true,,,
3,120213722,GH266827,901483168,GHG GLOBAL HEALTH GROUP S.A.S,901543761,EPS FAMILIAR DE COLOMBIA,191452.0,2026-01-03T00:00:00,10:01:46,,a5ed1c984b1448cdcae3a4a268eff8a3905f1648962ca4514326d0f3e85dca3556040019d15d42a2708040ad4daccc13,01,SS-CUFE     ,2,true,,,
3,120213727,GH266830,901483168,GHG GLOBAL HEALTH GROUP S.A.S,901543761,EPS FAMILIAR DE COLOMBIA,18040.0,2026-01-03T00:00:00,10:01:50,,ebc78562736fafd2c0da4f2675a094040264ac433ea89b60ee5422f6d5e98690ee19c8198232eff52cd1220ab7a4195c,01,SS-CUFE     ,1,true,,,
3,120213732,GH266832,901483168,GHG GLOBAL HEALTH GROUP S.A.S,901543761,EPS FAMILIAR DE COLOMBIA,5760.0,2026-01-03T00:00:00,10:01:54,,bf17bceb5aa653a6bfc88de55766749ca6aac156714d3c327e2d51c679be5a04e0ebdc41bb4e2de8be9b4b51a0a130a6,01,SS-CUFE     ,1,true,,,
3,120213738,GH266834,901483168,GHG GLOBAL HEALTH GROUP S.A.S,901543761,EPS FAMILIAR DE COLOMBIA,175834.0,2026-01-03T00:00:00,10:01:58,,8e5a221c7152184f23537d46cd1812da707159a0ab5d84b7bab81a7a8291d7a252ff6ca2ee236650aac7997203f28e0f,01,SS-CUFE     ,3,true,,,
3,120213743,GH266837,901483168,GHG GLOBAL HEALTH GROUP S.A.S,901543761,EPS FAMILIAR DE COLOMBIA,9270.0,2026-01-03T00:00:00,10:01:09,,224510a960ed37638e234b5249862a79f659a8a51824d374f06d882d2a9c070386512daa72b3381a7ccee9bc20cc70eb,01,SS-CUFE     ,1,true,,,
3,120213746,GH266840,901483168,GHG GLOBAL HEALTH GROUP S.A.S,901543761,EPS FAMILIAR DE COLOMBIA,88200.0,2026-01-03T00:00:00,10:01:12,,687100b181066152092b06acc51b6a93cda24d32171029359cb22c50817fe5da3b4f440dd16d97f31d3a1da2be23565d,01,SS-CUFE     ,1,true,,,
3,120213753,GH266841,901483168,GHG GLOBAL HEALTH GROUP S.A.S,901543761,EPS FAMILIAR DE COLOMBIA,42874.0,2026-01-03T00:00:00,10:01:44,,03498ff267c818e95e73afa74f099026eb866975f14abf8bcfcafaf0aa7815c0779594078053112de143d8a74ddf1adf,01,SS-CUFE     ,1,true,,,
3,120213760,GH266844,901483168,GHG GLOBAL HEALTH GROUP S.A.S,901543761,EPS FAMILIAR DE COLOMBIA,23144.0,2026-01-03T00:00:00,10:01:48,,f468d87466dc7f247e06ebd544b1aa721353f1e21bad0a72ddca4809a9a4cd9146cad3171f6682ff4391380e28c53acc,01,SS-CUFE     ,2,true,,,
3,120213765,GH266845,901483168,GHG GLOBAL HEALTH GROUP S.A.S,901543761,EPS FAMILIAR DE COLOMBIA,11630.0,2026-01-03T00:00:00,10:01:52,,04418cbca6f6dd31efd40355ad66fa805d5cbd84fae43d088cfceb8ddebedd87add1cf9b4abc6e94ebd015e3237880f7,01,SS-CUFE     ,1,true,,,
3,120213769,GH266847,901483168,GHG GLOBAL HEALTH GROUP S.A.S,901543761,EPS FAMILIAR DE COLOMBIA,26860.0,2026-01-03T00:00:00,10:01:56,,812796bd9d0ff3e38ce085a2ba96266ec550bc4cf4845add9a1ec2bcbb6939ea395c96773eaf8fbe4bf13a4577b6636b,01,SS-CUFE     ,1,true,,,
3,120213772,GH266849,901483168,GHG GLOBAL HEALTH GROUP S.A.S,901543761,EPS FAMILIAR DE COLOMBIA,32000.0,2026-01-03T00:00:00,10:01:00,,1ee5426b109dde6e9363b941cd65f869e2458927078b22cc875545613615c8a54a83aeadb525829eaa24fab71dddc52a,01,SS-CUFE     ,2,true,,,
3,120213777,GH266850,901483168,GHG GLOBAL HEALTH GROUP S.A.S,901543761,EPS FAMILIAR DE COLOMBIA,23260.0,2026-01-03T00:00:00,10:01:04,,f012b61e69970788546e4e1133e95410f7e252866862ada23778e632d968e53ea8b0f816fee7dfa266b5edf2bdc78d60,01,SS-CUFE     ,1,true,,,
3,120213779,GH266852,901483168,GHG GLOBAL HEALTH GROUP S.A.S,901543761,EPS FAMILIAR DE COLOMBIA,40320.0,2026-01-03T00:00:00,10:01:01,,ccb85127bc009a69ba183aa20bd057d8cc4ca9e024a5f41bbac70cdbff2b69ecfd3822e1b87b33054359fb3b268888f8,01,SS-CUFE     ,1,true,,,
3,120213782,GH266853,901483168,GHG GLOBAL HEALTH GROUP S.A.S,901543761,EPS FAMILIAR DE COLOMBIA,24010.0,2026-01-03T00:00:00,10:01:05,,23ca737036fa18d8ed519a6ae50045d5cc7575e8d81df778475fd6755f9aad6d60c32b73e595b47e8a609d13ac3c9850,01,SS-CUFE     ,2,true,,,
3,120213785,GH266856,901483168,GHG GLOBAL HEALTH GROUP S.A.S,901543761,EPS FAMILIAR DE COLOMBIA,29190.0,2026-01-03T00:00:00,10:01:09,,df61e2a09362e6814bc17b26a5e4a58954c0e1d82e02295b0ad6088bdd0234bda5c245a584747c9d30b3b2bfc59ce886,01,SS-CUFE     ,1,true,,,
3,120213791,GH266857,901483168,GHG GLOBAL HEALTH GROUP S.A.S,901543761,EPS FAMILIAR DE COLOMBIA,11287.0,2026-01-03T00:00:00,10:01:14,,a2f70b8bded246e50921f26b47dadcc1f4bd38f2a6c640ba2601083e94216ce6e61b48b3ff44e1892eaf98062ce7eeb0,01,SS-CUFE     ,1,true,,,
3,120213795,GH266861,901483168,GHG GLOBAL HEALTH GROUP S.A.S,901543761,EPS FAMILIAR DE COLOMBIA,13874.0,2026-01-03T00:00:00,10:01:18,,5f931f0249e8f277ee9c248466cab385c6fb125736b6dccdd032cc6a7a6cb68763d629bb2558102aa2a3ec9b74701d12,01,SS-CUFE     ,1,true,,,
3,120213798,GH266864,901483168,GHG GLOBAL HEALTH GROUP S.A.S,901543761,EPS FAMILIAR DE COLOMBIA,8664.0,2026-01-03T00:00:00,10:01:22,,39ebfc13020327349383d67a2fd9ade7e7561caafe845ca3486816bdff3def5d55264dfbd81e0b11a1a7f426f4e53f91,01,SS-CUFE     ,1,true,,,
3,120213800,GH266867,901483168,GHG GLOBAL HEALTH GROUP S.A.S,901543761,EPS FAMILIAR DE COLOMBIA,136416.0,2026-01-03T00:00:00,10:01:25,,461519b24dccb541ee81d1bf72ea8da1be5f19a6348923d9e57a2b69618d50d1fc6810f218f819cd6f3d769237669701,01,SS-CUFE     ,3,true,,,
3,120213806,GH266870,901483168,GHG GLOBAL HEALTH GROUP S.A.S,901543761,EPS FAMILIAR DE COLOMBIA,251400.0,2026-01-03T00:00:00,10:01:29,,af9ce4cc0d2ad01e64513502f58c6968adc74a8ea0db727dce78c969fe53ac84d28e2e069d538464135879003fa17194,01,SS-CUFE     ,2,true,,,
3,120213812,GH266873,901483168,GHG GLOBAL HEALTH GROUP S.A.S,901543761,EPS FAMILIAR DE COLOMBIA,111134.0,2026-01-03T00:00:00,10:01:56,,443e4be9717715d06867a4cdb3d7dbd6ff0c22f9dd0824b301019bde194e78cc23b6523dbc3c6fc297a51bb826f6c481,01,SS-CUFE     ,2,true,,,
3,120213816,GH266877,901483168,GHG GLOBAL HEALTH GROUP S.A.S,901543761,EPS FAMILIAR DE COLOMBIA,99222.0,2026-01-03T00:00:00,10:01:48,,0cd0e6aea7791cb5df50a4fc86e4851a9ca81f09048579a4462a269355625160a314b1d043b383283c747e1e361af749,01,SS-CUFE     ,2,true,,,
3,120213817,GH266880,901483168,GHG GLOBAL HEALTH GROUP S.A.S,901543761,EPS FAMILIAR DE COLOMBIA,125500.0,2026-01-03T00:00:00,10:01:30,,97a099d48056bae5c4f848b0bd9c3ffcbbc479b4dbf847d9be796ee6824742dc56392ac3c6a78d34085062ecf149e3a7,01,SS-CUFE     ,2,true,,,
3,120213825,GH266881,901483168,GHG GLOBAL HEALTH GROUP S.A.S,901543761,EPS FAMILIAR DE COLOMBIA,47460.0,2026-01-03T00:00:00,10:01:39,,953a508d9a2cec6a8ae3317c20537ab5acb933e9c803e925324afacae11942a0fe241fea2d090285dc2463e55f9d85c9,01,SS-CUFE     ,1,true,,,
3,120213832,GH266884,901483168,GHG GLOBAL HEALTH GROUP S.A.S,901543761,EPS FAMILIAR DE COLOMBIA,16282.0,2026-01-03T00:00:00,10:01:25,,9c60a88ab17368641c1e2d13225508f5e18542df312e802cdc1a945fe309ca69f9164711f8bbf4c49b2292b27f134e17,01,SS-CUFE     ,1,true,,,
3,120213839,GH266886,901483168,GHG GLOBAL HEALTH GROUP S.A.S,901543761,EPS FAMILIAR DE COLOMBIA,11620.0,2026-01-03T00:00:00,10:01:52,,cd657be4eb7bc5ce7b80496899110dacc1de21f819e641d8bbebd78b6146499c92edfadd93d654a4a69057f5c3953a33,01,SS-CUFE     ,1,true,,,
3,120213846,GH266890,901483168,GHG GLOBAL HEALTH GROUP S.A.S,901543761,EPS FAMILIAR DE COLOMBIA,23240.0,2026-01-03T00:00:00,10:01:21,,5d9894c842e16957d853ef9a6221b3d6bb27897cd951148c3b97d714d7d9b2ec3b8571055ded65d306a5eea6b1038784,01,SS-CUFE     ,1,true,,,
3,120213851,GH266894,901483168,GHG GLOBAL HEALTH GROUP S.A.S,901543761,EPS FAMILIAR DE COLOMBIA,288370.0,2026-01-03T00:00:00,10:01:34,,2a2f08e673f83ecf7432abaa53e2409f7697c0941596a99dd71f5f3619383e3566a00c80ab116c8b0c1f12ad2abe1b44,01,SS-CUFE     ,2,true,,,
3,120213858,GH266896,901483168,GHG GLOBAL HEALTH GROUP S.A.S,901543761,EPS FAMILIAR DE COLOMBIA,152522.0,2026-01-03T00:00:00,10:01:44,,8114c0c48603e825af2951c9b48ec451a73424ba7acc2f185cf1fbf3371b428fd33fc2492009adfaca6b9545e8ed1c32,01,SS-CUFE     ,2,true,,,
3,120213862,GH266899,901483168,GHG GLOBAL HEALTH GROUP S.A.S,901543761,EPS FAMILIAR DE COLOMBIA,8664.0,2026-01-03T00:00:00,10:01:13,,badcebb12cd344f0ad9bff89ba3f2ffefe3163f0e58166895d8643dad2bde440628de2c0e58449341a263e51104df72d,01,SS-CUFE     ,1,true,,,
3,120213866,GH266901,901483168,GHG GLOBAL HEALTH GROUP S.A.S,901543761,EPS FAMILIAR DE COLOMBIA,59976.0,2026-01-03T00:00:00,10:01:05,,65eabab68a02d39554985e923d829da3a8eb1b9dbd40caa628243bc3f51fa58dee4b009bba6bee1e54edd5f3213beff3,01,SS-CUFE     ,1,true,,,
3,120213871,GH266904,901483168,GHG GLOBAL HEALTH GROUP S.A.S,901543761,EPS FAMILIAR DE COLOMBIA,8664.0,2026-01-03T00:00:00,10:01:01,,1e02230b768bdbc807bbef0ac44e8ddcb17357197213ee9088e752adc163c1a58b2ee2faa80a3faf12be3553d0d13506,01,SS-CUFE     ,1,true,,,
3,120213876,GH266906,901483168,GHG GLOBAL HEALTH GROUP S.A.S,901543761,EPS FAMILIAR DE COLOMBIA,94890.0,2026-01-03T00:00:00,10:01:51,,10ba1a20bf5c9fe6e5d6163941a79d1dd1742e18226cb66e1f518d993aa112e75ffea5dde9676c77739ac4ebfcb7fd27,01,SS-CUFE     ,1,true,,,
3,120213879,GH266909,901483168,GHG GLOBAL HEALTH GROUP S.A.S,901543761,EPS FAMILIAR DE COLOMBIA,17100.0,2026-01-03T00:00:00,10:01:55,,da1c1d77c8be43a070258852ed019a03c8a1bb3f0ea21523c222f013529141111a7aba50dac7c6ecf66dfd46e355b32a,01,SS-CUFE     ,2,true,,,
3,120213883,GH266911,901483168,GHG GLOBAL HEALTH GROUP S.A.S,901543761,EPS FAMILIAR DE COLOMBIA,23760.0,2026-01-03T00:00:00,10:01:09,,d4edc03e2b8765e6b7342578b670e47f5118ada7af941fa170bfdd027959898275b0a96eacbc15c5d28723e08b1c4675,01,SS-CUFE     ,1,true,,,
3,120213888,GH266913,901483168,GHG GLOBAL HEALTH GROUP S.A.S,901543761,EPS FAMILIAR DE COLOMBIA,114210.0,2026-01-03T00:00:00,10:01:17,,7d1a01285ecc064c939dc6a5315a279203e0c8e2095a1f10bdec149a6e5b4f9b0f6998bbe03164f5f9657514bc4e62b1,01,SS-CUFE     ,1,true,,,
3,120213891,GH266917,901483168,GHG GLOBAL HEALTH GROUP S.A.S,901543761,EPS FAMILIAR DE COLOMBIA,34815.0,2026-01-03T00:00:00,10:01:32,,f8b395c88d1731589fbec4f2823ab45cf991bb78b1a4e90e1046f9f790f338876eb3dd1ba40dd0111bd837e65dafd941,01,SS-CUFE     ,2,true,,,
3,120217225,INCA242896,823002227,INSTITUTO DE CANCEROLOGIA DE SUCRE S.A.S,901543761,EPS FAMILIAR DE COLOMBIA S.A.S,85500.0,2026-01-05T00:00:00,14:11:14,,d044ba62ac9c6a9438cdfde8356efd22c9892daa0ad98528444f546b20b4b25fcd02698adbdbcd954625065ee352dab6,01,SS-CUFE     ,1,true,,,
3,120218195,FONC293041,812007194,ONCOMEDICA S.A.S.,901543761,EPS FAMILIAR DE COLOMBIA S.A.S,704400.0,2026-01-05T00:00:00,00:00:00,,79190efc2823a4b6f5c383430afad9957dced0099c025fa6bcd785f2566563f93979426675d8016ea0cd7092b5a93896,01,SS-CUFE     ,6,true,,,
3,120219101,FONC293042,812007194,ONCOMEDICA S.A.S.,901543761,EPS FAMILIAR DE COLOMBIA S.A.S,5438894.0,2026-01-05T00:00:00,00:00:00,,db31f5f002178e8f3bdd1ac971582e32964385d0cd219a8ece0184d62be3c3d8967acf346e24e0770b1dfe9703325fc3,01,SS-CUFE     ,104,true,,,
3,120219604,SOLD965,900275012,DISTRIBUIDORA Y DROGUERIA STOKOLMO SAS,901543761,EPS FAMILIAR DE COLOMBIA S.A.S,245366.0,2026-01-05T00:00:00,14:11:22,2026-01-05T00:00:00,ec49a5e7ba634c1c862d56c5957bc8ffe8030b7a70cf3704a57be889cd87c5ef607146b78aa04e7b38776bb228c16001,01,SS-CUFE     ,3,true,,,
3,120220934,INCA242897,823002227,INSTITUTO DE CANCEROLOGIA DE SUCRE S.A.S,901543761,EPS FAMILIAR DE COLOMBIA S.A.S,85500.0,2026-01-05T00:00:00,14:16:28,,600beac44717ba68c4f61e576afbf2aba697b5fcb90828cbb746f049ec2b7df9faeaadef5e94bd68c8aa6a6d94d57073,01,SS-CUFE     ,1,true,,,
3,120221002,SSCO7754026,900959051,SUBRED INTEGRADA DE SERVICIOS DE SALUD CENTRO ORIENTE E.S.E.,901543761,EPS FAMILIAR DE COLOMBIA SAS,84869.0,2026-01-05T00:00:00,14:16:38,,3a8f51916d23df00f881762924f39df9002ab30f9903d5ea00a10aed019508d8d37a00263761317433945d14e95008af,01,SS-CUFE     ,4,true,,,
3,120221050,FE105625,823002342,CLINICA DE VARICES S.A.S,901543761,EPS FAMILIAR DE COLOMBIA SAS,90000.0,2026-01-05T00:00:00,11:17:31,,d3c55967aa2b7febb6a4079f82930ca4447d6232a0f6bd517e9adc750a79adeba29bc0d7d4942f7d796587885669a952,01,SS-CUFE     ,1,true,,,
3,120224077,INCA242898,823002227,INSTITUTO DE CANCEROLOGIA DE SUCRE S.A.S,901543761,EPS FAMILIAR DE COLOMBIA S.A.S,85500.0,2026-01-05T00:00:00,14:21:22,,f3f6d2bb1089a4552902ba7c3f0c7c6b49f62ca3db759e52ca64036b288be33895a7b5d17606dda986968021ef79d775,01,SS-CUFE     ,1,true,,,
3,120226394,ESE365738,890981137,E.S.E HOSPITAL FRANCISCO VALDERRAMA,901543761,EPS FAMILIAR DE COLOMBIA S.A.S,179700.0,2025-12-09T00:00:00,14:47:34,2026-01-09T00:00:00,e20489b992c8a0b6004a8d0adc75045c5df89a44f90350bc782d942032fa644c58ef2407dc8a13090c29ab9531e71f0e,01,SS-Reporte  ,4,true,,,
3,120226488,FE105624,823002342,CLINICA DE VARICES S.A.S,901543761,EPS FAMILIAR DE COLOMBIA SAS,90000.0,2026-01-05T00:00:00,11:13:23,,9304f5fedc0aa1dc2851ab19e91d1d5e3e1a7b9373f8cd75ff38509e75c9baf7e9dcae18c5cff16a6250b8f565e2dcee,01,SS-CUFE     ,1,true,,,
3,120227407,CMC93478,824001041,CLINICA MEDICOS S.A.,901543761,EPS FAMILIAR DE COLOMBIA S.A.S,809387.0,2026-01-05T00:00:00,14:26:14,,59f1cf921b081fc5813a82c208bf041febc2836a30ebbab3f9d5762701036fb044de4c58116b672862e3f66046fdb893,01,SS-CUFE     ,14,true,,,
3,120227880,BQQ144263,802020334,QUIMIOSALUD S.A.S.,901543761,EPS FAMILIAR COLOMBIA,750000.0,2026-01-05T00:00:00,14:26:55,,5ffeff8a4ac3fae1c71758a0b886f8916f8c4513a587ab0a9e515eb7f485aa3d349aa263a1099932782738effdc3a0ad,01,SS-CUFE     ,1,true,,,
3,120228254,SOLD966,900275012,DISTRIBUIDORA Y DROGUERIA STOKOLMO SAS,901543761,EPS FAMILIAR DE COLOMBIA S.A.S,383183.0,2026-01-05T00:00:00,14:23:55,2026-01-05T00:00:00,a96683576fd23357cd66b2c688190aa66da4566ca2258be61e206732754eabb589e3722a4707459ee8aace6e76d12b7a,01,SS-CUFE     ,4,true,,,
3,120228713,BQQ144261,802020334,QUIMIOSALUD S.A.S.,901543761,EPS FAMILIAR COLOMBIA,750000.0,2026-01-05T00:00:00,14:28:19,,5a81e1d0278123b9709537e4b27c67f6cecb46d541f0dfeaf4eb1be56b2116d3e76bba7154b0f0d035d297534f220858,01,SS-CUFE     ,1,true,,,
3,120228967,ESE365761,890981137,E.S.E HOSPITAL FRANCISCO VALDERRAMA,901543761,EPS FAMILIAR DE COLOMBIA S.A.S,85000.0,2025-12-09T00:00:00,15:15:33,2026-01-08T00:00:00,96a5176389e5a944846ef94a753015e7eb57b6d109eac901afae3fe5f15b6c6ad13ee4b9bc717df5793e87af3febc031,01,SS-Reporte  ,1,true,,,
3,120228987,RSS540023,800006850,EMPRESA SOCIAL DEL ESTADO REGION DE SALUD SOACHA,901543761,EPS FAMILIAR DE COLOMBIA SAS,85700.0,2026-01-05T00:00:00,14:28:44,,e2e63942ef9a4a9fde324fdce6b7a95fbce88975bd4619e0e504bbda69a459c5555eec89ef3e1b824af43a1194e95ac7,01,SS-CUFE     ,1,true,,,
3,120231328,BQQ144218,802020334,QUIMIOSALUD S.A.S.,901543761,EPS FAMILIAR COLOMBIA,750000.0,2026-01-05T00:00:00,14:30:57,,3e6fcc674887edce82ba7013dda157595ea574f82f7e292e4ee22c07cd90b274a8658b2eb5e6693e52b15735e07e3474,01,SS-CUFE     ,1,true,,,
3,120232405,BQQ144217,802020334,QUIMIOSALUD S.A.S.,901543761,EPS FAMILIAR COLOMBIA,750000.0,2026-01-05T00:00:00,14:32:02,,7a906b0d6146c4bcdf7865e5eaf8093e43a3bfb3b8728fc372cd3ff5d2ffad8b48d0a4903d1877983bdb1e2810e0ee3f,01,SS-CUFE     ,1,true,,,
3,120232511,GH266296,901483168,GHG GLOBAL HEALTH GROUP S.A.S,901543761,EPS FAMILIAR DE COLOMBIA,1036176.0,2026-01-03T00:00:00,08:01:49,,cf929536c5c4cde0973368723fe94b04b18fe3291d852ab9eba10baa03b5a554e1b3654fb5e7e012de78295fdfb33778,01,SS-CUFE     ,1,true,,,
3,120232522,GH266297,901483168,GHG GLOBAL HEALTH GROUP S.A.S,901543761,EPS FAMILIAR DE COLOMBIA,561600.0,2026-01-03T00:00:00,08:01:40,,b4f38a452c76ad65f0ab25ea0f3edbb75573884f45582865a6f5b692853bd8605271b032afe975890d79939da07949ec,01,SS-CUFE     ,1,true,,,
3,120232527,GH266298,901483168,GHG GLOBAL HEALTH GROUP S.A.S,901543761,EPS FAMILIAR DE COLOMBIA,306000.0,2026-01-03T00:00:00,08:01:48,,97b2811931177c4f148ecd7fc55fb4403de7bb7d0cc6220180f98363dd2f78adaf8c488160ca63662c1e6969204037c4,01,SS-CUFE     ,1,true,,,
3,120232531,GH266299,901483168,GHG GLOBAL HEALTH GROUP S.A.S,901543761,EPS FAMILIAR DE COLOMBIA,342000.0,2026-01-03T00:00:00,08:01:52,,e5db976bf78fb14309dc90da062f767ae10d741c29502e49925078b73e1636a9cfc2aa30c2b2511c54389f2d97d59638,01,SS-CUFE     ,1,true,,,
3,120232535,GH266301,901483168,GHG GLOBAL HEALTH GROUP S.A.S,901543761,EPS FAMILIAR DE COLOMBIA,5760000.0,2026-01-03T00:00:00,08:01:18,,ef16f960c4b53d9164da2fba5ba5360f773c3fd1052da67db28f3ed5da4769e6f112a08f2b3fb83e49fedd2f75342d1d,01,SS-CUFE     ,1,true,,,
3,120232545,GH266303,901483168,GHG GLOBAL HEALTH GROUP S.A.S,901543761,EPS FAMILIAR DE COLOMBIA,318600.0,2026-01-03T00:00:00,08:01:36,,0b469dfbef0c912cabd93c3a24f3d6908bfb0ac6168e0806a908758921513d3115e1e9ade9b7b927cfc20baaa9b07d6d,01,SS-CUFE     ,1,true,,,
3,120232554,GH266305,901483168,GHG GLOBAL HEALTH GROUP S.A.S,901543761,EPS FAMILIAR DE COLOMBIA,318600.0,2026-01-03T00:00:00,08:01:11,,9126a8ee7a6e6ba1698cf72b88550185a4a55857286a167c2df1c2d590866bcee48fbea19cfa448a3e6912f79f7e2bc3,01,SS-CUFE     ,1,true,,,
3,120232558,GH266307,901483168,GHG GLOBAL HEALTH GROUP S.A.S,901543761,EPS FAMILIAR DE COLOMBIA,694436.0,2026-01-03T00:00:00,08:01:22,,4ed702534287b97ac4f074c666ebe4fb8792b4fd3c51e068ef06e5115e1d653845e852c9639285a4f8a8d9fd27439ae4,01,SS-CUFE     ,1,true,,,
3,120232564,GH266308,901483168,GHG GLOBAL HEALTH GROUP S.A.S,901543761,EPS FAMILIAR DE COLOMBIA,317700.0,2026-01-03T00:00:00,08:01:44,,61f001776a47d9a9ce312661b7bc388af93481de8e0c0737b79c5d06dd51cf374e869ca836c45f58114dea0d1eaa20fb,01,SS-CUFE     ,1,true,,,
3,120232573,GH266311,901483168,GHG GLOBAL HEALTH GROUP S.A.S,901543761,EPS FAMILIAR DE COLOMBIA,318600.0,2026-01-03T00:00:00,08:01:14,,2aef60073824a605965cffa262e25904680e44d362396ea6465aebfc6d1db6ddd5f412c7d41f3802b051e071a8a17fb9,01,SS-CUFE     ,1,true,,,
3,120232578,GH266312,901483168,GHG GLOBAL HEALTH GROUP S.A.S,901543761,EPS FAMILIAR DE COLOMBIA,3840000.0,2026-01-03T00:00:00,08:01:37,,06d01fb664f08e6a4c52aa0b9b74e0b96a7270cbcf040ffae39cb95a1d36193d8de8fe75af755c0f52c2b25ed2d25d16,01,SS-CUFE     ,1,true,,,
3,120232583,GH266314,901483168,GHG GLOBAL HEALTH GROUP S.A.S,901543761,EPS FAMILIAR DE COLOMBIA,360000.0,2026-01-03T00:00:00,08:01:26,,efa1af9e74bfdb3ea7dfacf49aa3a8242c7663960f137ad66f31766447a64fe63b93ab10a05c08940185765cf8958c86,01,SS-CUFE     ,1,true,,,
3,120232589,GH266318,901483168,GHG GLOBAL HEALTH GROUP S.A.S,901543761,EPS FAMILIAR DE COLOMBIA,306000.0,2026-01-03T00:00:00,08:01:33,,2e7c2bd373b4b1b79ea5f4c6696ac6eae0c3a06d56a734e4060ad5364a7f0f483c8314573ec21d4f171b0c037a3adaf1,01,SS-CUFE     ,1,true,,,
3,120232600,GH266320,901483168,GHG GLOBAL HEALTH GROUP S.A.S,901543761,EPS FAMILIAR DE COLOMBIA,306000.0,2026-01-03T00:00:00,08:01:30,,398f744fc0ced3f8463103cbeb851acc35cf292f43002b2e0e4489a59b03f4066044092beec12a3d5d562e98a5cf1f7f,01,SS-CUFE     ,1,true,,,
3,120232605,GH266323,901483168,GHG GLOBAL HEALTH GROUP S.A.S,901543761,EPS FAMILIAR DE COLOMBIA,767460.0,2026-01-03T00:00:00,08:01:32,,c487dfd772297db89822e693e48a84476e12e14d44e1795250b2f74c81ed4ad5f1e51d548881b75885b683e75868710c,01,SS-CUFE     ,1,true,,,
3,120232614,GH266325,901483168,GHG GLOBAL HEALTH GROUP S.A.S,901543761,EPS FAMILIAR DE COLOMBIA,715800.0,2026-01-03T00:00:00,08:01:47,,2b06e0af2f91c2b37a4ce72ab1eeed79fa5c51919df9c6e68837ef3543ae8b82460868694b890ba23e4f00ceaf86753b,01,SS-CUFE     ,1,true,,,
3,120232621,GH266327,901483168,GHG GLOBAL HEALTH GROUP S.A.S,901543761,EPS FAMILIAR DE COLOMBIA,288000.0,2026-01-03T00:00:00,08:01:05,,feeeb0c10ce42fbd4f300c11896238129fb5246264039f50714dac103588ca322993c27f774fd2eab5a55cc99562fdac,01,SS-CUFE     ,1,true,,,
3,120232629,GH266328,901483168,GHG GLOBAL HEALTH GROUP S.A.S,901543761,EPS FAMILIAR DE COLOMBIA,742740.0,2026-01-03T00:00:00,08:01:09,,13dc1c63ca58da615b6f7ec22ffc08a057c47275a2fb4e21b3b46aab4a9e2a595d36318077ff5d5dfe85669b9ea3b7da,01,SS-CUFE     ,1,true,,,
3,120232636,GH266330,901483168,GHG GLOBAL HEALTH GROUP S.A.S,901543761,EPS FAMILIAR DE COLOMBIA,318600.0,2026-01-03T00:00:00,08:01:17,,193bc2bfd31e56212967192aa537020f6b6620564d78182454d101f93222bee59f380040f3252e79c622dca1e2afc0ff,01,SS-CUFE     ,1,true,,,
3,120232639,GH266333,901483168,GHG GLOBAL HEALTH GROUP S.A.S,901543761,EPS FAMILIAR DE COLOMBIA,424800.0,2026-01-03T00:00:00,08:01:29,,03d7bba7ade54ef2b0ae0118f7ad8810b1da91fabe169c424e9bd5ad1691e6f8bf56075a6423336728cd86f09fd90950,01,SS-CUFE     ,1,true,,,
3,120232646,GH266335,901483168,GHG GLOBAL HEALTH GROUP S.A.S,901543761,EPS FAMILIAR DE COLOMBIA,306000.0,2026-01-03T00:00:00,08:01:53,,3fa4a59801fbfe3e773053d549b8b14b466e3e4d1daa13a254240e06c66a9c2161cbf8a9e716332b13846486894b7c0c,01,SS-CUFE     ,1,true,,,
3,120232651,GH266339,901483168,GHG GLOBAL HEALTH GROUP S.A.S,901543761,EPS FAMILIAR DE COLOMBIA,232560.0,2026-01-03T00:00:00,08:01:57,,14b3351885421554241a425cea9b02dfc8fe1ad1c13e6720d4c77ca3c072fb0336299252512d6608ff83492eeb564a31,01,SS-CUFE     ,1,true,,,
3,120232664,GH266345,901483168,GHG GLOBAL HEALTH GROUP S.A.S,901543761,EPS FAMILIAR DE COLOMBIA,212400.0,2026-01-03T00:00:00,08:01:21,,a7d68ff7fc9e472bf09b1985b21df029b1fef0dc1c3c7f385aecb3d8f1547f9b8b08680300e24d1232f07ebbbd67f942,01,SS-CUFE     ,1,true,,,
3,120232668,GH266349,901483168,GHG GLOBAL HEALTH GROUP S.A.S,901543761,EPS FAMILIAR DE COLOMBIA,318600.0,2026-01-03T00:00:00,08:01:01,,315ccc1a6563ae97762239eb28832098755e5fe5e835ebdfae8353e93bb04d8decfdf95575923167b6f7d63758469115,01,SS-CUFE     ,1,true,,,
3,120232673,GH266354,901483168,GHG GLOBAL HEALTH GROUP S.A.S,901543761,EPS FAMILIAR DE COLOMBIA,868045.0,2026-01-03T00:00:00,08:01:25,,46b72b2de883964bd523aa228433723d62369c6e9c80d5a8120acc8f4b1f3c8855dd7390d8c055f39d3367b652c8931e,01,SS-CUFE     ,1,true,,,
3,120232679,GH266355,901483168,GHG GLOBAL HEALTH GROUP S.A.S,901543761,EPS FAMILIAR DE COLOMBIA,1036176.0,2026-01-03T00:00:00,08:01:59,,80fd105454343e8091224912f61096aeeeae87a813c4da4d5c8a3a547ae4983c47ae869db40ed28d5409d3a1722baab9,01,SS-CUFE     ,1,true,,,
3,120232682,GH266359,901483168,GHG GLOBAL HEALTH GROUP S.A.S,901543761,EPS FAMILIAR DE COLOMBIA,360000.0,2026-01-03T00:00:00,08:01:30,,3f58dbc1ede107df1337c68710d4ed40b9e88c7ebfc6e2bf41c2f333d1ec4cf851064b8371b7e39058ed33e0150d8270,01,SS-CUFE     ,1,true,,,
3,120232698,GH266361,901483168,GHG GLOBAL HEALTH GROUP S.A.S,901543761,EPS FAMILIAR DE COLOMBIA,106200.0,2026-01-03T00:00:00,08:01:02,,c675b1e8cedffbed214a70b49793fbd0ef5234316404c45e2a2527c311f670f06f4328e7b722aefa6b8f6581d9feb29f,01,SS-CUFE     ,1,true,,,
3,120232716,GH266368,901483168,GHG GLOBAL HEALTH GROUP S.A.S,901543761,EPS FAMILIAR DE COLOMBIA,306000.0,2026-01-03T00:00:00,08:01:03,,52ab339d424d574b40dbe80523155335377705c8829fd4786714352f52eae036442a7ee6c535161a5cb888650d1f3a1a,01,SS-CUFE     ,1,true,,,
3,120232725,GH266373,901483168,GHG GLOBAL HEALTH GROUP S.A.S,901543761,EPS FAMILIAR DE COLOMBIA,911250.0,2026-01-03T00:00:00,08:01:28,,302f9dda5a99f245fc3baeaa46bf0a55b21b1e1ab4d05f9516a09f5ff9e07ff5273be17f586a84d8d9e81cabe2f73879,01,SS-CUFE     ,1,true,,,
3,120232730,GH266377,901483168,GHG GLOBAL HEALTH GROUP S.A.S,901543761,EPS FAMILIAR DE COLOMBIA,318600.0,2026-01-03T00:00:00,08:01:32,,74f96376ab4b4f3f4fcbc04428c258fe586601d63877c4871e301f6a4b9b18d596c503decbc424119c55e78f2834a82a,01,SS-CUFE     ,1,true,,,
3,120232738,GH266380,901483168,GHG GLOBAL HEALTH GROUP S.A.S,901543761,EPS FAMILIAR DE COLOMBIA,318600.0,2026-01-03T00:00:00,08:01:16,,21a0d99d32028feb17b65420091be07d0b009116fa1724d53c11a6084afbed8d0a960cfb51c064efa0e3823b2dbf7e50,01,SS-CUFE     ,1,true,,,
3,120232751,GH266385,901483168,GHG GLOBAL HEALTH GROUP S.A.S,901543761,EPS FAMILIAR DE COLOMBIA,742740.0,2026-01-03T00:00:00,08:01:23,,53355fdbdd86d88b048364c110a19c30bee3fca677bd834f7c6fa4a7d0b990b7c031bb55a925b6c790fe1185cde08706,01,SS-CUFE     ,1,true,,,
3,120232756,GH266389,901483168,GHG GLOBAL HEALTH GROUP S.A.S,901543761,EPS FAMILIAR DE COLOMBIA,610980.0,2026-01-03T00:00:00,08:01:26,,16f4c2bae12f1047674db5392b9e65aae4b311812f70d37a4f4ef4831809648d2454e2065e7595d1561b4d4e1c8e9a03,01,SS-CUFE     ,1,true,,,
3,120232763,GH266393,901483168,GHG GLOBAL HEALTH GROUP S.A.S,901543761,EPS FAMILIAR DE COLOMBIA,306000.0,2026-01-03T00:00:00,08:01:12,,e7d1c5b90d2cd9fb61fc85e937bd12043aa774e1ae9188a61e94d3ac9a270b3fc29ee054ea8f1b7f49202fc791423089,01,SS-CUFE     ,1,true,,,
3,120232767,GH266394,901483168,GHG GLOBAL HEALTH GROUP S.A.S,901543761,EPS FAMILIAR DE COLOMBIA,318600.0,2026-01-03T00:00:00,08:01:27,,f9bab1a2b21df08781ab0e539cebd4f60b0ff8647fddb44f8232bb58e267666c7f44745461ae998d85cd4d138ca137f1,01,SS-CUFE     ,1,true,,,
3,120232775,GH266397,901483168,GHG GLOBAL HEALTH GROUP S.A.S,901543761,EPS FAMILIAR DE COLOMBIA,318600.0,2026-01-03T00:00:00,08:01:31,,9acee438ff70048c666e40ee6b29133d292b3b4ca74561fbeb22e27934a3f0fdba2abc3c07186f707ed53c1d9349e884,01,SS-CUFE     ,1,true,,,
3,120232784,GH266401,901483168,GHG GLOBAL HEALTH GROUP S.A.S,901543761,EPS FAMILIAR DE COLOMBIA,180000.0,2026-01-03T00:00:00,08:01:19,,5b97cc8064ba1e5c83146a3508444a4cd7ce0432ad07c5bb8b9ea7e68f3a199a22ddba95c6e22fde81876e606deabc67,01,SS-CUFE     ,1,true,,,
3,120232792,GH266409,901483168,GHG GLOBAL HEALTH GROUP S.A.S,901543761,EPS FAMILIAR DE COLOMBIA,607500.0,2026-01-03T00:00:00,08:01:07,,4534cb4454b873ffb4a74de8d5b566e74cd12cbc51db899824cebb044b044847fe3ba29b4b4520d60c5d6fa87505e3b2,01,SS-CUFE     ,1,true,,,
3,120232800,GH266412,901483168,GHG GLOBAL HEALTH GROUP S.A.S,901543761,EPS FAMILIAR DE COLOMBIA,384000.0,2026-01-03T00:00:00,08:01:08,,c5e271b30c761f860cb1d9285f37e87a12731fa1476d3c0c69a347104a1b6c64f54fcfbee174573e1f60cfea4e07be30,01,SS-CUFE     ,1,true,,,
3,120232811,GH266413,901483168,GHG GLOBAL HEALTH GROUP S.A.S,901543761,EPS FAMILIAR DE COLOMBIA,318600.0,2026-01-03T00:00:00,08:01:05,,35686fb1399c6d38c7b09019e3fa29471fb5c649ac6f63844754c7f9cf6992fd8e79f5f202ae1df8e1a00d54ddb60c85,01,SS-CUFE     ,1,true,,,
3,120232820,GH266415,901483168,GHG GLOBAL HEALTH GROUP S.A.S,901543761,EPS FAMILIAR DE COLOMBIA,318600.0,2026-01-03T00:00:00,08:01:01,,773fecadaf463cc14a329c2b6fa75cc9de02401d6f8047cf4093f38cf24c6f9211f27c179a4f910aeabfd98e7a340227,01,SS-CUFE     ,1,true,,,
3,120232824,GH266418,901483168,GHG GLOBAL HEALTH GROUP S.A.S,901543761,EPS FAMILIAR DE COLOMBIA,306000.0,2026-01-03T00:00:00,09:01:22,,c266d950b1df7f5d883d779f0028ce0b85b949fd9499342f66b44124c56d5dc5d11aa479fb4359e04e301f8e6cb7b47f,01,SS-CUFE     ,1,true,,,
3,120232831,GH266421,901483168,GHG GLOBAL HEALTH GROUP S.A.S,901543761,EPS FAMILIAR DE COLOMBIA,212400.0,2026-01-03T00:00:00,09:01:25,,ccb79b158c5bf1e079db6b677b88e218cb88aa6534dad5d9234739fbc6204c654f2ddf5b414f6cff393c740649e760b4,01,SS-CUFE     ,1,true,,,
3,120232841,GH266425,901483168,GHG GLOBAL HEALTH GROUP S.A.S,901543761,EPS FAMILIAR DE COLOMBIA,342000.0,2026-01-03T00:00:00,09:01:21,,e5ae4414a1dbbef3d38edcb949b9362399af97d832579f79752caa5b1f199b0a74656e60c602141cb07c168f5483c001,01,SS-CUFE     ,1,true,,,
3,120232853,GH266434,901483168,GHG GLOBAL HEALTH GROUP S.A.S,901543761,EPS FAMILIAR DE COLOMBIA,306000.0,2026-01-03T00:00:00,09:01:12,,88f18034bd6037625664a2a0c3f48c2d39e77b63982ca659bb66c5c902f7aed09a8ec590286acb282ad617c4263eacea,01,SS-CUFE     ,1,true,,,
3,120232859,GH266439,901483168,GHG GLOBAL HEALTH GROUP S.A.S,901543761,EPS FAMILIAR DE COLOMBIA,318600.0,2026-01-03T00:00:00,09:01:26,,ee49377b07acaf33f7b84f6cb7c39cb0e3505b85a0731929f7e52c76a0063816eec4deef6c1967dd9e082727b3ceb224,01,SS-CUFE     ,1,true,,,
3,120232868,GH266450,901483168,GHG GLOBAL HEALTH GROUP S.A.S,901543761,EPS FAMILIAR DE COLOMBIA,318600.0,2026-01-03T00:00:00,09:01:02,,ecf0c5779e3f5687bdd5004c27f63d9e7689488c7020cb94466674e2b851ffe0879b5952dbb450d70b9e46112cf7f063,01,SS-CUFE     ,1,true,,,
3,120232880,GH266455,901483168,GHG GLOBAL HEALTH GROUP S.A.S,901543761,EPS FAMILIAR DE COLOMBIA,317700.0,2026-01-03T00:00:00,09:01:06,,fd60e6e09f7e0491ee6c6d27b6207d61d52498cbf2e5662c7395ebef26280d34740ebc9b0c9258aa2c2817eddc0b9ed3,01,SS-CUFE     ,1,true,,,
3,120232889,GH266459,901483168,GHG GLOBAL HEALTH GROUP S.A.S,901543761,EPS FAMILIAR DE COLOMBIA,936000.0,2026-01-03T00:00:00,09:01:02,,e3c8a5f5fca5848069d1513038f12091e4d78871d9cb70f8669fa7a5cf7e5d5fba164cc4afec75f77ed1b1c19408dbe3,01,SS-CUFE     ,1,true,,,
3,120232898,GH266463,901483168,GHG GLOBAL HEALTH GROUP S.A.S,901543761,EPS FAMILIAR DE COLOMBIA,306000.0,2026-01-03T00:00:00,09:01:58,,1334b99078b0589bfa80bf378c9c3b978fe93e11ce56e9816b55cc740bc37ac4fa5131137515643ae6fd2d5d71cb7172,01,SS-CUFE     ,1,true,,,
3,120232904,GH266465,901483168,GHG GLOBAL HEALTH GROUP S.A.S,901543761,EPS FAMILIAR DE COLOMBIA,126000.0,2026-01-03T00:00:00,09:01:16,,1e811c2cca582c48f0474d514aec63ec83733c874838e5f2ac51adf084e02a2ac50f9f572d55f3f92c44607c050ef824,01,SS-CUFE     ,1,true,,,
3,120232912,GH266468,901483168,GHG GLOBAL HEALTH GROUP S.A.S,901543761,EPS FAMILIAR DE COLOMBIA,318600.0,2026-01-03T00:00:00,09:01:52,,001bdc126d9d72ce94c3fe294cca417b06128721675cbef8cd697bf2c2d32952f72df2802b141d090c3e068bef856ac1,01,SS-CUFE     ,1,true,,,
3,120232921,GH266471,901483168,GHG GLOBAL HEALTH GROUP S.A.S,901543761,EPS FAMILIAR DE COLOMBIA,318600.0,2026-01-03T00:00:00,09:01:30,,406e6a3d7584243d417c0c75b4ff0af68fd2a9c3e5d42ede9ba6adde42b3d73cbf8a817992135c2753771c7476ad57cd,01,SS-CUFE     ,1,true,,,
3,120232928,GH266475,901483168,GHG GLOBAL HEALTH GROUP S.A.S,901543761,EPS FAMILIAR DE COLOMBIA,424800.0,2026-01-03T00:00:00,09:01:34,,0aaf7db61fd2ab51375f408785cfdc6dcd28e39389b402d94b6e6946a3f59ec63b71a3ea474d09b69652d73f08c0f4ad,01,SS-CUFE     ,1,true,,,
3,120232934,GH266477,901483168,GHG GLOBAL HEALTH GROUP S.A.S,901543761,EPS FAMILIAR DE COLOMBIA,317700.0,2026-01-03T00:00:00,09:01:38,,bc60ee5df7911cb48a067bd85deb1e8eb3c3e251a81cd3013090407c26dfba497528b9c13c043bae1e30fbb98a8ce737,01,SS-CUFE     ,1,true,,,
3,120232950,GH266483,901483168,GHG GLOBAL HEALTH GROUP S.A.S,901543761,EPS FAMILIAR DE COLOMBIA,317700.0,2026-01-03T00:00:00,09:01:40,,684afef4f9e14f5f217e45a90f0005b179acdeed00a015e5b4dcf3da6d911af0391e5f6b4fa35025906dba7f763c14da,01,SS-CUFE     ,1,true,,,
3,120232956,GH266486,901483168,GHG GLOBAL HEALTH GROUP S.A.S,901543761,EPS FAMILIAR DE COLOMBIA,306000.0,2026-01-03T00:00:00,09:01:55,,53357a634130b9cf832de6bf04ef7d66ee7fdcbcc944679734fa8e05bfbcda0eb513d32e61f70f552d64a66ed3bacd2e,01,SS-CUFE     ,1,true,,,
3,120232964,GH266488,901483168,GHG GLOBAL HEALTH GROUP S.A.S,901543761,EPS FAMILIAR DE COLOMBIA,342000.0,2026-01-03T00:00:00,09:01:00,,5b07ffa92b20113c2072faa8b3c5cdb387e93cfd7bdef84ce516a7a07975ff283a96cc1d8d3c16152d003dd02352a475,01,SS-CUFE     ,1,true,,,
3,120232971,GH266493,901483168,GHG GLOBAL HEALTH GROUP S.A.S,901543761,EPS FAMILIAR DE COLOMBIA,317700.0,2026-01-03T00:00:00,09:01:04,,e73b900fcf3318c1e4e039ab56a47a08240320a0a4e951939f75e42378f739256fcb3007a163bac93edabdd1bae06841,01,SS-CUFE     ,1,true,,,
3,120232980,GH266496,901483168,GHG GLOBAL HEALTH GROUP S.A.S,901543761,EPS FAMILIAR DE COLOMBIA,318600.0,2026-01-03T00:00:00,09:01:07,,bce1cb88c831b05030ae2007268dc8d388677f219d9197538629990b7de79a147fd27a4660eda4b4ef3736070a73c49e,01,SS-CUFE     ,1,true,,,
3,120232987,GH266500,901483168,GHG GLOBAL HEALTH GROUP S.A.S,901543761,EPS FAMILIAR DE COLOMBIA,408000.0,2026-01-03T00:00:00,09:01:36,,dd5981b24a95cba5cccd7339bd8f4bc50231c396cecbe1fceec3288033b7bdf1469aa08abf86bd71b6a5ba8eacecf69d,01,SS-CUFE     ,1,true,,,
3,120232992,GH266503,901483168,GHG GLOBAL HEALTH GROUP S.A.S,901543761,EPS FAMILIAR DE COLOMBIA,318600.0,2026-01-03T00:00:00,09:01:44,,7884731b00dc20d8b0f9cfe93cb57926a43ac1fc7f473309d3d86365d72ce0d4bbacc1825d7f8b06734f901d2e52cbde,01,SS-CUFE     ,1,true,,,
3,120232999,GH266507,901483168,GHG GLOBAL HEALTH GROUP S.A.S,901543761,EPS FAMILIAR DE COLOMBIA,317700.0,2026-01-03T00:00:00,09:01:15,,9fef7ee44de2268b3ce816a758804a29b300c39b7da3428fbd898fb51ee0de226641614ea29c33b836d4f03b4b36ff56,01,SS-CUFE     ,1,true,,,
3,120233009,GH266512,901483168,GHG GLOBAL HEALTH GROUP S.A.S,901543761,EPS FAMILIAR DE COLOMBIA,306000.0,2026-01-03T00:00:00,09:01:11,,f58dd6ddca9dd8f827fa21a9ab1f2927013bf3b8c4574d81ceb43c7c2418df151dc1258762963909aba52fe5043286e3,01,SS-CUFE     ,1,true,,,
3,120233020,GH266516,901483168,GHG GLOBAL HEALTH GROUP S.A.S,901543761,EPS FAMILIAR DE COLOMBIA,992460.0,2026-01-03T00:00:00,09:01:26,,218049b89f50caff997919bae43590d58bd23f30521d1c5b570e641f2ea9ce2c18e54c29ba37f2bd13749742e050ceb0,01,SS-CUFE     ,1,true,,,
3,120233029,GH266521,901483168,GHG GLOBAL HEALTH GROUP S.A.S,901543761,EPS FAMILIAR DE COLOMBIA,318600.0,2026-01-03T00:00:00,09:01:19,,5756131485f788038aed994e8c9223215d82926df54e36c155da6ad1d1ecb1c35f6c0a03366b9d24ce0689be9b7973ce,01,SS-CUFE     ,1,true,,,
3,120233036,GH266525,901483168,GHG GLOBAL HEALTH GROUP S.A.S,901543761,EPS FAMILIAR DE COLOMBIA,306000.0,2026-01-03T00:00:00,09:01:23,,ed2018f7ded6b9043159ae68881366a33a0fefdaaa1242131c5e5d8300baaa3d4ef9a7c7cdb6596c3953081e65bc925c,01,SS-CUFE     ,1,true,,,
3,120233046,GH266528,901483168,GHG GLOBAL HEALTH GROUP S.A.S,901543761,EPS FAMILIAR DE COLOMBIA,318600.0,2026-01-03T00:00:00,09:01:15,,4905169d1a8cf5d14498537d400f9dc042c25351b7fc7339c3c42a30295c96c52f4020efe4d59da918737af301dc09e2,01,SS-CUFE     ,1,true,,,
3,120233054,GH266536,901483168,GHG GLOBAL HEALTH GROUP S.A.S,901543761,EPS FAMILIAR DE COLOMBIA,240000.0,2026-01-03T00:00:00,09:01:19,,0fcc07a668f0414614afaaa5f2aa5943ecf75e167e6f716b7676a8cd9fe134849dad064efc418b068814154e83f078e7,01,SS-CUFE     ,1,true,,,
3,120233059,GH266539,901483168,GHG GLOBAL HEALTH GROUP S.A.S,901543761,EPS FAMILIAR DE COLOMBIA,288000.0,2026-01-03T00:00:00,09:01:31,,24271cb274821c2791ac09b582ce6dc9174ef19de89dc714a1b03e95a8aca64853336b10265b9e709e3ee3f3c31fee7e,01,SS-CUFE     ,1,true,,,
3,120233065,GH266544,901483168,GHG GLOBAL HEALTH GROUP S.A.S,901543761,EPS FAMILIAR DE COLOMBIA,318600.0,2026-01-03T00:00:00,09:01:03,,f2688bea34be0b8c2ceb57842a55ec7770444b6af37bfd6ba98bfdb87b04c949006e8b5159cdc2e3e8b1a984ccca26b8,01,SS-CUFE     ,1,true,,,
3,120233077,GH266548,901483168,GHG GLOBAL HEALTH GROUP S.A.S,901543761,EPS FAMILIAR DE COLOMBIA,318600.0,2026-01-03T00:00:00,09:01:07,,8353b1e36838c5329ed1c05fb974f8332313464b00841d865b7992d3d6fee8cf92e261a6a70eec156e62273b3a4304be,01,SS-CUFE     ,1,true,,,
3,120233085,GH266553,901483168,GHG GLOBAL HEALTH GROUP S.A.S,901543761,EPS FAMILIAR DE COLOMBIA,1036176.0,2026-01-03T00:00:00,09:01:11,,b7a881d5c2ec7a905ccb8264ba03c790d564a6c6db6c442dbef97ef7135d1fb9d9ceb604199f5e066c6138057f5dd100,01,SS-CUFE     ,1,true,,,
3,120233091,GH266560,901483168,GHG GLOBAL HEALTH GROUP S.A.S,901543761,EPS FAMILIAR DE COLOMBIA,598080.0,2026-01-03T00:00:00,09:01:48,,a05821ce448f8df21d43dcacf45b83cd3a6d0242af39d0c38e2e745ee09b07ec969469234400bd64fd9fd90cb7df9144,01,SS-CUFE     ,1,true,,,
3,120233097,GH266564,901483168,GHG GLOBAL HEALTH GROUP S.A.S,901543761,EPS FAMILIAR DE COLOMBIA,318600.0,2026-01-03T00:00:00,09:01:55,,d66a4075b65d23efc7924fd5c84ce51521a69c60c60ed255c55cec6d7121891aeea4202c58145a6aec92408867e3226e,01,SS-CUFE     ,1,true,,,
3,120233106,GH266568,901483168,GHG GLOBAL HEALTH GROUP S.A.S,901543761,EPS FAMILIAR DE COLOMBIA,408000.0,2026-01-03T00:00:00,09:01:59,,451c7eadf2184b9d47e94ad80d16c452661511fe4b482413875a8657c687860852b63463a1ad890dfb8aab23647d4a24,01,SS-CUFE     ,1,true,,,
3,120233114,GH266572,901483168,GHG GLOBAL HEALTH GROUP S.A.S,901543761,EPS FAMILIAR DE COLOMBIA,342000.0,2026-01-03T00:00:00,09:01:33,,7662713906a6f36787d926f2202d4ba83aed661751cf1cd30197ebdbd57a50e6bb8e6f212b6b724caafa15c2b031d7dd,01,SS-CUFE     ,1,true,,,
3,120233124,GH266576,901483168,GHG GLOBAL HEALTH GROUP S.A.S,901543761,EPS FAMILIAR DE COLOMBIA,7992000.0,2026-01-03T00:00:00,09:01:37,,9510ebc5337bdca65cd4953029850be0b55cdc39a6b3353cb913ad95ea8b43b0eaa96ad18ad6aab07411902322898480,01,SS-CUFE     ,1,true,,,
3,120233130,GH266580,901483168,GHG GLOBAL HEALTH GROUP S.A.S,901543761,EPS FAMILIAR DE COLOMBIA,306000.0,2026-01-03T00:00:00,09:01:46,,b8ff67dc4794513f3fe1f8b397f0af51d09e40c84ba251aa76c4d4136d61b63dcd78a4e36e5ebe4eb22030f0ba6f3b99,01,SS-CUFE     ,1,true,,,
3,120233134,GH266584,901483168,GHG GLOBAL HEALTH GROUP S.A.S,901543761,EPS FAMILIAR DE COLOMBIA,788352.0,2026-01-03T00:00:00,09:01:54,,f1e1d3521b247c77595731f7958298c25fb9b53755c265df2889e28d69e0acbbf32610e4e74170a4868a9e31f21de23d,01,SS-CUFE     ,1,true,,,
3,120233142,GH266586,901483168,GHG GLOBAL HEALTH GROUP S.A.S,901543761,EPS FAMILIAR DE COLOMBIA,288000.0,2026-01-03T00:00:00,09:01:50,,34238e45bf837f25e202b68a402db656ca7f3dbf8655f9771b2215b5a78883f7ecaa0a10dfd832637265fafcb1d5530d,01,SS-CUFE     ,1,true,,,
3,120233149,GH266588,901483168,GHG GLOBAL HEALTH GROUP S.A.S,901543761,EPS FAMILIAR DE COLOMBIA,317700.0,2026-01-03T00:00:00,09:01:41,,13250a1f0b3f0f2aac59acfb0f879ef49acaed69b4a0f2ab3e1881fc2fb553eb808bde5ef0ac1ef4d159af68247c97dd,01,SS-CUFE     ,1,true,,,
3,120233158,GH266591,901483168,GHG GLOBAL HEALTH GROUP S.A.S,901543761,EPS FAMILIAR DE COLOMBIA,384000.0,2026-01-03T00:00:00,09:01:57,,6beb6d94f00dca9631d09dc34f574974282212462e28b3079b971efcd49bc8f277c35cdadce12ccebb3e9af79e363ad3,01,SS-CUFE     ,1,true,,,
3,120233164,GH266594,901483168,GHG GLOBAL HEALTH GROUP S.A.S,901543761,EPS FAMILIAR DE COLOMBIA,318600.0,2026-01-03T00:00:00,09:01:02,,4bee2f31c5e3fb8d1d711cb18d453a32cc10d33dee581c55120aa2df7d79d0c43ac1dbba59678cc03d6423706aa1328b,01,SS-CUFE     ,1,true,,,
3,120233171,GH266596,901483168,GHG GLOBAL HEALTH GROUP S.A.S,901543761,EPS FAMILIAR DE COLOMBIA,318600.0,2026-01-03T00:00:00,09:01:06,,10f08c9a382fb94057655dcb258f6529fe93cc78ea90071537430b8619960ab2cddf1bb1d2b005fb46474b3b6abbfaea,01,SS-CUFE     ,1,true,,,
3,120233178,GH266605,901483168,GHG GLOBAL HEALTH GROUP S.A.S,901543761,EPS FAMILIAR DE COLOMBIA,306000.0,2026-01-03T00:00:00,09:01:10,,f95d0cb06d91479acb68cf9eda69279c7965eab389d371c124b5d8311f685cd1ba6ad8b9896502b50767048f156aa1de,01,SS-CUFE     ,1,true,,,
3,120233185,GH266609,901483168,GHG GLOBAL HEALTH GROUP S.A.S,901543761,EPS FAMILIAR DE COLOMBIA,342000.0,2026-01-03T00:00:00,09:01:36,,341de8799b538ef786c97fddc9130a49c0d30c8c2e05563f5efa2eacb3c79e61443f73481f3961569eacf989e193bd90,01,SS-CUFE     ,1,true,,,
3,120233190,GH266611,901483168,GHG GLOBAL HEALTH GROUP S.A.S,901543761,EPS FAMILIAR DE COLOMBIA,191250.0,2026-01-03T00:00:00,09:01:32,,0efca52c190411304f0eaa7e3891786d96e923e2390c7fa26fd7b91075c867923b31b3bdaca6ac8e34faca4e22c806be,01,SS-CUFE     ,1,true,,,
3,120233199,GH266616,901483168,GHG GLOBAL HEALTH GROUP S.A.S,901543761,EPS FAMILIAR DE COLOMBIA,306000.0,2026-01-03T00:00:00,09:01:28,,c53f9f80caeb4ae54f60d62503138ac6c78a907153060b27e6e44d73d2dd135c4415889e9372d94d18f2fbe71bf77ee1,01,SS-CUFE     ,1,true,,,
3,120233207,GH266620,901483168,GHG GLOBAL HEALTH GROUP S.A.S,901543761,EPS FAMILIAR DE COLOMBIA,306000.0,2026-01-03T00:00:00,09:01:08,,3302fe0d4e57787a04360e0ee21449e11d84ed74aeeb0e52cea3cffb164be85bb94098ac0422838e2ed05bdae4221d89,01,SS-CUFE     ,1,true,,,
3,120233210,GH266623,901483168,GHG GLOBAL HEALTH GROUP S.A.S,901543761,EPS FAMILIAR DE COLOMBIA,424800.0,2026-01-03T00:00:00,09:01:13,,3cfda372d9627487e79caea983e5e31d036cfd7c5ccb5802b8eb6e347f2883cc9bfaf7bfe8d27d883ad770b17ebad5e3,01,SS-CUFE     ,1,true,,,
3,120233214,GH266627,901483168,GHG GLOBAL HEALTH GROUP S.A.S,901543761,EPS FAMILIAR DE COLOMBIA,424800.0,2026-01-03T00:00:00,09:01:53,,845fea58d89d44cde10cdd58ca140f0631c41d779d6818f02e5a704fadf4a1f0de534b6020f23d04f8828e8bd6006eb4,01,SS-CUFE     ,1,true,,,
3,120233221,GH266631,901483168,GHG GLOBAL HEALTH GROUP S.A.S,901543761,EPS FAMILIAR DE COLOMBIA,318600.0,2026-01-03T00:00:00,09:01:58,,32c7ac7f8ef1ee30993d859b6816cac2edcd2d0653f560e52ec0387a8c02f31a1029d38caa7813348ad2aa1182f7f011,01,SS-CUFE     ,1,true,,,
3,120233227,GH266634,901483168,GHG GLOBAL HEALTH GROUP S.A.S,901543761,EPS FAMILIAR DE COLOMBIA,742740.0,2026-01-03T00:00:00,09:01:46,,481442135e3dcaf2bb863bb3a495d15172711883687abc4daefdb957df110b2391cf034a5a8f821e34db4abd8021ee33,01,SS-CUFE     ,1,true,,,
3,120233234,GH266637,901483168,GHG GLOBAL HEALTH GROUP S.A.S,901543761,EPS FAMILIAR DE COLOMBIA,520827.0,2026-01-03T00:00:00,09:01:50,,726f13e3fe8c2cb15d9d001d9ee24fa4649375afc7d4b13c288727fc48630b77b685477031620343d483ead804db449c,01,SS-CUFE     ,1,true,,,
3,120233247,GH266642,901483168,GHG GLOBAL HEALTH GROUP S.A.S,901543761,EPS FAMILIAR DE COLOMBIA,1194300.0,2026-01-03T00:00:00,09:01:15,,0bcb24bc80a5040036142857999306356196d17462a077c740329f9047069d296171c59c68b02f85083650a1ed3b4819,01,SS-CUFE     ,1,true,,,
3,120233254,GH266643,901483168,GHG GLOBAL HEALTH GROUP S.A.S,901543761,EPS FAMILIAR DE COLOMBIA,318600.0,2026-01-03T00:00:00,09:01:23,,9f2833fc7acd87937e5614afdd039a9d946584c2200195db1b9c116f5b43a92e0bbc5d992a2959ae17de1fd706a85a42,01,SS-CUFE     ,1,true,,,
3,120233261,GH266649,901483168,GHG GLOBAL HEALTH GROUP S.A.S,901543761,EPS FAMILIAR DE COLOMBIA,3840000.0,2026-01-03T00:00:00,09:01:59,,caf64e53e9887c09289665917710b127604a17989e08350f47d5b9d95edc7f63596c0fa9cd90170030e864502a468622,01,SS-CUFE     ,1,true,,,
3,120233268,GH266651,901483168,GHG GLOBAL HEALTH GROUP S.A.S,901543761,EPS FAMILIAR DE COLOMBIA,1036176.0,2026-01-03T00:00:00,09:01:03,,dd525bff43349aef92ce4522f33261fea7f1796add75869e3740d7552a19f374386947eacab36e86286c0b6ba69221d8,01,SS-CUFE     ,1,true,,,
3,120233275,GH266655,901483168,GHG GLOBAL HEALTH GROUP S.A.S,901543761,EPS FAMILIAR DE COLOMBIA,1114110.0,2026-01-03T00:00:00,09:01:07,,6f9691b32c08a93caf650ccd0a1b285a8634f26f507df73a29a1ac2f8709b921b0e8c8d576570bebba0445e44bab0076,01,SS-CUFE     ,1,true,,,
3,120233284,GH266660,901483168,GHG GLOBAL HEALTH GROUP S.A.S,901543761,EPS FAMILIAR DE COLOMBIA,317700.0,2026-01-03T00:00:00,09:01:11,,e7f6b5bcb3d0eed6c54d1bbf4fc3f9bc27bf517ae3f11577179b444fa2ae12f09dc7b9cdbb4028a7f9a2e8c14ada9468,01,SS-CUFE     ,1,true,,,
3,120233298,GH266663,901483168,GHG GLOBAL HEALTH GROUP S.A.S,901543761,EPS FAMILIAR DE COLOMBIA,306000.0,2026-01-03T00:00:00,09:01:18,,8cad9b4c01fbd79744eabff756991170bf980b340dd89b7de16f8a98d235e894a14910be7ecd7fdf440b2c544e7a02b6,01,SS-CUFE     ,1,true,,,
3,120233305,GH266666,901483168,GHG GLOBAL HEALTH GROUP S.A.S,901543761,EPS FAMILIAR DE COLOMBIA,318600.0,2026-01-03T00:00:00,09:01:26,,75044ab93a7740f201ea647295ee28d558c437cc166bed202bb5c667adb8c16dfd994b8bbd471f10fa8682605d911b92,01,SS-CUFE     ,1,true,,,
3,120233312,GH266669,901483168,GHG GLOBAL HEALTH GROUP S.A.S,901543761,EPS FAMILIAR DE COLOMBIA,318600.0,2026-01-03T00:00:00,09:01:55,,e271001a72ed2b7b4c1b4a88962553d8be2ed7cb5e75c527c25a41f4e8134bacbe6b2908b9964e72da6b6d4bcbe24274,01,SS-CUFE     ,1,true,,,
3,120233319,GH266672,901483168,GHG GLOBAL HEALTH GROUP S.A.S,901543761,EPS FAMILIAR DE COLOMBIA,318600.0,2026-01-03T00:00:00,10:01:52,,e177bfaecc7589dabb627b06d8fa5fb227193c55b1700e80645641a7ed9b1bbaaf8b157a906c0f7358d316a5d142ab2d,01,SS-CUFE     ,1,true,,,
3,120233335,GH266675,901483168,GHG GLOBAL HEALTH GROUP S.A.S,901543761,EPS FAMILIAR DE COLOMBIA,318600.0,2026-01-03T00:00:00,10:01:57,,bb1b1a5c0b37a9ed56b7ea56688d2c764b5248067b4602becc78768ebe4c0b6bdbc9e2bfec963695d9ebaf19703f6f21,01,SS-CUFE     ,1,true,,,
3,120233346,GH266680,901483168,GHG GLOBAL HEALTH GROUP S.A.S,901543761,EPS FAMILIAR DE COLOMBIA,342000.0,2026-01-03T00:00:00,10:01:01,,f04a19ccb088cd9461432a9fad14b382cbb33f1f1831e1d46f39dd6b7fe1a72bdc1a4214d9d166f158d758dc4451a828,01,SS-CUFE     ,1,true,,,
3,120233353,GH266683,901483168,GHG GLOBAL HEALTH GROUP S.A.S,901543761,EPS FAMILIAR DE COLOMBIA,2228220.0,2026-01-03T00:00:00,10:01:48,,44585d94ff723c630fe3a855601019a11e42998f09fde60d200038ac171cdf4eaa04fa5b7a2c1730d6d005789c5752ae,01,SS-CUFE     ,1,true,,,
3,120233361,GH266687,901483168,GHG GLOBAL HEALTH GROUP S.A.S,901543761,EPS FAMILIAR DE COLOMBIA,7680000.0,2026-01-03T00:00:00,10:01:02,,d398796c46235513e534a05b60fd407671a2a1be8bdfb9edc5497a7728c8ae613073cca4c9b204ef623fd9dcc302d41f,01,SS-CUFE     ,1,true,,,
3,120233368,GH266693,901483168,GHG GLOBAL HEALTH GROUP S.A.S,901543761,EPS FAMILIAR DE COLOMBIA,318600.0,2026-01-03T00:00:00,10:01:32,,f7b881d6fd179253aaa31097072a803f17267c22147baddcd303f4905b395d4c7a561751a1894c3eb1c1a1c1e3166e21,01,SS-CUFE     ,1,true,,,
3,120233386,GH266699,901483168,GHG GLOBAL HEALTH GROUP S.A.S,901543761,EPS FAMILIAR DE COLOMBIA,318600.0,2026-01-03T00:00:00,10:01:48,,86ef499a54dd5b80ca85c435e5be964db5c8d637747bd03d5269e3003324dccba14ff00ccb2a8e7ae202a4234dd29271,01,SS-CUFE     ,1,true,,,
3,120233390,GH266701,901483168,GHG GLOBAL HEALTH GROUP S.A.S,901543761,EPS FAMILIAR DE COLOMBIA,378180.0,2026-01-03T00:00:00,10:01:41,,804f26f2dc69e3ba7bfe796053484ebf1c507177055bd3762c8f3a51b09a7646d68090ba333317f84cd39e93c0e71d21,01,SS-CUFE     ,1,true,,,
3,120233399,GH266704,901483168,GHG GLOBAL HEALTH GROUP S.A.S,901543761,EPS FAMILIAR DE COLOMBIA,318600.0,2026-01-03T00:00:00,10:01:24,,9af5f583ebd7dc8c396626dbaa9012af1ac42d9521ab4cdfbf78135a30585e60f5a1719b79181812710e38c9b968af4d,01,SS-CUFE     ,1,true,,,
3,120233401,GH266708,901483168,GHG GLOBAL HEALTH GROUP S.A.S,901543761,EPS FAMILIAR DE COLOMBIA,232560.0,2026-01-03T00:00:00,10:01:49,,e06e52340f25662a4009eefc363f7c98ff38898f7ca87e7340af8de61edf1eb914344d0c550e32f05548d8858db48ba2,01,SS-CUFE     ,1,true,,,
3,120233408,GH266711,901483168,GHG GLOBAL HEALTH GROUP S.A.S,901543761,EPS FAMILIAR DE COLOMBIA,114000.0,2026-01-03T00:00:00,10:01:25,,03493ddd30116704f021e7b66e59ecc86c3f554485371b0cf8414f780015ae54fa83e75bbb13af6887977a605bb93fa6,01,SS-CUFE     ,1,true,,,
3,120233415,GH266715,901483168,GHG GLOBAL HEALTH GROUP S.A.S,901543761,EPS FAMILIAR DE COLOMBIA,317700.0,2026-01-03T00:00:00,10:01:17,,1390c80916df992cf3bec7bdad402008ee2ab1e8ad705a0d38c934e79369dd1c9190dcfc68aa5bc4d26db02d1238f9e3,01,SS-CUFE     ,1,true,,,
3,120233421,GH266719,901483168,GHG GLOBAL HEALTH GROUP S.A.S,901543761,EPS FAMILIAR DE COLOMBIA,799200.0,2026-01-03T00:00:00,10:01:37,,74171c401c22bd972484a22904627831bf01a796300f87d5e7bbca8f44391686832ebb1d165f243faabdc09da82ac50b,01,SS-CUFE     ,1,true,,,
3,120233427,GH266723,901483168,GHG GLOBAL HEALTH GROUP S.A.S,901543761,EPS FAMILIAR DE COLOMBIA,318600.0,2026-01-03T00:00:00,10:01:58,,8456c692b4d535bf25be98ffb43d98558f96da9a7fb59cb25c7bf8428079f4d5e833a7bb414c3ecb39f0d14b7a8013f9,01,SS-CUFE     ,1,true,,,
3,120233433,GH266728,901483168,GHG GLOBAL HEALTH GROUP S.A.S,901543761,EPS FAMILIAR DE COLOMBIA,5315670.0,2026-01-03T00:00:00,10:01:06,,87fda5f45b5ea5c3ad2a70626de479061bd26cd04dcc2802eac6c3977e5138746ed71cb0048f63d043671e6f2c5ba274,01,SS-CUFE     ,1,true,,,
3,120233448,GH266730,901483168,GHG GLOBAL HEALTH GROUP S.A.S,901543761,EPS FAMILIAR DE COLOMBIA,848160.0,2026-01-03T00:00:00,10:01:37,,8cb1a2b99d8779408415993e9d23d771e863e4541a3bd6e6fb6c5395cb1a768f9cc5f5df2ab67ad6a29ee930973c72f7,01,SS-CUFE     ,1,true,,,
3,120233459,GH266734,901483168,GHG GLOBAL HEALTH GROUP S.A.S,901543761,EPS FAMILIAR DE COLOMBIA,318600.0,2026-01-03T00:00:00,10:01:11,,5055e340133fc5a8e57e6f8b9b85116e24bd75bfab34fa22494fbd9f0b2674c3357d903275b63976c58f64f06091399b,01,SS-CUFE     ,1,true,,,
3,120233470,GH266737,901483168,GHG GLOBAL HEALTH GROUP S.A.S,901543761,EPS FAMILIAR DE COLOMBIA,318600.0,2026-01-03T00:00:00,10:01:15,,96ca0d8364beac6fbfa3f7a6c623a9080af83a401716041a8ef1dbe1f933f8af9716b2f1ceb9a44eecc05e46137df780,01,SS-CUFE     ,1,true,,,
3,120233476,GH266739,901483168,GHG GLOBAL HEALTH GROUP S.A.S,901543761,EPS FAMILIAR DE COLOMBIA,497100.0,2026-01-03T00:00:00,10:01:19,,a2db81955b5cb0fb7ccdc186d7df5d6d0105c04946cda29ceae5a16c2bd236557cc740c68df548a4a0def321ad79fcce,01,SS-CUFE     ,1,true,,,
3,120233482,GH266742,901483168,GHG GLOBAL HEALTH GROUP S.A.S,901543761,EPS FAMILIAR DE COLOMBIA,318600.0,2026-01-03T00:00:00,10:01:23,,6525915e608338ee70838461eac80f8ba1e87a37039cbaed8647ce4c83ced639c8149a1b5808265b8efe5659703c9139,01,SS-CUFE     ,1,true,,,
3,120233487,GH266745,901483168,GHG GLOBAL HEALTH GROUP S.A.S,901543761,EPS FAMILIAR DE COLOMBIA,742740.0,2026-01-03T00:00:00,10:01:27,,453e9094247af3ba2e2fd86db3d7247b94ca92a9e523360ea74e7efde4bedba7b9d91f5d08831da58e6592344cf86fdc,01,SS-CUFE     ,1,true,,,
3,120233494,GH266748,901483168,GHG GLOBAL HEALTH GROUP S.A.S,901543761,EPS FAMILIAR DE COLOMBIA,232560.0,2026-01-03T00:00:00,10:01:54,,f37108fbca7ea50ea363d4e9fbb0a301aca4b5d44c6ae594ee30bd977b32eb231e6eddb9dcc3947d3bb66cfe87b81bea,01,SS-CUFE     ,1,true,,,
3,120233502,GH266751,901483168,GHG GLOBAL HEALTH GROUP S.A.S,901543761,EPS FAMILIAR DE COLOMBIA,106200.0,2026-01-03T00:00:00,10:01:45,,11f65cc084fbb3745d9e5be979a5dbd414920f95389fa8648b86f7f044a7594eb33e805f578dc899923fb8279b995e3c,01,SS-CUFE     ,1,true,,,
3,120233509,GH266758,901483168,GHG GLOBAL HEALTH GROUP S.A.S,901543761,EPS FAMILIAR DE COLOMBIA,525568.0,2026-01-03T00:00:00,10:01:02,,bd69801e4b2414a46c1d98e21cc25a694a7f9169796d95a71cd1cf3cc011260c1682a1598fd3d91998b79e15e1674b63,01,SS-CUFE     ,1,true,,,
3,120233514,GH266765,901483168,GHG GLOBAL HEALTH GROUP S.A.S,901543761,EPS FAMILIAR DE COLOMBIA,424800.0,2026-01-03T00:00:00,10:01:35,,4c50e62673ceb3519ebf69e894a228e59a970d46c90e7de3dbb0f0cb4b30a40768850c0522af3b1a65dd857ffd594653,01,SS-CUFE     ,1,true,,,
3,120233519,GH266769,901483168,GHG GLOBAL HEALTH GROUP S.A.S,901543761,EPS FAMILIAR DE COLOMBIA,317700.0,2026-01-03T00:00:00,10:01:43,,50d91a5a52609129a9feacd72d52833c4d182bf135a526f446d39f1476cb4b8c85fdd7eb389ad2194e7b9397a787d1a8,01,SS-CUFE     ,1,true,,,
3,120233526,GH266774,901483168,GHG GLOBAL HEALTH GROUP S.A.S,901543761,EPS FAMILIAR DE COLOMBIA,318600.0,2026-01-03T00:00:00,10:01:27,,adbc778beecb791c987e4e6e239a09e59ee622df22d838fa3635332a541fb20d59ad1a7fc6c2c33a56dcd3fffd33118f,01,SS-CUFE     ,1,true,,,
3,120233534,GH266777,901483168,GHG GLOBAL HEALTH GROUP S.A.S,901543761,EPS FAMILIAR DE COLOMBIA,317700.0,2026-01-03T00:00:00,10:01:44,,a65e2c74a4b889f75e6ec847a8a3e235bf4fccc459a55989083e0fb8a6aa8ad6dec12bb6a19efdebdfa32c582ebd5b90,01,SS-CUFE     ,1,true,,,
3,120233537,GH266786,901483168,GHG GLOBAL HEALTH GROUP S.A.S,901543761,EPS FAMILIAR DE COLOMBIA,285120.0,2026-01-03T00:00:00,10:01:31,,98b0bd93e75cd2f64ea37c7e6e416c2c6b209af1e67d0a0324d655119e37f9887dd90cf8342195970cd321e1b17d3b7f,01,SS-CUFE     ,1,true,,,
3,120233545,GH266790,901483168,GHG GLOBAL HEALTH GROUP S.A.S,901543761,EPS FAMILIAR DE COLOMBIA,306000.0,2026-01-03T00:00:00,10:01:40,,1b5b00207765f9ae7af4a4201520fe91babb92bc2f357ace407a3432388e2bef727f9db4d2eb98b70877f1e6b83e35c6,01,SS-CUFE     ,1,true,,,
3,120233555,GH266793,901483168,GHG GLOBAL HEALTH GROUP S.A.S,901543761,EPS FAMILIAR DE COLOMBIA,607500.0,2026-01-03T00:00:00,10:01:48,,8bdf9c5f6deabcf5659f495d8743eab81a7d32d6eccb42495dc4b51d8361d98a11a36bbd75c0004181bb6b8ced5456a4,01,SS-CUFE     ,1,true,,,
3,120233560,GH266800,901483168,GHG GLOBAL HEALTH GROUP S.A.S,901543761,EPS FAMILIAR DE COLOMBIA,742740.0,2026-01-03T00:00:00,10:01:18,,4a20ca257302deeeee80a1bbc7fc92c8643fe432e8f36b4ae9e9ec5faac8384fe0cd121a8693044866a6f2bdbd62150c,01,SS-CUFE     ,1,true,,,
3,120233565,GH266804,901483168,GHG GLOBAL HEALTH GROUP S.A.S,901543761,EPS FAMILIAR DE COLOMBIA,920700.0,2026-01-03T00:00:00,10:01:01,,cf278f65ae169a39a15aaabdf89ac4e0f1e73f0063b7b62ed179162fdff14f755d40a2d597c9fb3eaba13524af1bdbc2,01,SS-CUFE     ,1,true,,,
3,120233574,GH266810,901483168,GHG GLOBAL HEALTH GROUP S.A.S,901543761,EPS FAMILIAR DE COLOMBIA,318600.0,2026-01-03T00:00:00,10:01:09,,fa890064428d9ab1b4fde73216128ef35305233b781d295e7bd8ea24c82cf7101078c6aec9e76ccfb2be98c668862268,01,SS-CUFE     ,1,true,,,
3,120233579,GH266814,901483168,GHG GLOBAL HEALTH GROUP S.A.S,901543761,EPS FAMILIAR DE COLOMBIA,318600.0,2026-01-03T00:00:00,10:01:52,,056678b1c09425f4a961f7ad8182ef122be2b3aa4912240f63c8070faa2dbd0f2f9f3cf79e66a753f09528cfdc06b28f,01,SS-CUFE     ,1,true,,,
3,120233583,GH266818,901483168,GHG GLOBAL HEALTH GROUP S.A.S,901543761,EPS FAMILIAR DE COLOMBIA,607500.0,2026-01-03T00:00:00,10:01:41,,2923ea97f015f772b1b996c06775ef6192cc421173e21797b36afebb060f68f60e1dea721ae868182a19982039215f25,01,SS-CUFE     ,1,true,,,
3,120233589,GH266822,901483168,GHG GLOBAL HEALTH GROUP S.A.S,901543761,EPS FAMILIAR DE COLOMBIA,1114110.0,2026-01-03T00:00:00,10:01:56,,099710d321f8ec3245f3fbd0be9a4057f6b3c4fb3ea4d46e0eec39b2ce5254b2ed612d9e98b6dbf1990fb3e5b33f9ca3,01,SS-CUFE     ,1,true,,,
3,120233600,GH266826,901483168,GHG GLOBAL HEALTH GROUP S.A.S,901543761,EPS FAMILIAR DE COLOMBIA,694436.0,2026-01-03T00:00:00,10:01:13,,39f0f660f0c72535ed9e0588f7d5c2cd3a336628e471c18d77f3562b88e582e3def9a2560b8a7bc3f0c1885898b3244c,01,SS-CUFE     ,1,true,,,
3,120233607,GH266833,901483168,GHG GLOBAL HEALTH GROUP S.A.S,901543761,EPS FAMILIAR DE COLOMBIA,424800.0,2026-01-03T00:00:00,10:01:45,,bde9619c5bb8d4a25078a43dfdb826e286ce4feea66fd09e03af2946faea6a6ec2781ec3bad788cf18a4c164fed0d653,01,SS-CUFE     ,1,true,,,
3,120233619,GH266836,901483168,GHG GLOBAL HEALTH GROUP S.A.S,901543761,EPS FAMILIAR DE COLOMBIA,318600.0,2026-01-03T00:00:00,10:01:48,,a4b2fd73c9d98442c6bf50d3ba24fdf5adb16cc346393d079f60ac4c0422915565e370794374d52248bc0ab5a2bab663,01,SS-CUFE     ,1,true,,,
3,120233627,GH266839,901483168,GHG GLOBAL HEALTH GROUP S.A.S,901543761,EPS FAMILIAR DE COLOMBIA,288000.0,2026-01-03T00:00:00,10:01:05,,3a57113573b2f5313c0dddb29ae932ffac0a82053b91bfd409626a84d72e47d4bd1647e28356d86a25293e321dc3e36d,01,SS-CUFE     ,1,true,,,
3,120233634,GH266859,901483168,GHG GLOBAL HEALTH GROUP S.A.S,901543761,EPS FAMILIAR DE COLOMBIA,232560.0,2026-01-03T00:00:00,10:01:31,,0b0c5e8178fc47037df427798f6fa0e9d45ab259e7e958522e0846fc3a3034c10adef47b33a5d567e6aa9d312f82df8d,01,SS-CUFE     ,1,true,,,
3,120233640,GH266862,901483168,GHG GLOBAL HEALTH GROUP S.A.S,901543761,EPS FAMILIAR DE COLOMBIA,306000.0,2026-01-03T00:00:00,10:01:02,,57a5b0be178b93ec6380cfb1cb194f41c05c167731fd6bb16ee44826cb02d65842fb2f7ac0722fece6bd4261d0469667,01,SS-CUFE     ,1,true,,,
3,120233644,GH266866,901483168,GHG GLOBAL HEALTH GROUP S.A.S,901543761,EPS FAMILIAR DE COLOMBIA,318600.0,2026-01-03T00:00:00,10:01:07,,29e203c2460a88f486cda56b5bdd05906464cac3729d28041d389d63968db7763b1ff0b88149db53c53e6cfac286c416,01,SS-CUFE     ,1,true,,,
3,120233652,GH266869,901483168,GHG GLOBAL HEALTH GROUP S.A.S,901543761,EPS FAMILIAR DE COLOMBIA,318600.0,2026-01-03T00:00:00,10:01:46,,e806d2c4947e0ff641a8e97ba69969ec141d7238ce2b6df432dd9ad60fc657e06c67a3397dce75e60fa53137945acf90,01,SS-CUFE     ,1,true,,,
3,120233658,GH266874,901483168,GHG GLOBAL HEALTH GROUP S.A.S,901543761,EPS FAMILIAR DE COLOMBIA,5760000.0,2026-01-03T00:00:00,10:01:58,,c7bf2c93c344076dc0e80cef8fa2b87e9fc166d4e4b595be02122685c6bc4dfc458ec00cbe56187c657a9cd5a2fe28be,01,SS-CUFE     ,1,true,,,
3,120233663,GH266879,901483168,GHG GLOBAL HEALTH GROUP S.A.S,901543761,EPS FAMILIAR DE COLOMBIA,3840000.0,2026-01-03T00:00:00,10:01:50,,761d94d8e96dbd43d764ff6360d283b8f6c1991890f6546989c2760318887f0446118cbaaaa9f8677292ed72b25fcbbf,01,SS-CUFE     ,1,true,,,
3,120233672,GH266883,901483168,GHG GLOBAL HEALTH GROUP S.A.S,901543761,EPS FAMILIAR DE COLOMBIA,255000.0,2026-01-03T00:00:00,10:01:54,,070eaab34360d738b4ed3250eee09b06aa0c8330bf9e308430cf6922d6334529ef35f65220bdd3f580b95b451c5f4278,01,SS-CUFE     ,1,true,,,
3,120233684,GH266888,901483168,GHG GLOBAL HEALTH GROUP S.A.S,901543761,EPS FAMILIAR DE COLOMBIA,318600.0,2026-01-03T00:00:00,10:01:41,,4a965c28b7679d8043c76e648caf18a74ceaee7850d509ee251bdf08e0adbbb3ac3a5b8d439ce1a3b2f7074c8158a4ec,01,SS-CUFE     ,1,true,,,
3,120233691,GH266893,901483168,GHG GLOBAL HEALTH GROUP S.A.S,901543761,EPS FAMILIAR DE COLOMBIA,306000.0,2026-01-03T00:00:00,10:01:35,,394b2663b18dfdd03ff27889c6805a06f374457719c8df03ef01ef47585b300013dd0a7408330066c4081497b37acdde,01,SS-CUFE     ,1,true,,,
3,120233700,GH266897,901483168,GHG GLOBAL HEALTH GROUP S.A.S,901543761,EPS FAMILIAR DE COLOMBIA,317700.0,2026-01-03T00:00:00,10:01:11,,022295a061424663e97e6b44c351453796b3763caa9eb63277b1155609f2acc9ff44fbab9fe8e47c36da70071035e960,01,SS-CUFE     ,1,true,,,
3,120233706,GH266900,901483168,GHG GLOBAL HEALTH GROUP S.A.S,901543761,EPS FAMILIAR DE COLOMBIA,318600.0,2026-01-03T00:00:00,10:01:47,,60c9b00bbaf1eeca04afc8e6fdab39e4fa95ca92dd02cb38f64028db07cbdb233526151a1b7dedb191644d8fbf149f38,01,SS-CUFE     ,1,true,,,
3,120233715,GH266903,901483168,GHG GLOBAL HEALTH GROUP S.A.S,901543761,EPS FAMILIAR DE COLOMBIA,342000.0,2026-01-03T00:00:00,10:01:58,,1f85cf10cede03da2a7983e2f0c3f41265058fdfd2b870efb96cba5f1afd3c54f30543550205c5e0d27403ae6c4e5049,01,SS-CUFE     ,1,true,,,
3,120233727,GH266907,901483168,GHG GLOBAL HEALTH GROUP S.A.S,901543761,EPS FAMILIAR DE COLOMBIA,318600.0,2026-01-03T00:00:00,10:01:54,,13a7c017f6b1522eed3ffe66b3700a7774ac7a999a2654b0277598b8ebf1fa876b01c301f5c0b0fba042853de173b6b7,01,SS-CUFE     ,1,true,,,
3,120233737,GH266912,901483168,GHG GLOBAL HEALTH GROUP S.A.S,901543761,EPS FAMILIAR DE COLOMBIA,318600.0,2026-01-03T00:00:00,10:01:42,,e7c3348c853d96a4fd3754c3dfd7bfc91085c8c94a8cabea26951394be748c7e55c30f7c688ec41b62e8426705eb965c,01,SS-CUFE     ,1,true,,,
3,120233744,GH266914,901483168,GHG GLOBAL HEALTH GROUP S.A.S,901543761,EPS FAMILIAR DE COLOMBIA,1114110.0,2026-01-03T00:00:00,10:01:51,,bca109cd3da867e41f062d9278a2be35adb7c4c1a95ca676a72575f21de64cbbbc3ed0947e44babdae50ea1b7b6756f0,01,SS-CUFE     ,1,true,,,
3,120233755,GH266918,901483168,GHG GLOBAL HEALTH GROUP S.A.S,901543761,EPS FAMILIAR DE COLOMBIA,318600.0,2026-01-03T00:00:00,10:01:36,,cf6e1730d375827e2bc205f75f7114242568af97dc682ebda69ea831cb4774d1f6cc5bada1e6d2b4a014692288730720,01,SS-CUFE     ,1,true,,,
3,120233761,GH266919,901483168,GHG GLOBAL HEALTH GROUP S.A.S,901543761,EPS FAMILIAR DE COLOMBIA,288000.0,2026-01-03T00:00:00,10:01:40,,f94b153f4ab02eefa541a0cbbcce06235706541ac3562176e3b2c83c4ddd885291c628f04436cdedbc5e22226764af0c,01,SS-CUFE     ,1,true,,,
3,120242662,FSSC3551,901334785,SANAR Y CURAR IPS S.A.S,901543761,EPS FAMILIAR DE COLOMBIA S.A.S,2430000.0,2026-01-05T00:00:00,00:00:00,2026-02-04T00:00:00,1fa08cad34438f6eb958b0feef674dd94845c5554fb3aebc0da6eafe26690d0515259a42ad3298af7a6eb5e90a0e41b4,01,SS-CUFE     ,1,true,,,
3,120242884,FSSC3552,901334785,SANAR Y CURAR IPS S.A.S,901543761,EPS FAMILIAR DE COLOMBIA S.A.S,2430000.0,2026-01-05T00:00:00,00:00:00,2026-02-04T00:00:00,7b6b5143dcfa67e3413519727018b7a027eab94f1317ef5e8fa710349c6cb8da8a975429adcddf118a2ff57ee857b37c,01,SS-CUFE     ,1,true,,,
3,120243021,FSSC3553,901334785,SANAR Y CURAR IPS S.A.S,901543761,EPS FAMILIAR DE COLOMBIA S.A.S,2430000.0,2026-01-05T00:00:00,00:00:00,2026-02-04T00:00:00,f90cea2ee7aef23258b4f8a9fb4f5eda78fa18bfcf9b70fd9f01c239fdb11fa3941e7df1e89134315f28c97e7c8ed411,01,SS-CUFE     ,1,true,,,
3,120243168,FSSC3554,901334785,SANAR Y CURAR IPS S.A.S,901543761,EPS FAMILIAR DE COLOMBIA S.A.S,2430000.0,2026-01-05T00:00:00,00:00:00,2026-02-04T00:00:00,5ad7242291454eb1db32aee17c6ac7fbc684f4008b69f5568a3cacb5543040dc4a83ee709f4ddf29a929e170d631c985,01,SS-CUFE     ,1,true,,,
3,120243360,FSSC3556,901334785,SANAR Y CURAR IPS S.A.S,901543761,EPS FAMILIAR DE COLOMBIA S.A.S,2430000.0,2026-01-05T00:00:00,00:00:00,2026-02-04T00:00:00,03b9e29ae4cff57c62131c88506a66bf22b57156e2fef9e570388d274b4d7a8694ca146173b1656586a92015f6f26517,01,SS-CUFE     ,1,true,,,
3,120243508,FSSC3557,901334785,SANAR Y CURAR IPS S.A.S,901543761,EPS FAMILIAR DE COLOMBIA S.A.S,2430000.0,2026-01-05T00:00:00,00:00:00,2026-02-04T00:00:00,8c32189a8bddac2db6a781f031f0a1f3c32b6677db32c79acd9be11e6a0d0d6dc0cffff3719458119f3c4934f7634b27,01,SS-CUFE     ,1,true,,,
3,120243709,FSSC3558,901334785,SANAR Y CURAR IPS S.A.S,901543761,EPS FAMILIAR DE COLOMBIA S.A.S,2430000.0,2026-01-05T00:00:00,00:00:00,2026-02-04T00:00:00,5da1e7e230ac5ace3f80e626aa92595c136161ac8c9ace727b96209a9f757758db3daecddac244237569aa8007ce5633,01,SS-CUFE     ,1,true,,,
3,120243867,FSSC3559,901334785,SANAR Y CURAR IPS S.A.S,901543761,EPS FAMILIAR DE COLOMBIA S.A.S,2430000.0,2026-01-05T00:00:00,00:00:00,2026-02-04T00:00:00,7ac64b8429cd2cd8570a0a46945a0eb1a298cd4df38b757d695cdbf4190d1d6286c7db19cdebd3d53474c7e69b633a74,01,SS-CUFE     ,1,true,,,
3,120244048,FSSC3560,901334785,SANAR Y CURAR IPS S.A.S,901543761,EPS FAMILIAR DE COLOMBIA S.A.S,2430000.0,2026-01-05T00:00:00,00:00:00,2026-02-04T00:00:00,f89d4589813e30f3e4b63dbd816f22b5a90ba91c104003c8eab65c2778e68851d75c80c4485621abdeb0174766117474,01,SS-CUFE     ,1,true,,,
3,120244180,FSSC3561,901334785,SANAR Y CURAR IPS S.A.S,901543761,EPS FAMILIAR DE COLOMBIA S.A.S,2430000.0,2026-01-05T00:00:00,00:00:00,2026-02-04T00:00:00,fcb6b1a610e1d55370ee0df4469c51fbe58b9e750f162f4b9dbd487a6937def75d84202c7cece47cd14b92e0703a14be,01,SS-CUFE     ,1,true,,,
3,120244306,FSSC3562,901334785,SANAR Y CURAR IPS S.A.S,901543761,EPS FAMILIAR DE COLOMBIA S.A.S,2430000.0,2026-01-05T00:00:00,00:00:00,2026-02-04T00:00:00,ea7c82528bf0dac3371318f13db48a42344cd1d2c4220de2097cd1064cc6650a60f51b6ca3aacf1d3b2f6c0d716559c8,01,SS-CUFE     ,1,true,,,
3,120244544,FSSC3563,901334785,SANAR Y CURAR IPS S.A.S,901543761,EPS FAMILIAR DE COLOMBIA S.A.S,2430000.0,2026-01-05T00:00:00,00:00:00,2026-02-04T00:00:00,97c6e9d85c2a279c0716e9d5a967becd55df28e363214dffee773ae2792eabc54ac84178b2b4742735fe2eca15567022,01,SS-CUFE     ,1,true,,,
3,120244703,FSSC3564,901334785,SANAR Y CURAR IPS S.A.S,901543761,EPS FAMILIAR DE COLOMBIA S.A.S,2430000.0,2026-01-05T00:00:00,00:00:00,2026-02-04T00:00:00,31e551c9bb681778cf78586338d1ad3f242c48c038d805e2f8106c523e4945642483e0c0a85d8037e4986cdb5c2f2a26,01,SS-CUFE     ,1,true,,,
3,120244796,FSSC3565,901334785,SANAR Y CURAR IPS S.A.S,901543761,EPS FAMILIAR DE COLOMBIA S.A.S,2430000.0,2026-01-05T00:00:00,00:00:00,2026-02-04T00:00:00,cf68282e3f927df12f77891f6cb283dc01e3b7841d6ba59c3b02f9ed23aa279e9c72cab8ac014493d07576746039e9cf,01,SS-CUFE     ,1,true,,,
3,120244973,FSSC3566,901334785,SANAR Y CURAR IPS S.A.S,901543761,EPS FAMILIAR DE COLOMBIA S.A.S,2430000.0,2026-01-05T00:00:00,00:00:00,2026-02-04T00:00:00,2ef1e6d462432d7f5ccd06d271f29aa9ae7130c49a61b5104b343af9b232df257612de9b0a75566a0c9484fdd1c0b218,01,SS-CUFE     ,1,true,,,
3,120245110,FSSC3567,901334785,SANAR Y CURAR IPS S.A.S,901543761,EPS FAMILIAR DE COLOMBIA S.A.S,2430000.0,2026-01-05T00:00:00,00:00:00,2026-02-04T00:00:00,bb545c7c667bcc7114f0951fe6540164c14534f4cbbafeada2eba04f9b62193498645a2f3e6d41f0510a59a40ead7e64,01,SS-CUFE     ,1,true,,,
3,120245252,FSSC3568,901334785,SANAR Y CURAR IPS S.A.S,901543761,EPS FAMILIAR DE COLOMBIA S.A.S,2430000.0,2026-01-05T00:00:00,00:00:00,2026-02-04T00:00:00,9e86a036fcbd987ee58ee6ef0beebb0ad4508bb9652af1384850d55574d411a4b5361dc954a4cf23c5f7708ea2865522,01,SS-CUFE     ,1,true,,,
3,120245416,FSSC3569,901334785,SANAR Y CURAR IPS S.A.S,901543761,EPS FAMILIAR DE COLOMBIA S.A.S,2430000.0,2026-01-05T00:00:00,00:00:00,2026-02-04T00:00:00,fd9c9c781386ee5c9279e3b5d2fd77a79da4ff5b5d1c70becf69ec2de22ec5ca7ee9035cb7c580bb5d19c076bbc015ff,01,SS-CUFE     ,1,true,,,
3,120245536,FSSC3570,901334785,SANAR Y CURAR IPS S.A.S,901543761,EPS FAMILIAR DE COLOMBIA S.A.S,2430000.0,2026-01-05T00:00:00,00:00:00,2026-02-04T00:00:00,d5d1f8bcfba47afe8adc0f8c8253bea97952170057cf337eb34e3c552173d61d80e456549e640c112b2dfed8fa4bc7ce,01,SS-CUFE     ,1,true,,,
3,120246049,FSSC3571,901334785,SANAR Y CURAR IPS S.A.S,901543761,EPS FAMILIAR DE COLOMBIA S.A.S,2430000.0,2026-01-05T00:00:00,00:00:00,2026-02-04T00:00:00,eee2f16d0c6e45d9ae8a81c646878b12c1d0c0e3c5b91d2adbf83c52e4a5da9f6cc48aaa231b725fb424a92aa7a90bea,01,SS-CUFE     ,1,true,,,
3,120246058,SOLD967,900275012,DISTRIBUIDORA Y DROGUERIA STOKOLMO SAS,901543761,EPS FAMILIAR DE COLOMBIA S.A.S,275200.0,2026-01-05T00:00:00,14:41:13,2026-01-05T00:00:00,7a7043b76a2d582733d83c2b035d6b5457c8aedaeab4a7a1bf7b77a14da33bcd3a5e17c8401a3017ea29332b36c896a0,01,SS-CUFE     ,3,true,,,
3,120246208,FSSC3572,901334785,SANAR Y CURAR IPS S.A.S,901543761,EPS FAMILIAR DE COLOMBIA S.A.S,2430000.0,2026-01-05T00:00:00,00:00:00,2026-02-04T00:00:00,066c1efef88fde1adf7618b46e38f43cf893dc186bef40cbe734a757ff7eabcc4c40e97ff36c43c5b83b569097329177,01,SS-CUFE     ,1,true,,,
3,120246376,FSSC3573,901334785,SANAR Y CURAR IPS S.A.S,901543761,EPS FAMILIAR DE COLOMBIA S.A.S,2430000.0,2026-01-05T00:00:00,00:00:00,2026-02-04T00:00:00,505c9183bea7035db309ef9ef3f304561062dbee11f085906c03cc994d49e739f297f41d9e051b034249bff1367cfaef,01,SS-CUFE     ,1,true,,,
3,120246553,FSSC3574,901334785,SANAR Y CURAR IPS S.A.S,901543761,EPS FAMILIAR DE COLOMBIA S.A.S,2430000.0,2026-01-05T00:00:00,00:00:00,2026-02-04T00:00:00,4cc1c5dd732d20f3ba828781347c12802fadef56dbfff8687d96dc7c48317ac35e4b4bb13eb46edb9a327adcf6823c5f,01,SS-CUFE     ,1,true,,,
3,120246579,E12898,900803163,AMBULANCIAS AB IPS S.A.S.,901543761,ENTIDAD PROMOTORA DE SALUD FAMILIAR DE COLOMBIA S.A.S,700000.0,2026-01-05T00:00:00,14:11:38,,ff970fa0437c4036a76f55a4bbb41054780630d084025bef283b26ef52b9e03fdd34cf5acd8dc6425ee303e760704153,01,SS-CUFE     ,1,true,,,
3,120246590,E12899,900803163,AMBULANCIAS AB IPS S.A.S.,901543761,ENTIDAD PROMOTORA DE SALUD FAMILIAR DE COLOMBIA S.A.S,700000.0,2026-01-05T00:00:00,14:11:49,,6e416b48935d4ce8c4591687eeb67fb19474307c33b6f985d591db43c23d3a960c9437354ca909f16a40762d9b3c73ca,01,SS-CUFE     ,1,true,,,
3,120246597,E12900,900803163,AMBULANCIAS AB IPS S.A.S.,901543761,ENTIDAD PROMOTORA DE SALUD FAMILIAR DE COLOMBIA S.A.S,50000.0,2026-01-05T00:00:00,14:12:02,,c5d9a82476d1ab901ededd466896f33c0f6720308d42ec78273bc379cb676ecd43a2217dcaf1bb2537b789e7135d59b1,01,SS-CUFE     ,1,true,,,
3,120246613,E12901,900803163,AMBULANCIAS AB IPS S.A.S.,901543761,ENTIDAD PROMOTORA DE SALUD FAMILIAR DE COLOMBIA S.A.S,61991.0,2026-01-05T00:00:00,14:12:14,,1bbd5afe1097b4fb0939fdf1f3faa5ddb8f3146facb9e1cc06d756fc747d82451d46be71dc2d6e29e3954af14d3b2ec7,01,SS-CUFE     ,1,true,,,
3,120246624,E12902,900803163,AMBULANCIAS AB IPS S.A.S.,901543761,ENTIDAD PROMOTORA DE SALUD FAMILIAR DE COLOMBIA S.A.S,180000.0,2026-01-05T00:00:00,14:12:25,,e5cf7f9bef92d27af7f69fcb5749bbc2b3862c33f735195168385d11fad0c7b54964fd080b8f3d454526086f6ec406d1,01,SS-CUFE     ,1,true,,,
3,120246633,GH266352,901483168,GHG GLOBAL HEALTH GROUP S.A.S,901543761,EPS FAMILIAR DE COLOMBIA,61560.0,2026-01-03T00:00:00,08:01:41,,60764e6f7bd42813415c994a08fca62243f38f2d39c5624fd1af68f26d94cb2a5c4b659b4a5f235d69ede0559e7565ac,01,SS-CUFE     ,2,true,,,
3,120246636,E12916,900803163,AMBULANCIAS AB IPS S.A.S.,901543761,ENTIDAD PROMOTORA DE SALUD FAMILIAR DE COLOMBIA S.A.S,700000.0,2026-01-05T00:00:00,14:12:37,,5bc533b878bf1a77ebd4652be49df187f7929bfddef00f09fc7605600ee6dc3ff5a62862063c68cfd0e3479c96e7975d,01,SS-CUFE     ,1,true,,,
3,120246640,GH266366,901483168,GHG GLOBAL HEALTH GROUP S.A.S,901543761,EPS FAMILIAR DE COLOMBIA,16650.0,2026-01-03T00:00:00,08:01:26,,d2ebe68c792873dfc2e080d54a79495d793941020b6f0726b8c78895e57e304cd6fec781adae329c3dfa065abb7efcaf,01,SS-CUFE     ,1,true,,,
3,120246644,E12917,900803163,AMBULANCIAS AB IPS S.A.S.,901543761,ENTIDAD PROMOTORA DE SALUD FAMILIAR DE COLOMBIA S.A.S,700000.0,2026-01-05T00:00:00,14:12:48,,d11f1374db4a03c62a923d78d048311822fb8bb56eeb85cf1b61b20bc9169ee2f635427e7d2deee2345dd378b31754f0,01,SS-CUFE     ,1,true,,,
3,120246648,GH266370,901483168,GHG GLOBAL HEALTH GROUP S.A.S,901543761,EPS FAMILIAR DE COLOMBIA,43200.0,2026-01-03T00:00:00,08:01:39,,6241a1b6d5178204ffca440c62a445de4806c3604223ed7bb9102b52f1b54fd57321fb98745b615d8d06c6102ef8ebc9,01,SS-CUFE     ,1,true,,,
3,120246651,E12918,900803163,AMBULANCIAS AB IPS S.A.S.,901543761,ENTIDAD PROMOTORA DE SALUD FAMILIAR DE COLOMBIA S.A.S,60000.0,2026-01-05T00:00:00,14:13:02,,4ae9965f4d688c93fad5f2721d029286423b1123999c2c90e785a1669e5f616b94bf29b170999de49831c4fb9481985a,01,SS-CUFE     ,1,true,,,
3,120246653,GH266376,901483168,GHG GLOBAL HEALTH GROUP S.A.S,901543761,EPS FAMILIAR DE COLOMBIA,88200.0,2026-01-03T00:00:00,08:01:13,,63df07bf8f8425fcadd385782b00c423c457038189ae76aaa00a64b73504ca2628660824814c4147b53b3c3c0157d5ad,01,SS-CUFE     ,1,true,,,
3,120246670,E12919,900803163,AMBULANCIAS AB IPS S.A.S.,901543761,ENTIDAD PROMOTORA DE SALUD FAMILIAR DE COLOMBIA S.A.S,1355109.0,2026-01-05T00:00:00,14:13:13,,e3d3c3455ea615ad7a24752921042b64e3d181733668ceb373fb5c915b791f222f509846223da3fffe4356430369be2f,01,SS-CUFE     ,1,true,,,
3,120246672,GH266383,901483168,GHG GLOBAL HEALTH GROUP S.A.S,901543761,EPS FAMILIAR DE COLOMBIA,16670.0,2026-01-03T00:00:00,08:01:41,,46f42f0e46e9cab176c9bbce05d05abb8c4aaa9c18b7a665a0479280df3b9d8f7c74a78183f1e74ca74996841618b44e,01,SS-CUFE     ,1,true,,,
3,120246679,E12926,900803163,AMBULANCIAS AB IPS S.A.S.,901543761,ENTIDAD PROMOTORA DE SALUD FAMILIAR DE COLOMBIA S.A.S,50000.0,2026-01-05T00:00:00,14:13:26,,265e27de7ac560b3e870de90afd315bba052766cb76f9b99763d6cb710aee94408dd4c01810d7a639276590304fceb02,01,SS-CUFE     ,1,true,,,
3,120246681,GH266387,901483168,GHG GLOBAL HEALTH GROUP S.A.S,901543761,EPS FAMILIAR DE COLOMBIA,67620.0,2026-01-03T00:00:00,08:01:45,,879062437958ea9351db0d0a115fee38782f4ce6d4e0907bdfc3b198cde5507bfbfa70a90f012b96ff095b7ab1761df1,01,SS-CUFE     ,1,true,,,
3,120246683,E12927,900803163,AMBULANCIAS AB IPS S.A.S.,901543761,ENTIDAD PROMOTORA DE SALUD FAMILIAR DE COLOMBIA S.A.S,50000.0,2026-01-05T00:00:00,14:13:37,,1ab48d1974c088b82569ddd77559ef30151897098d3e630e5d0c2856bc3ca0230eaecb659e77b9db7b9e181b9cbda884,01,SS-CUFE     ,1,true,,,
3,120246692,E12933,900803163,AMBULANCIAS AB IPS S.A.S.,901543761,ENTIDAD PROMOTORA DE SALUD FAMILIAR DE COLOMBIA S.A.S,1020000.0,2026-01-05T00:00:00,14:13:49,,f48c8cf38d43748f7510e9f17545fab88f3da9e409a4c59161e6b43eb60c07b4faab110de05a9b3d8d917805583bf979,01,SS-CUFE     ,1,true,,,
3,120246693,GH266392,901483168,GHG GLOBAL HEALTH GROUP S.A.S,901543761,EPS FAMILIAR DE COLOMBIA,65460.0,2026-01-03T00:00:00,08:01:48,,2cf3bbb36f8dc03336a67e9c95f4de1decb9dd8599e571661672d7737c98158734f2eab79bd318a1e66bbef7439c5a4c,01,SS-CUFE     ,1,true,,,
3,120246708,GH266400,901483168,GHG GLOBAL HEALTH GROUP S.A.S,901543761,EPS FAMILIAR DE COLOMBIA,17280.0,2026-01-03T00:00:00,08:01:52,,e9c28849623fb6e68e0136749df3c89023e7bc8322d7fbd03b7f3fdb83587a8d56dd39a8e120e63a20835da1d16b44d7,01,SS-CUFE     ,1,true,,,
3,120246709,E12934,900803163,AMBULANCIAS AB IPS S.A.S.,901543761,ENTIDAD PROMOTORA DE SALUD FAMILIAR DE COLOMBIA S.A.S,712500.0,2026-01-05T00:00:00,14:14:00,,8a435cca38b626bb69cbe6a90bde2c164ab5e77359617ac7e9ff0cbad50b62f7430c308d9c6f66ea647c57e64f960bf7,01,SS-CUFE     ,2,true,,,
3,120246718,E12940,900803163,AMBULANCIAS AB IPS S.A.S.,901543761,ENTIDAD PROMOTORA DE SALUD FAMILIAR DE COLOMBIA S.A.S,50000.0,2026-01-05T00:00:00,14:14:13,,bdfa224fc44fdd3b3914e0abeb83a75d15fcef63f35c1024152f8ddbd54f2cec54a4165300edd9a0ff5687f4bbbc468a,01,SS-CUFE     ,1,true,,,
3,120246719,GH266404,901483168,GHG GLOBAL HEALTH GROUP S.A.S,901543761,EPS FAMILIAR DE COLOMBIA,28422.0,2026-01-03T00:00:00,08:01:56,,477d41b14ad4002e90be98e0adb42a1e48dca60484c0b053a5128f312faaf48a10a0414a367ea38486fd5056cd67e042,01,SS-CUFE     ,1,true,,,
3,120246723,GH266406,901483168,GHG GLOBAL HEALTH GROUP S.A.S,901543761,EPS FAMILIAR DE COLOMBIA,26340.0,2026-01-03T00:00:00,08:01:00,,b3336ea4a0ff5d6fa98b22d0d791278400317687ec6a8febfc148658656c099213c83372f5aafdd6834801e2dcd94ef6,01,SS-CUFE     ,1,true,,,
3,120246725,E12941,900803163,AMBULANCIAS AB IPS S.A.S.,901543761,ENTIDAD PROMOTORA DE SALUD FAMILIAR DE COLOMBIA S.A.S,2860000.0,2026-01-05T00:00:00,14:14:24,,d8933f05a235f38e4d7f4498507e2047bc1c1f4805db27633699f21af64851176020927f0657eb9ae3e3070779a1946a,01,SS-CUFE     ,1,true,,,
3,120246732,E12944,900803163,AMBULANCIAS AB IPS S.A.S.,901543761,ENTIDAD PROMOTORA DE SALUD FAMILIAR DE COLOMBIA S.A.S,50000.0,2026-01-05T00:00:00,14:14:36,,4ffd2659045221b832c17a911b1e495362a646b05aff6a8f9c531f4d6f2ecdd3677e6714f6f82f99d30145bf2abfe5d9,01,SS-CUFE     ,1,true,,,
3,120246734,GH266416,901483168,GHG GLOBAL HEALTH GROUP S.A.S,901543761,EPS FAMILIAR DE COLOMBIA,132300.0,2026-01-03T00:00:00,08:01:46,,1eb297e6864fa97c00333435dd3ebe16aa76f99860a7da69cff99f4ce18bc8f15d731e7f63f82105aee581b8e6253671,01,SS-CUFE     ,1,true,,,
3,120246749,GH266424,901483168,GHG GLOBAL HEALTH GROUP S.A.S,901543761,EPS FAMILIAR DE COLOMBIA,23260.0,2026-01-03T00:00:00,09:01:01,,5c648a4dd7aa852af1932da0c7f4e228d9e36cfc255372064b0811b23c6a3a0dd0d29c18f20995dc500a1d3a6fb634ca,01,SS-CUFE     ,1,true,,,
3,120246750,E12949,900803163,AMBULANCIAS AB IPS S.A.S.,901543761,ENTIDAD PROMOTORA DE SALUD FAMILIAR DE COLOMBIA S.A.S,68000.0,2026-01-05T00:00:00,14:14:48,,50e4ff8b18b45f581883387232319f1126b3bf23b4ec902a985c0c34e876c89bd5bfbb6219da71e9428757699163e7b5,01,SS-CUFE     ,1,true,,,
3,120246752,FSSC3575,901334785,SANAR Y CURAR IPS S.A.S,901543761,EPS FAMILIAR DE COLOMBIA S.A.S,2430000.0,2026-01-05T00:00:00,00:00:00,2026-02-04T00:00:00,7c7d07e45576ae0f598818e1cd29361f79c91c135b692901d09340029aa0dfe83834e738b95345ee465d71c7e9873745,01,SS-CUFE     ,1,true,,,
3,120246756,GH266429,901483168,GHG GLOBAL HEALTH GROUP S.A.S,901543761,EPS FAMILIAR DE COLOMBIA,130560.0,2026-01-03T00:00:00,09:01:05,,cb2517123b9b1f41a1ad3b1a68d3daa777f4541c4cd6f464d4868b4ba93cef16c7b8d2a7c35217e3e1b598d10a50aa56,01,SS-CUFE     ,1,true,,,
3,120246758,E12951,900803163,AMBULANCIAS AB IPS S.A.S.,901543761,ENTIDAD PROMOTORA DE SALUD FAMILIAR DE COLOMBIA S.A.S,68000.0,2026-01-05T00:00:00,14:15:02,,89b2d8a6b1a391693fd52e00d785b87c54cbd280b0014529d10def9656695878753c8006e6cb64560eb748c13a247d4b,01,SS-CUFE     ,1,true,,,
3,120246762,GH266436,901483168,GHG GLOBAL HEALTH GROUP S.A.S,901543761,EPS FAMILIAR DE COLOMBIA,37740.0,2026-01-03T00:00:00,09:01:09,,d481046036838adb76fc3058136fb0218e77d00a2ac5f7454ade4f21ced1d3f34d43a34de8e74596623f29378316c0a4,01,SS-CUFE     ,1,true,,,
3,120246764,E12953,900803163,AMBULANCIAS AB IPS S.A.S.,901543761,ENTIDAD PROMOTORA DE SALUD FAMILIAR DE COLOMBIA S.A.S,60000.0,2026-01-05T00:00:00,14:15:16,,8077ab3672a5e4c77e6ac9bc905012b4da61d6e41ba3f2d4a8c80b198ba88da83e5724eade16840e9f0756b6b0b78c53,01,SS-CUFE     ,1,true,,,
3,120246769,GH266445,901483168,GHG GLOBAL HEALTH GROUP S.A.S,901543761,EPS FAMILIAR DE COLOMBIA,71190.0,2026-01-03T00:00:00,09:01:00,,b9a44f090aa4f907c36720e2c4e0a777bd7754856eac4fcb49d56dea18bba054edf43ffd5099aa96054cd50ead699fd8,01,SS-CUFE     ,1,true,,,
3,120246777,E12956,900803163,AMBULANCIAS AB IPS S.A.S.,901543761,ENTIDAD PROMOTORA DE SALUD FAMILIAR DE COLOMBIA S.A.S,62500.0,2026-01-05T00:00:00,14:15:27,,be62f72e2a717c22d5915ffd014092fc9d7e16faf28c1e54eeed9afcfda7730e72a7dc4af3e4254118cc9c05e0fa1440,01,SS-CUFE     ,2,true,,,
3,120246785,GH266448,901483168,GHG GLOBAL HEALTH GROUP S.A.S,901543761,EPS FAMILIAR DE COLOMBIA,9912.0,2026-01-03T00:00:00,09:01:04,,e5e9c16a9e7afb2eebf0278b04e8566175c898e7737426bec202d27beeeb24d6860900820b330410c1ebab94a9815504,01,SS-CUFE     ,1,true,,,
3,120246789,E12957,900803163,AMBULANCIAS AB IPS S.A.S.,901543761,ENTIDAD PROMOTORA DE SALUD FAMILIAR DE COLOMBIA S.A.S,1355109.0,2026-01-05T00:00:00,14:15:39,,d5da8a5e2e4d236aeede1f3c6af90277cfd4c735a8eecd2d10434a09ce7148c8dcbb7ec1ea4a7b8076277459e8ac5b09,01,SS-CUFE     ,1,true,,,
3,120246792,GH266454,901483168,GHG GLOBAL HEALTH GROUP S.A.S,901543761,EPS FAMILIAR DE COLOMBIA,288360.0,2026-01-03T00:00:00,09:01:30,,c71c0639792878d93f53890a33b49205529576a595e991419898233e8cd28057c04282fdfa255027ec417737dcbea7de,01,SS-CUFE     ,3,true,,,
3,120246798,E12958,900803163,AMBULANCIAS AB IPS S.A.S.,901543761,ENTIDAD PROMOTORA DE SALUD FAMILIAR DE COLOMBIA S.A.S,146934.0,2026-01-05T00:00:00,14:15:50,,32735124e8a1079eb103e640f8a37c89dcd785595250ebaffa3daa2981fc8528b8db077e1830cb6b9872286d7a8afcc6,01,SS-CUFE     ,1,true,,,
3,120246800,GH266461,901483168,GHG GLOBAL HEALTH GROUP S.A.S,901543761,EPS FAMILIAR DE COLOMBIA,18045.0,2026-01-03T00:00:00,09:01:44,,d09a31015ebe498db7ef20e6aa4f48ec264d05789736ddbb5e701e4218b48a00e1fd2870a309827a60370c2739d060d3,01,SS-CUFE     ,1,true,,,
3,120246806,E12959,900803163,AMBULANCIAS AB IPS S.A.S.,901543761,ENTIDAD PROMOTORA DE SALUD FAMILIAR DE COLOMBIA S.A.S,2860000.0,2026-01-05T00:00:00,14:16:01,,bf709b02d3de50c43bd9f838077054bf10b59a74a604bc0fb67916a18bf01854aa6cda60b1f6788f6e57f0cad5cc22dd,01,SS-CUFE     ,1,true,,,
3,120246807,GH266466,901483168,GHG GLOBAL HEALTH GROUP S.A.S,901543761,EPS FAMILIAR DE COLOMBIA,23760.0,2026-01-03T00:00:00,09:01:46,,d9a33853b72f386b2aaba6bfe0136f9daab400c6a064949b66a232ca3591e984e1748400afd4846866e753f72448991a,01,SS-CUFE     ,1,true,,,
3,120246813,GH266469,901483168,GHG GLOBAL HEALTH GROUP S.A.S,901543761,EPS FAMILIAR DE COLOMBIA,93585.0,2026-01-03T00:00:00,09:01:50,,d3c027ebab629771d481ec3915a4b173b00a0018e8e8995c6f400b62e75fa6b6e53ea1a4816dc5052c5df8a4f0ad73e3,01,SS-CUFE     ,2,true,,,
3,120246816,E12960,900803163,AMBULANCIAS AB IPS S.A.S.,901543761,ENTIDAD PROMOTORA DE SALUD FAMILIAR DE COLOMBIA S.A.S,68000.0,2026-01-05T00:00:00,14:16:14,,cdd32c2123829c3eda461e6c8c095e6b0be8ef01bf6eda2f5cc241de3d7c0faca2787eeb73b0ec24f187f870874c6fc9,01,SS-CUFE     ,1,true,,,
3,120246828,GH266480,901483168,GHG GLOBAL HEALTH GROUP S.A.S,901543761,EPS FAMILIAR DE COLOMBIA,157896.0,2026-01-03T00:00:00,09:01:55,,6ff04eeda9bfa409e49334efa2b6fd2965f4ed024e480f51c7395af8d82aed83d7ccd422ca9b9a821559bbae719266ce,01,SS-CUFE     ,2,true,,,
3,120246829,E12961,900803163,AMBULANCIAS AB IPS S.A.S.,901543761,ENTIDAD PROMOTORA DE SALUD FAMILIAR DE COLOMBIA S.A.S,50000.0,2026-01-05T00:00:00,14:16:25,,de829960bd6981a82cfa942bc5bb1e3c4cc5fad6752bf67f0b21fb8e2f6e1d0c5174c28d11efedbfd6fb878739f34375,01,SS-CUFE     ,1,true,,,
3,120246832,GH266484,901483168,GHG GLOBAL HEALTH GROUP S.A.S,901543761,EPS FAMILIAR DE COLOMBIA,83257.0,2026-01-03T00:00:00,09:01:59,,5f876ec78ab7f596974803c982d1d52c0eda6517a961793bc9f66ee4fd46bd20d487130d9df20dd720b6179bff0c398f,01,SS-CUFE     ,2,true,,,
3,120246836,E12962,900803163,AMBULANCIAS AB IPS S.A.S.,901543761,ENTIDAD PROMOTORA DE SALUD FAMILIAR DE COLOMBIA S.A.S,4201600.0,2026-01-05T00:00:00,14:16:45,,78a502c7b8baa2781515dd2fc48049f0fa31150631610bb6bc84471079858e8061d2f3e91e7ee20bb14b1c91dc19f63a,01,SS-CUFE     ,1,true,,,
3,120246841,GH266487,901483168,GHG GLOBAL HEALTH GROUP S.A.S,901543761,EPS FAMILIAR DE COLOMBIA,16650.0,2026-01-03T00:00:00,09:01:03,,d27ae28162364fd6e8c46b7f03217642be36ecfb734be772751777feefd2633e8faed83817e6b184049318cb747632fd,01,SS-CUFE     ,1,true,,,
3,120246843,E12963,900803163,AMBULANCIAS AB IPS S.A.S.,901543761,ENTIDAD PROMOTORA DE SALUD FAMILIAR DE COLOMBIA S.A.S,80000.0,2026-01-05T00:00:00,14:16:58,,a2b8a7f7f014bef2c8ba997fa4f714560aeee6d2cc8e081128eff38e185a121bd2e9f3f7b38716963d4e2424e590a141,01,SS-CUFE     ,1,true,,,
3,120246844,GH266492,901483168,GHG GLOBAL HEALTH GROUP S.A.S,901543761,EPS FAMILIAR DE COLOMBIA,295860.0,2026-01-03T00:00:00,09:01:07,,a1ec0b0e9bba39f3564bbcd4efe4c22cb1083d510a172bdefcbce5ed159ac698fcb85fec8c8491f619dd5189698432b0,01,SS-CUFE     ,2,true,,,
3,120246851,GH266497,901483168,GHG GLOBAL HEALTH GROUP S.A.S,901543761,EPS FAMILIAR DE COLOMBIA,55530.0,2026-01-03T00:00:00,09:01:15,,632613a70d9008fe00b88f830af03e4a04c7466bd88ec4946b38062275a58ff4cb4fb7a160cdcc060e6aac216b17beb4,01,SS-CUFE     ,2,true,,,
3,120246859,GH266506,901483168,GHG GLOBAL HEALTH GROUP S.A.S,901543761,EPS FAMILIAR DE COLOMBIA,65680.0,2026-01-03T00:00:00,09:01:11,,50967323cd275086f498b84e7cd6c22e68a228ab6ce5b7652a71241fbf6f2aa7746b0aa29f296bd47b4915af0e939ad2,01,SS-CUFE     ,1,true,,,
3,120246871,GH266511,901483168,GHG GLOBAL HEALTH GROUP S.A.S,901543761,EPS FAMILIAR DE COLOMBIA,88200.0,2026-01-03T00:00:00,09:01:18,,dc29e6f6b3e3538a6f23a22eaeb13f9cfb001b017bde62049974c5432fed9f2db813d3c9e10d92b842a36aef5f97b82d,01,SS-CUFE     ,1,true,,,
3,120246875,GH266515,901483168,GHG GLOBAL HEALTH GROUP S.A.S,901543761,EPS FAMILIAR DE COLOMBIA,6818.0,2026-01-03T00:00:00,09:01:23,,95a944044bd083dccbd5fff0bddeeeb2216f133f85461be789c4c865c43725c066616292eb624083a50051beb27c4bff,01,SS-CUFE     ,1,true,,,
3,120246880,GH266523,901483168,GHG GLOBAL HEALTH GROUP S.A.S,901543761,EPS FAMILIAR DE COLOMBIA,23140.0,2026-01-03T00:00:00,09:01:26,,f6a14c5bc9c0d559884d7de0c8ccabf9168826b702517f6a8257e98156cf1a4f4e56fbd7c21237c76241b403fe3cc0af,01,SS-CUFE     ,1,true,,,
3,120246888,GH266529,901483168,GHG GLOBAL HEALTH GROUP S.A.S,901543761,EPS FAMILIAR DE COLOMBIA,106110.0,2026-01-03T00:00:00,09:01:31,,becb5710a37d0683379d31cf4587bb9baabf070c319d87a36770fccfca37c0fc536de510c8462c0a87dd6d061edcab6f,01,SS-CUFE     ,1,true,,,
3,120246896,GH266533,901483168,GHG GLOBAL HEALTH GROUP S.A.S,901543761,EPS FAMILIAR DE COLOMBIA,189450.0,2026-01-03T00:00:00,09:01:35,,d6b16327014ae63760edb189a4c1ff01ddb577f3c257df9a26ed7a6cb5633b3667c626286271854bcee90ce3c0faa4fe,01,SS-CUFE     ,1,true,,,
3,120246900,GH266542,901483168,GHG GLOBAL HEALTH GROUP S.A.S,901543761,EPS FAMILIAR DE COLOMBIA,42906.0,2026-01-03T00:00:00,09:01:39,,ab15bcb12ce2e5df8e6de95dc8e6292b6f3053f905fcf6350a94c7062e6735fec043b7edd15f7882a44893bcc4183e38,01,SS-CUFE     ,2,true,,,
3,120246905,GH266547,901483168,GHG GLOBAL HEALTH GROUP S.A.S,901543761,EPS FAMILIAR DE COLOMBIA,1725.0,2026-01-03T00:00:00,09:01:43,,bf0e7468ea72d7c07a1064a3465b330971900ced148262c3416b0078983f22c7bf2ba73271fd32a75f0a042c82fd68ac,01,SS-CUFE     ,1,true,,,
3,120246911,GH266552,901483168,GHG GLOBAL HEALTH GROUP S.A.S,901543761,EPS FAMILIAR DE COLOMBIA,93228.0,2026-01-03T00:00:00,09:01:46,,a1f5086386a6f73e6c50c94de338c0cd7fffe621f09e6f681c2a0accf90dc509e3e6c95509b5ea12a97fab7c67c147ae,01,SS-CUFE     ,1,true,,,
3,120246917,GH266559,901483168,GHG GLOBAL HEALTH GROUP S.A.S,901543761,EPS FAMILIAR DE COLOMBIA,20170.0,2026-01-03T00:00:00,09:01:55,,fa80b225ff8aae7ac68e916705fa043fe81cae208ee8519af72846896461fafbd49f860395f8bd48c6173544132a1a53,01,SS-CUFE     ,2,true,,,
3,120246923,GH266566,901483168,GHG GLOBAL HEALTH GROUP S.A.S,901543761,EPS FAMILIAR DE COLOMBIA,23760.0,2026-01-03T00:00:00,09:01:51,,97c3b5033728e0a91ca612f48c54d6b85452b6e6f1882fd7fcf323e3f12c7a9d955ae358be8c3355c9702616bc807a51,01,SS-CUFE     ,1,true,,,
3,120246929,GH266570,901483168,GHG GLOBAL HEALTH GROUP S.A.S,901543761,EPS FAMILIAR DE COLOMBIA,59976.0,2026-01-03T00:00:00,09:01:52,,edde5c06e67d73c7761ca13ffd5a0da44e9842ce9109a9a1ccf18c09ddec43a97186dc42f38f7dc37c3ada1a269b120e,01,SS-CUFE     ,1,true,,,
3,120246937,GH266575,901483168,GHG GLOBAL HEALTH GROUP S.A.S,901543761,EPS FAMILIAR DE COLOMBIA,34890.0,2026-01-03T00:00:00,09:01:56,,b99c207e87f904a04f56317d8e7c683b1146280b283b780cb12d5386d804fecf29f915509468eb479aa8cfa54849b416,01,SS-CUFE     ,1,true,,,
3,120246952,GH266581,901483168,GHG GLOBAL HEALTH GROUP S.A.S,901543761,EPS FAMILIAR DE COLOMBIA,87900.0,2026-01-03T00:00:00,09:01:00,,2807264fc4cb8a99f9ef5b1210f4e1129663ac27a3e2d64341015807b009ed57b05a80007715dfcf35de6aa85f2ee7c4,01,SS-CUFE     ,1,true,,,
3,120246956,GH266585,901483168,GHG GLOBAL HEALTH GROUP S.A.S,901543761,EPS FAMILIAR DE COLOMBIA,19710.0,2026-01-03T00:00:00,09:01:03,,9a88e69056c939b45ac6779caba932f4ad621cb24da4a1a1bd17c4d0da442e948796aac78269233b2256154c2a6863c1,01,SS-CUFE     ,1,true,,,
3,120246964,FSSC3576,901334785,SANAR Y CURAR IPS S.A.S,901543761,EPS FAMILIAR DE COLOMBIA S.A.S,2430000.0,2026-01-05T00:00:00,00:00:00,2026-02-04T00:00:00,27f5885aa6d002a3aeeb003d32b6a143324f9e9dd32d4f2e9a6fde14a8516027c8bd1ba580fb9334468fdb278c216071,01,SS-CUFE     ,1,true,,,
3,120246966,GH266590,901483168,GHG GLOBAL HEALTH GROUP S.A.S,901543761,EPS FAMILIAR DE COLOMBIA,121041.0,2026-01-03T00:00:00,09:01:08,,e8445ba622f4bdbf67589ac04640789aa7800c31993f27379b610b19e53e4d2e8584f42c33eca88aa9a304298f96f770,01,SS-CUFE     ,2,true,,,
3,120246978,GH266600,901483168,GHG GLOBAL HEALTH GROUP S.A.S,901543761,EPS FAMILIAR DE COLOMBIA,258610.0,2026-01-03T00:00:00,09:01:12,,cd886b8978ce87c3fda523c62a40fce93c6388f8c14e7540037b1132caa2b42a5e20bf8cb80e28230c79c681f610903f,01,SS-CUFE     ,3,true,,,
3,120246988,GH266606,901483168,GHG GLOBAL HEALTH GROUP S.A.S,901543761,EPS FAMILIAR DE COLOMBIA,11630.0,2026-01-03T00:00:00,09:01:41,,10c553458d8a298e1b34c0368f7a91d3e1f24fcf7a82be23a3a381d7937f7a52423007598dee5add41293f959e47e1d4,01,SS-CUFE     ,1,true,,,
3,120246998,GH266612,901483168,GHG GLOBAL HEALTH GROUP S.A.S,901543761,EPS FAMILIAR DE COLOMBIA,191940.0,2026-01-03T00:00:00,09:01:45,,1b48d604bba57c0133559bb9dd8e60a9f3cb2fe2c08cc3700638bd32490bba2238377eca589a1e7d074de92c113555a4,01,SS-CUFE     ,4,true,,,
3,120247007,GH266617,901483168,GHG GLOBAL HEALTH GROUP S.A.S,901543761,EPS FAMILIAR DE COLOMBIA,36250.0,2026-01-03T00:00:00,09:01:49,,19f0c55f54d93709377d79d79c489708d15c0adbc32b0f1d0fc7cbbbc8c0ea0cbed6a399dcdb90041524f3ba147c58f1,01,SS-CUFE     ,2,true,,,
3,120247017,GH266621,901483168,GHG GLOBAL HEALTH GROUP S.A.S,901543761,EPS FAMILIAR DE COLOMBIA,104572.0,2026-01-03T00:00:00,09:01:57,,57612023fb1b6529fec6d6b89e544e203146b2d2124c823346b0ad9da5d64eb74b4c52b858e2b0b92df6793d627791f7,01,SS-CUFE     ,2,true,,,
3,120247028,GH266625,901483168,GHG GLOBAL HEALTH GROUP S.A.S,901543761,EPS FAMILIAR DE COLOMBIA,41343.0,2026-01-03T00:00:00,09:01:26,,62e656148189e1a9d64e0fc03c304385d9dba4dbc15107933ea9bc0621554efa899accbbf5d17644b9c3493a5411e0cb,01,SS-CUFE     ,1,true,,,
3,120247031,GH266630,901483168,GHG GLOBAL HEALTH GROUP S.A.S,901543761,EPS FAMILIAR DE COLOMBIA,9568.0,2026-01-03T00:00:00,09:01:29,,03574635a843049fd8a8f916f63a04498666e1529647abc48415abdf7d2de86ee6d63f12c5830bf8b8c307be1607b5ce,01,SS-CUFE     ,1,true,,,
3,120247038,GH266640,901483168,GHG GLOBAL HEALTH GROUP S.A.S,901543761,EPS FAMILIAR DE COLOMBIA,357930.0,2026-01-03T00:00:00,09:01:34,,a1a14a3648543c6bca9c3ff3ba3523b79925d68543f7fa52ffc6003a9ee6c5ad43e7dd35950085240c7151b525f5472c,01,SS-CUFE     ,2,true,,,
3,120247048,GH266648,901483168,GHG GLOBAL HEALTH GROUP S.A.S,901543761,EPS FAMILIAR DE COLOMBIA,264600.0,2026-01-03T00:00:00,09:01:31,,efda5db9349facb2c289c014338c76106c0ffdafc6aae0fc7d6fe81647fe650ea6bd4de65e2bd879428502682f8680f8,01,SS-CUFE     ,1,true,,,
3,120247056,GH266653,901483168,GHG GLOBAL HEALTH GROUP S.A.S,901543761,EPS FAMILIAR DE COLOMBIA,30554.0,2026-01-03T00:00:00,09:01:35,,b27ec2d6a99eae9e63e20183e39cc389d4dba7f9530d36123602a647af294ed59729e905d9ead42fe6db1c2e365f3c27,01,SS-CUFE     ,2,true,,,
3,120247070,GH266657,901483168,GHG GLOBAL HEALTH GROUP S.A.S,901543761,EPS FAMILIAR DE COLOMBIA,71190.0,2026-01-03T00:00:00,09:01:39,,3ab05ddbd98ad1b149ab127f23773c3d50ce1c2076df2b34cad1e136a3d30adb68de1119e7bdee1d8e5b651abeae3caa,01,SS-CUFE     ,1,true,,,
3,120247082,GH266661,901483168,GHG GLOBAL HEALTH GROUP S.A.S,901543761,EPS FAMILIAR DE COLOMBIA,11630.0,2026-01-03T00:00:00,09:01:43,,6f70be934d0822bc79b46c08866820ad7a0310587a5955fd758ab862cb78f3ccc0b42bb0ba2de366246ea1000f16b851,01,SS-CUFE     ,1,true,,,
3,120247088,GH266667,901483168,GHG GLOBAL HEALTH GROUP S.A.S,901543761,EPS FAMILIAR DE COLOMBIA,50618.0,2026-01-03T00:00:00,09:01:47,,9c8c85c0f16802dd4a3e14009cee471bcf4548a2aefdd5486961ae9239b5a61f0e6ffd47dfbee005285c2d36caf11798,01,SS-CUFE     ,3,true,,,
3,120247099,GH266673,901483168,GHG GLOBAL HEALTH GROUP S.A.S,901543761,EPS FAMILIAR DE COLOMBIA,24780.0,2026-01-03T00:00:00,10:01:23,,574e3ce7c64c3807906f7d7d924847fd1f456e2a385b87ccdf72b8df26b3bfb72480a28badab7c061d34363c6f749bc8,01,SS-CUFE     ,1,true,,,
3,120247108,GH266689,901483168,GHG GLOBAL HEALTH GROUP S.A.S,901543761,EPS FAMILIAR DE COLOMBIA,8946.0,2026-01-03T00:00:00,10:01:27,,2440ff2165133b20495fbf621f450bc4a7daf57a0bae4558fb204f7a1bdfd17542a22f3482049972db9595d17a29bed6,01,SS-CUFE     ,1,true,,,
3,120247119,GH266697,901483168,GHG GLOBAL HEALTH GROUP S.A.S,901543761,EPS FAMILIAR DE COLOMBIA,59090.0,2026-01-03T00:00:00,10:01:31,,8f94b1e6745c5a729f6a35bcc1609d4dd9d3d434a2fae842b6d2d733d3b07025a43437cc0566635a6a0c9e6d34e896e4,01,SS-CUFE     ,1,true,,,
3,120247127,GH266713,901483168,GHG GLOBAL HEALTH GROUP S.A.S,901543761,EPS FAMILIAR DE COLOMBIA,162582.0,2026-01-03T00:00:00,10:01:34,,ace909a1bae046f2997c351b07b0259a08dab89c3c72d228080cfcf76fb2722e44d40f5ed5f402b60ede1f90d07aee9d,01,SS-CUFE     ,1,true,,,
3,120247140,GH266716,901483168,GHG GLOBAL HEALTH GROUP S.A.S,901543761,EPS FAMILIAR DE COLOMBIA,97410.0,2026-01-03T00:00:00,10:01:38,,82cf02214889dc045ff5de88c5d618cfb0c6e3f05a1654b1ce0bdbdebdf51a7da6fb8908c6da3a122bd6da84d4d88552,01,SS-CUFE     ,1,true,,,
3,120247150,GH266721,901483168,GHG GLOBAL HEALTH GROUP S.A.S,901543761,EPS FAMILIAR DE COLOMBIA,35454.0,2026-01-03T00:00:00,10:01:43,,3d758a1114a8b6e03ecd6e2ab7ff9fbbb4f0641f1b4a180939bf89341648e5e4531739483d17643822121a68e5e30be3,01,SS-CUFE     ,1,true,,,
3,120247160,GH266725,901483168,GHG GLOBAL HEALTH GROUP S.A.S,901543761,EPS FAMILIAR DE COLOMBIA,218160.0,2026-01-03T00:00:00,10:01:48,,fd3d4d14b6248a63e06bfeee2efaa50a943a9cea6d050b659adc9286caac2ddce38628501943d787ffc583e683c91447,01,SS-CUFE     ,1,true,,,
3,120247171,GH266741,901483168,GHG GLOBAL HEALTH GROUP S.A.S,901543761,EPS FAMILIAR DE COLOMBIA,79242.0,2026-01-03T00:00:00,10:01:51,,f68bf2bd0133c85c2a14e7712525ee4a91dfead14fd1fbf01870176e5d4383d3aba4ef0348302af13aa1656bd4e1016d,01,SS-CUFE     ,3,true,,,
3,120247178,GH266747,901483168,GHG GLOBAL HEALTH GROUP S.A.S,901543761,EPS FAMILIAR DE COLOMBIA,141148.0,2026-01-03T00:00:00,10:01:55,,45644e3df443623c1ad49cbc72983e4a548e4f4632400e50732597ebfe2c2c707b2832b58368f5e0ddf1b8f5394b9fba,01,SS-CUFE     ,1,true,,,
3,120247184,FSSC3577,901334785,SANAR Y CURAR IPS S.A.S,901543761,EPS FAMILIAR DE COLOMBIA S.A.S,2430000.0,2026-01-05T00:00:00,00:00:00,2026-02-04T00:00:00,ba11299999755da12630adcb91abc631f8c719809d4f4dfa63a83b01b52be6554f116c4e60993c8427b72dcac2322a7d,01,SS-CUFE     ,1,true,,,
3,120247187,GH266754,901483168,GHG GLOBAL HEALTH GROUP S.A.S,901543761,EPS FAMILIAR DE COLOMBIA,107758.0,2026-01-03T00:00:00,10:01:59,,6109fd2b5eeae47613cb1693b4fec2893617e781bd07786a48a7412f8b44f4e9f855d2f9a5620dc43789d2d58b5cbbb3,01,SS-CUFE     ,2,true,,,
3,120247195,GH266761,901483168,GHG GLOBAL HEALTH GROUP S.A.S,901543761,EPS FAMILIAR DE COLOMBIA,71190.0,2026-01-03T00:00:00,10:01:03,,df74f9bb1a33a79cad54010ee456efcb1f76ddd6cfb7f96be49293ca5581940b230f71cbc6d0a90a5356887754eee439,01,SS-CUFE     ,1,true,,,
3,120247206,GH266768,901483168,GHG GLOBAL HEALTH GROUP S.A.S,901543761,EPS FAMILIAR DE COLOMBIA,59090.0,2026-01-03T00:00:00,10:01:07,,976e2295d9c10cd2ae7954a57bb7d085fe4df130fe760d724e80543100e9166ab4983475ea777da5911b26883854f9ef,01,SS-CUFE     ,1,true,,,
3,120247213,GH266772,901483168,GHG GLOBAL HEALTH GROUP S.A.S,901543761,EPS FAMILIAR DE COLOMBIA,71190.0,2026-01-03T00:00:00,10:01:23,,79d69ad865d3604fcc9622348216f3a2c7af7e49cfd31c62801f7eee836efd4ba3507d6bf58f531e68a3ae1ac711ee2d,01,SS-CUFE     ,1,true,,,
3,120247221,GH266783,901483168,GHG GLOBAL HEALTH GROUP S.A.S,901543761,EPS FAMILIAR DE COLOMBIA,83257.0,2026-01-03T00:00:00,10:01:46,,8ab2cb20a41f71043ae00fc617386370bfdeb2c25501e119efc6b97dcb6d031e69cfaca36ea9ce3ede45474574a14486,01,SS-CUFE     ,2,true,,,
3,120247234,GH266787,901483168,GHG GLOBAL HEALTH GROUP S.A.S,901543761,EPS FAMILIAR DE COLOMBIA,65680.0,2026-01-03T00:00:00,10:01:50,,f43229df8469c03c92eb7799141b6d9975911ca7d42e4729375024de3d7e66ea5eb360b5a0bbf3a36294deaa7fb513d8,01,SS-CUFE     ,1,true,,,
3,120247242,GH266792,901483168,GHG GLOBAL HEALTH GROUP S.A.S,901543761,EPS FAMILIAR DE COLOMBIA,121041.0,2026-01-03T00:00:00,10:01:54,,9b8d5240c06b6de595f031c699211c9d9aa68439e99675f4eb039cdb0dde8ce95b4f732448abbf88859ca9371237a223,01,SS-CUFE     ,2,true,,,
3,120247252,GH266797,901483168,GHG GLOBAL HEALTH GROUP S.A.S,901543761,EPS FAMILIAR DE COLOMBIA,78038.0,2026-01-03T00:00:00,10:01:58,,9755d5e0afafe8a779af5acae425338c684d14b4d7bf7999e9d1025c2456021be30186e38defc79accaf13d89b657f55,01,SS-CUFE     ,1,true,,,
3,120247263,GH266802,901483168,GHG GLOBAL HEALTH GROUP S.A.S,901543761,EPS FAMILIAR DE COLOMBIA,99029.0,2026-01-03T00:00:00,10:01:02,,cfb23222939688f4abdf4419a4105889689c8a3caea4d20921791e4596072369fdcce9b101bd0c3a667b8aed765d24f0,01,SS-CUFE     ,1,true,,,
3,120247272,GH266806,901483168,GHG GLOBAL HEALTH GROUP S.A.S,901543761,EPS FAMILIAR DE COLOMBIA,89980.0,2026-01-03T00:00:00,10:01:07,,7a976cc43eded7bc06d74287a176da2681e9165fdccc2cc49c57c05b317b3af558d75872bf322ba59a2bffb7a7696781,01,SS-CUFE     ,1,true,,,
3,120247284,GH266811,901483168,GHG GLOBAL HEALTH GROUP S.A.S,901543761,EPS FAMILIAR DE COLOMBIA,104814.0,2026-01-03T00:00:00,10:01:11,,eb31abf3e2affd2e95465129df299d095bdb48c01a96dfc3f7009c3871fb2fb909934bf4ce69b42feb7affd2481cad74,01,SS-CUFE     ,1,true,,,
3,120247295,GH266817,901483168,GHG GLOBAL HEALTH GROUP S.A.S,901543761,EPS FAMILIAR DE COLOMBIA,35454.0,2026-01-03T00:00:00,10:01:14,,12a970baad9a983199331e234af434525290c5ff7ad268dc6181f68a11363cad711dbacb079e0646892e7270fdc6f74f,01,SS-CUFE     ,1,true,,,
3,120247304,GH266823,901483168,GHG GLOBAL HEALTH GROUP S.A.S,901543761,EPS FAMILIAR DE COLOMBIA,95550.0,2026-01-03T00:00:00,10:01:19,,a04709ef3d6f3dca129ae6950ab1ea7994bc054f2acf31c0dac8a5fde00b41ba8f30d8f27481c566533e86691113f22f,01,SS-CUFE     ,2,true,,,
3,120247314,GH266829,901483168,GHG GLOBAL HEALTH GROUP S.A.S,901543761,EPS FAMILIAR DE COLOMBIA,30270.0,2026-01-03T00:00:00,10:01:23,,500dc4b474d8faf4caaf5d97e0e0965b1155c1096117f0850f4410558dfaaa83ec664089128138e357342f1c84631940,01,SS-CUFE     ,1,true,,,
3,120247325,GH266835,901483168,GHG GLOBAL HEALTH GROUP S.A.S,901543761,EPS FAMILIAR DE COLOMBIA,48000.0,2026-01-03T00:00:00,10:01:27,,872e8e168f79cfa5f9253088cab6802fccff3bd12d1cd42fb800d9e28bc971bd0d632c811d9ca3974867eae658486dd2,01,SS-CUFE     ,1,true,,,
3,120247336,GH266842,901483168,GHG GLOBAL HEALTH GROUP S.A.S,901543761,EPS FAMILIAR DE COLOMBIA,41343.0,2026-01-03T00:00:00,10:01:35,,b33180ab5a69144ad0b2db143af49749a58613e58786943e9da76e82a1d19c4dc38d1a4eb299d357461f8c2f1d7b55b3,01,SS-CUFE     ,1,true,,,
3,120247345,GH266851,901483168,GHG GLOBAL HEALTH GROUP S.A.S,901543761,EPS FAMILIAR DE COLOMBIA,124850.0,2026-01-03T00:00:00,10:01:52,,75712451e835f6ed0a1f340553d43fbe55ff6b47986db5d6fe4b421d6af562fe0943f5f643a04d9cefd8588e06387ac8,01,SS-CUFE     ,1,true,,,
3,120247354,GH266854,901483168,GHG GLOBAL HEALTH GROUP S.A.S,901543761,EPS FAMILIAR DE COLOMBIA,167734.0,2026-01-03T00:00:00,10:01:56,,bfde48d261a145da365b130892a7f9667ce80c0539cbf3d06eb44f14539cb00269263f332c5917c0a862527ef19d1805,01,SS-CUFE     ,3,true,,,
3,120247364,GH266860,901483168,GHG GLOBAL HEALTH GROUP S.A.S,901543761,EPS FAMILIAR DE COLOMBIA,21204.0,2026-01-03T00:00:00,10:01:00,,ed35150bf025e8b6dae799e7214512f30bd716f365c94fb2f4d8b0884ae7c09ed33f4e8a01796e1f0de98db1334fe85b,01,SS-CUFE     ,1,true,,,
3,120247374,GH266872,901483168,GHG GLOBAL HEALTH GROUP S.A.S,901543761,EPS FAMILIAR DE COLOMBIA,319187.0,2026-01-03T00:00:00,10:01:05,,4b15653034d13b63ace837aa9ff6559d15e9b10294b27ba97e149f1ddf674c2ae2aa6b38add4a8021bb05f5c49ffdc7a,01,SS-CUFE     ,2,true,,,
3,120247388,GH266876,901483168,GHG GLOBAL HEALTH GROUP S.A.S,901543761,EPS FAMILIAR DE COLOMBIA,18742.0,2026-01-03T00:00:00,10:01:09,,a223ddb856d1528164559a1c38731b807e52b73dd46ae5fe9a2f0d2a0586f7484fb9af60e795fd238d013aa331af7e61,01,SS-CUFE     ,1,true,,,
3,120247391,GH266887,901483168,GHG GLOBAL HEALTH GROUP S.A.S,901543761,EPS FAMILIAR DE COLOMBIA,59976.0,2026-01-03T00:00:00,10:01:13,,86e5d3e437c8dd3b7ccd6663394a16b246f53d16a37db0c101ba9a6454877ad4925adc97bbfa01820b4d0f28bdd9acc8,01,SS-CUFE     ,1,true,,,
3,120247402,GH266892,901483168,GHG GLOBAL HEALTH GROUP S.A.S,901543761,EPS FAMILIAR DE COLOMBIA,18540.0,2026-01-03T00:00:00,10:01:16,,bb4326ecb68213a1a4ad8f785304744dafb5c5dcf57069b58a975fa7e856a1105714a40ba685065823b0f0e70c9a025a,01,SS-CUFE     ,1,true,,,
3,120247409,FSSC3578,901334785,SANAR Y CURAR IPS S.A.S,901543761,EPS FAMILIAR DE COLOMBIA S.A.S,2430000.0,2026-01-05T00:00:00,00:00:00,2026-02-04T00:00:00,a50eb0184f8b282626f25943eb672722eab582e44aa2c7bf4d795a90994403ba3ab585c6e146bf3e798fc2e4f17235df,01,SS-CUFE     ,1,true,,,
3,120247412,GH266916,901483168,GHG GLOBAL HEALTH GROUP S.A.S,901543761,EPS FAMILIAR DE COLOMBIA,29300.0,2026-01-03T00:00:00,10:01:47,,108214f4bb0838eec42d5ec6b9d45f3131484c6cba02be933e87d6ab9785f3c02b2d54ad7ffa3eb53c8537e97b9a5227,01,SS-CUFE     ,1,true,,,
3,120247415,GH266920,901483168,GHG GLOBAL HEALTH GROUP S.A.S,901543761,EPS FAMILIAR DE COLOMBIA,101319.0,2026-01-03T00:00:00,10:01:42,,bffc36a38a9f67b574768f5227db305e6d3ad963b40c40d9adeb3e86126ddfa1a8ae5b37106f2c5795eb3496519ccad3,01,SS-CUFE     ,2,true,,,
3,120247612,FSSC3580,901334785,SANAR Y CURAR IPS S.A.S,901543761,EPS FAMILIAR DE COLOMBIA S.A.S,2430000.0,2026-01-05T00:00:00,00:00:00,2026-02-04T00:00:00,d34de3a83bcf9c1561efd333d062eb719ba1dbd8b82c2756d32b3caf388f8d1a51acd80c2a6e7aa6d462ab29a00344fa,01,SS-CUFE     ,1,true,,,
3,120247727,FSSC3581,901334785,SANAR Y CURAR IPS S.A.S,901543761,EPS FAMILIAR DE COLOMBIA S.A.S,2430000.0,2026-01-05T00:00:00,00:00:00,2026-02-04T00:00:00,e541423d17ee5854038a5e36c888b3c7fffeb56034512bf2c16b941205fde927c3928333187d8ba987c6c19df3805701,01,SS-CUFE     ,1,true,,,
3,120247829,FSSC3582,901334785,SANAR Y CURAR IPS S.A.S,901543761,EPS FAMILIAR DE COLOMBIA S.A.S,2430000.0,2026-01-05T00:00:00,00:00:00,2026-02-04T00:00:00,f89edf0abb9629b53bacb77cf3c4a4cf0c7dcda99e3d72bbc1bed3162dfb9f876c11945bce5164539a3bc1c3e042f9f3,01,SS-CUFE     ,1,true,,,
3,120247963,FSSC3583,901334785,SANAR Y CURAR IPS S.A.S,901543761,EPS FAMILIAR DE COLOMBIA S.A.S,2430000.0,2026-01-05T00:00:00,00:00:00,2026-02-04T00:00:00,5cab062fada6448da5bb5c60a6002039681bc66f21e5d9ebd4c6f37d988b0cc9b686b10e77ba06b1b988a31d15340e72,01,SS-CUFE     ,1,true,,,
3,120248122,FSSC3584,901334785,SANAR Y CURAR IPS S.A.S,901543761,EPS FAMILIAR DE COLOMBIA S.A.S,2430000.0,2026-01-05T00:00:00,00:00:00,2026-02-04T00:00:00,c1a501d32654a0a12887775c9011ec989e2ef69cf2204271101fd739a8cd094fde0872adb393100ddb4cba559b9eef2e,01,SS-CUFE     ,1,true,,,
3,120248261,FSSC3585,901334785,SANAR Y CURAR IPS S.A.S,901543761,EPS FAMILIAR DE COLOMBIA S.A.S,2430000.0,2026-01-05T00:00:00,00:00:00,2026-02-04T00:00:00,87a439775f9f012235004ab4ee0297769594bff0e5ac6894e9351a363242a5fe218601cf89e120e631c0c1bd2f69cede,01,SS-CUFE     ,1,true,,,
3,120248395,FSSC3586,901334785,SANAR Y CURAR IPS S.A.S,901543761,EPS FAMILIAR DE COLOMBIA S.A.S,2430000.0,2026-01-05T00:00:00,00:00:00,2026-02-04T00:00:00,23acf9b86326662b070df5145f0e21a6785ca9a6ec0c386e5305c799edcd70f8e0a3d510859bfd93469c2bb1c52cda46,01,SS-CUFE     ,1,true,,,
3,120248525,FSSC3587,901334785,SANAR Y CURAR IPS S.A.S,901543761,EPS FAMILIAR DE COLOMBIA S.A.S,2430000.0,2026-01-05T00:00:00,00:00:00,2026-02-04T00:00:00,9b968732649108d1383a7c2326c095bb1200d31ac8709f55efdd97ea292f4d5d5f735502d9e108fb77786dff3acc09e6,01,SS-CUFE     ,1,true,,,
3,120248701,FSSC3588,901334785,SANAR Y CURAR IPS S.A.S,901543761,EPS FAMILIAR DE COLOMBIA S.A.S,2430000.0,2026-01-05T00:00:00,00:00:00,2026-02-04T00:00:00,abbc9584073d6dc3a92545e8741925f33bfc1276b5d3fcc6ea3987f21c1c2cf61e081f014a9995b5cc10dde5dee2851a,01,SS-CUFE     ,1,true,,,
3,120248874,FSSC3589,901334785,SANAR Y CURAR IPS S.A.S,901543761,EPS FAMILIAR DE COLOMBIA S.A.S,2430000.0,2026-01-05T00:00:00,00:00:00,2026-02-04T00:00:00,9ffb2812802ac01dddcb2769d452f4efcb577c605323544679467e22d6d9dd8141e184f2c93bd48ae5c8b1ed64ef6854,01,SS-CUFE     ,1,true,,,
3,120249035,FSSC3590,901334785,SANAR Y CURAR IPS S.A.S,901543761,EPS FAMILIAR DE COLOMBIA S.A.S,2430000.0,2026-01-05T00:00:00,00:00:00,2026-02-04T00:00:00,0117a997a949df63d8f7d58ec7c619dc00e4456bd11f5dd32997e4643286a55e6f20ba0c7cef833d57d3879a2bac1098,01,SS-CUFE     ,1,true,,,
3,120249145,FSSC3591,901334785,SANAR Y CURAR IPS S.A.S,901543761,EPS FAMILIAR DE COLOMBIA S.A.S,2430000.0,2026-01-05T00:00:00,00:00:00,2026-02-04T00:00:00,09294ed5777684c849c3bc3baa03a8a7230f44f02a375e7209cbfdca885c2ffd450daeebb1290efb4238b1bf9b736522,01,SS-CUFE     ,1,true,,,
3,120249226,FSSC3592,901334785,SANAR Y CURAR IPS S.A.S,901543761,EPS FAMILIAR DE COLOMBIA S.A.S,2430000.0,2026-01-05T00:00:00,00:00:00,2026-02-04T00:00:00,5328e4c6015f4ffdd63ae81ba4ac723d3a76ac6c15aa02b3a549ee403dbf40a1fdce159c409ffe2d045125b26f56ad77,01,SS-CUFE     ,1,true,,,
3,120249331,FSSC3593,901334785,SANAR Y CURAR IPS S.A.S,901543761,EPS FAMILIAR DE COLOMBIA S.A.S,2430000.0,2026-01-05T00:00:00,00:00:00,2026-02-04T00:00:00,be2687822eac2ca368ea89dfeb1c4b26e4d9433b52723fbdf0bd5d7780df83e6bebaca7940ae81e4e88c87d1c4931d60,01,SS-CUFE     ,1,true,,,
3,120249418,FSSC3594,901334785,SANAR Y CURAR IPS S.A.S,901543761,EPS FAMILIAR DE COLOMBIA S.A.S,2430000.0,2026-01-05T00:00:00,00:00:00,2026-02-04T00:00:00,0b538795c01ce6addefca03ca99a5c0bd7df9868fddb3c3a870aa476260cd8eac939aaa8f5fd6463d2b040314c9692cc,01,SS-CUFE     ,1,true,,,
3,120249542,FSSC3595,901334785,SANAR Y CURAR IPS S.A.S,901543761,EPS FAMILIAR DE COLOMBIA S.A.S,2430000.0,2026-01-05T00:00:00,00:00:00,2026-02-04T00:00:00,34e83415e170a54f23099d43529af5c200afdf9e82acb365df4dbbf036478ca018a7025edc65fdd930c8533be577f07a,01,SS-CUFE     ,1,true,,,
3,120249694,FSSC3596,901334785,SANAR Y CURAR IPS S.A.S,901543761,EPS FAMILIAR DE COLOMBIA S.A.S,2430000.0,2026-01-05T00:00:00,00:00:00,2026-02-04T00:00:00,ea314854eb2add2bbcf7b7e2815202c690081680d689fbbd03174d454fabf0735f5c88a4b3068d3bb526d9da257cf588,01,SS-CUFE     ,1,true,,,
3,120249910,FSSC3597,901334785,SANAR Y CURAR IPS S.A.S,901543761,EPS FAMILIAR DE COLOMBIA S.A.S,2650000.0,2026-01-05T00:00:00,00:00:00,2026-02-04T00:00:00,923782ee8bb1f914de2f84edc42bba4e324288c846c5ef82b277a1bca222aa8591c6bd4594b7aecdddf79d4a80afb244,01,SS-CUFE     ,1,true,,,
3,120250218,FSSC3598,901334785,SANAR Y CURAR IPS S.A.S,901543761,EPS FAMILIAR DE COLOMBIA S.A.S,2650000.0,2026-01-05T00:00:00,00:00:00,2026-02-04T00:00:00,4608f5d9a4899401374c24d0607e2531493c314c95ed953ee770a6995380626bd78034bd8980e98bc81142e81495c52f,01,SS-CUFE     ,1,true,,,
3,120250576,FSSC3599,901334785,SANAR Y CURAR IPS S.A.S,901543761,EPS FAMILIAR DE COLOMBIA S.A.S,2650000.0,2026-01-05T00:00:00,00:00:00,2026-02-04T00:00:00,410a9424de888b63d70c62897304ae53297ae82d2be20147cae80d8022658000a1ed967ec2872fab47c269fff1691df9,01,SS-CUFE     ,1,true,,,
3,120250741,FSSC3600,901334785,SANAR Y CURAR IPS S.A.S,901543761,EPS FAMILIAR DE COLOMBIA S.A.S,2650000.0,2026-01-05T00:00:00,00:00:00,2026-02-04T00:00:00,ed0d12a6f3ed670a00f25996c8a1d67e90930b5a93329ca4889824db0fc242c47124f0d2fe5a75e698d657778db4afd2,01,SS-CUFE     ,1,true,,,
3,120250753,SFC83238,806013287,SERVICIOS FONOAUDIOLOGICOS DEL CARIBE S.A.S.,901543761,EPS FAMILIAR DE COLOMBIA S.A.S,130000.0,2025-12-24T00:00:00,00:00:00,,ca8b0764ce596c897c202dfa0a8e4c17660c317a5e81a45024ac2e709c83331b4761710526cf3a694f2fb3a98c6cf683,01,SS-CUFE     ,1,true,,,
3,120250762,SFC82878,806013287,SERVICIOS FONOAUDIOLOGICOS DEL CARIBE S.A.S.,901543761,EPS FAMILIAR DE COLOMBIA S.A.S,40000.0,2025-12-22T00:00:00,00:00:00,,390e979091ffd349448b103db3689fb25d2dd9873b88f9cd6ccdf818b442b77dc85f84e91cb0f4a278a675e6aecfc8da,01,SS-CUFE     ,1,true,,,
3,120250764,SFC83672,806013287,SERVICIOS FONOAUDIOLOGICOS DEL CARIBE S.A.S.,901543761,EPS FAMILIAR DE COLOMBIA S.A.S,160000.0,2026-01-05T00:00:00,00:00:00,,748b31c6cfe57387a6fc80c87e7d91fe4eaa1eb20f34ed95135c481306886d96b19649ce8c61659e514a032c23f4b41a,01,SS-CUFE     ,8,true,,,
3,120250765,SFC83427,806013287,SERVICIOS FONOAUDIOLOGICOS DEL CARIBE S.A.S.,901543761,EPS FAMILIAR DE COLOMBIA S.A.S,118000.0,2025-12-27T00:00:00,00:00:00,,5662f926b211f4b9c3c4dbbe347e2a3683e6203635b7db53a9e0018cb20464c78382d3e4a40a3b26b550597fcc9ef6b6,01,SS-CUFE     ,3,true,,,
3,120250945,INCA242909,823002227,INSTITUTO DE CANCEROLOGIA DE SUCRE S.A.S,901543761,EPS FAMILIAR DE COLOMBIA S.A.S,76950.0,2026-01-05T00:00:00,14:50:53,,dee3fcc049e3cb194a8bbd0c2f88bbc24031a34526235d7ec127a0931d1b00667b04666597e188486c7f1975fc569e31,01,SS-CUFE     ,1,true,,,
3,120251132,FSSC3601,901334785,SANAR Y CURAR IPS S.A.S,901543761,EPS FAMILIAR DE COLOMBIA S.A.S,2650000.0,2026-01-05T00:00:00,00:00:00,2026-02-04T00:00:00,d2c858ee72ebe92c5f6dd8fa9fb2b207ea13d044ce2c41ef8cbcd87b9f4589072b7e55eb557ced9db09235e3fa016bda,01,SS-CUFE     ,1,true,,,
3,120251352,FSSC3602,901334785,SANAR Y CURAR IPS S.A.S,901543761,EPS FAMILIAR DE COLOMBIA S.A.S,2650000.0,2026-01-05T00:00:00,00:00:00,2026-02-04T00:00:00,27363fdfad45486e05abed5de86eafc67081b170976dfa3a5ae04ceb43b17925e869f5c2e9cd0fdc5c566e6639b1c809,01,SS-CUFE     ,1,true,,,
3,120251491,FSSC3603,901334785,SANAR Y CURAR IPS S.A.S,901543761,EPS FAMILIAR DE COLOMBIA S.A.S,2650000.0,2026-01-05T00:00:00,00:00:00,2026-02-04T00:00:00,70ab7db2fda05709240d18af9efc33cb95232ae26bb04eac86967a095e1f83f164e2b9c8fe47876934071c894ac22465,01,SS-CUFE     ,1,true,,,
3,120251699,FSSC3604,901334785,SANAR Y CURAR IPS S.A.S,901543761,EPS FAMILIAR DE COLOMBIA S.A.S,2650000.0,2026-01-05T00:00:00,00:00:00,2026-02-04T00:00:00,0dfd8fc9f02fe78b4ae2aae3248d93eec90dac1d0044b365b2f1065afa1a0bca814c509f25fbcc445dc627e5b60e7c0e,01,SS-CUFE     ,1,true,,,
3,120251867,FSSC3605,901334785,SANAR Y CURAR IPS S.A.S,901543761,EPS FAMILIAR DE COLOMBIA S.A.S,2650000.0,2026-01-05T00:00:00,00:00:00,2026-02-04T00:00:00,e52434388f76cc8f35e97e144784895c5bd0d75ba8cc6d34ca580372270ff79f0f45b69d70e66214ea7a66f5503fdb9b,01,SS-CUFE     ,1,true,,,
3,120252043,FSSC3606,901334785,SANAR Y CURAR IPS S.A.S,901543761,EPS FAMILIAR DE COLOMBIA S.A.S,2650000.0,2026-01-05T00:00:00,00:00:00,2026-02-04T00:00:00,fd959ce005ce36a9cee0ee68e384b0f364d4f802b69b456d4a051012fabb382d2c91888007c1c1139221ed4a21eebe95,01,SS-CUFE     ,1,true,,,
3,120252181,FSSC3607,901334785,SANAR Y CURAR IPS S.A.S,901543761,EPS FAMILIAR DE COLOMBIA S.A.S,1223076.0,2026-01-05T00:00:00,00:00:00,2026-02-04T00:00:00,2141ce291ca99aacb87d1bc71bff7420989f922d247084430ff326f3971e4347c49d855b836417f27842572d8a737e64,01,SS-CUFE     ,1,true,,,
3,120252309,FSSC3608,901334785,SANAR Y CURAR IPS S.A.S,901543761,EPS FAMILIAR DE COLOMBIA S.A.S,2650000.0,2026-01-05T00:00:00,00:00:00,2026-02-04T00:00:00,d7cc2b72562f841737fd3950a4d8a92aab5624b2cc075b19acd8c65ee84b2cc7212d234a5ce10a6a867e5ea9f37b895d,01,SS-CUFE     ,1,true,,,
3,120252430,FSSC3609,901334785,SANAR Y CURAR IPS S.A.S,901543761,EPS FAMILIAR DE COLOMBIA S.A.S,2650000.0,2026-01-05T00:00:00,00:00:00,2026-02-04T00:00:00,2021265b714a95abf5188cea3f7f6cd8a0c73e97c7391788ae3883de8c4f2ca75658fab9d8b82fcaeff29803ac3ea0c9,01,SS-CUFE     ,1,true,,,
3,120252610,FSSC3610,901334785,SANAR Y CURAR IPS S.A.S,901543761,EPS FAMILIAR DE COLOMBIA S.A.S,2650000.0,2026-01-05T00:00:00,00:00:00,2026-02-04T00:00:00,93603991cbc67375ae7aa20c3015c6f9900370c773c3ce28d72ab2815ce79700e87d54958f6ce9559a05ea1573e75bcf,01,SS-CUFE     ,1,true,,,
3,120252764,FSSC3611,901334785,SANAR Y CURAR IPS S.A.S,901543761,EPS FAMILIAR DE COLOMBIA S.A.S,2650000.0,2026-01-05T00:00:00,00:00:00,2026-02-04T00:00:00,3257f8968f9203ade0ca0d206b66afbc48ec1c44589f52ed18244a2edcfa053bd382e8efafa288a311ff0900edabfa87,01,SS-CUFE     ,1,true,,,
3,120252952,FSSC3612,901334785,SANAR Y CURAR IPS S.A.S,901543761,EPS FAMILIAR DE COLOMBIA S.A.S,2650000.0,2026-01-05T00:00:00,00:00:00,2026-02-04T00:00:00,0748ddb859289fe4be9df48a8316a20be5f986990f19ac040f47e5ef1fe1895d320df93d81c835de9a334f0ce833b073,01,SS-CUFE     ,1,true,,,
3,120253106,FSSC3613,901334785,SANAR Y CURAR IPS S.A.S,901543761,EPS FAMILIAR DE COLOMBIA S.A.S,2650000.0,2026-01-05T00:00:00,00:00:00,2026-02-04T00:00:00,132e1df318eb5dd853cb6f0290b242c68a5157298d3f63e85ccfff60f55f8b501bae6020dc1c8ef8a02f03d1ad907947,01,SS-CUFE     ,1,true,,,
3,120253237,FSSC3614,901334785,SANAR Y CURAR IPS S.A.S,901543761,EPS FAMILIAR DE COLOMBIA S.A.S,2650000.0,2026-01-05T00:00:00,00:00:00,2026-02-04T00:00:00,582e195286e221614f19e9e8b997b6034a34fb62ef39451866587390f8b9d168bb368690c05918c1582d18ba5f7d57f0,01,SS-CUFE     ,1,true,,,
3,120253257,FEV16046,824000785,HOSPITAL LOCAL DE AGUACHICA EMPRESA SOCIAL DEL ESTADO,901543761,EPS FAMILIAR DE COLOMBIA S.A.S,695143.0,2025-12-29T00:00:00,18:56:16,2026-01-28T00:00:00,bc5c9d4cfdbf4b3b8df8f1cc598bb897910e3fafa21dcbf9c3e32bbc1a7c5885cc67ca0ee8b4d6e51e5878eb697aead0,01,SS-CUFE     ,16,true,,,
3,120253359,FSSC3615,901334785,SANAR Y CURAR IPS S.A.S,901543761,EPS FAMILIAR DE COLOMBIA S.A.S,2650000.0,2026-01-05T00:00:00,00:00:00,2026-02-04T00:00:00,d4ac9592077c621c5ecc34a69f8f0d0140fbba4b6519f254b20881ce24457dc7ee39680f0caa796b741e3f53ea84c634,01,SS-CUFE     ,1,true,,,
3,120253552,FSSC3616,901334785,SANAR Y CURAR IPS S.A.S,901543761,EPS FAMILIAR DE COLOMBIA S.A.S,2650000.0,2026-01-05T00:00:00,00:00:00,2026-02-04T00:00:00,d85eea9ca8f86a5c8a91e50317f0ee8010bbb14799b1738acbfdcb4ecdd8a94965d384f5d0bd40d126a11a9e8d56c8e1,01,SS-CUFE     ,1,true,,,
3,120253688,FSSC3617,901334785,SANAR Y CURAR IPS S.A.S,901543761,EPS FAMILIAR DE COLOMBIA S.A.S,2650000.0,2026-01-05T00:00:00,00:00:00,2026-02-04T00:00:00,6e6468ad0d8eab7007e90fe58db819a7693b59d7235a12edd3c2ff01f5788d30b78ecb63e3cb92da988ab9dfda350d03,01,SS-CUFE     ,1,true,,,
3,120253886,FSSC3618,901334785,SANAR Y CURAR IPS S.A.S,901543761,EPS FAMILIAR DE COLOMBIA S.A.S,2650000.0,2026-01-05T00:00:00,00:00:00,2026-02-04T00:00:00,a2837bcbe29ac484a46d4853e0dd5f6522a1d8b08bcff6601f73c3e02a3631203f46fd7a84acaee8899e5ddcefc32665,01,SS-CUFE     ,1,true,,,
3,120253939,E12964,900803163,AMBULANCIAS AB IPS S.A.S.,901543761,ENTIDAD PROMOTORA DE SALUD FAMILIAR DE COLOMBIA S.A.S,2860000.0,2026-01-05T00:00:00,14:20:52,,885fdbe29787dfcc09ccf4ceb0ef92f79b9eae50300c4f2cb686280d2823d844f6b3089256c28df229e833ee2b315e22,01,SS-CUFE     ,1,true,,,
3,120253950,E12967,900803163,AMBULANCIAS AB IPS S.A.S.,901543761,ENTIDAD PROMOTORA DE SALUD FAMILIAR DE COLOMBIA S.A.S,1100000.0,2026-01-05T00:00:00,14:21:07,,9ccb75e947ca1a6fe062ecd6221bd4a0f1184a0961dd4e172c31c9c1a8e737a146f487c89898f796c6b148e07e18f3a4,01,SS-CUFE     ,1,true,,,
3,120253961,E12975,900803163,AMBULANCIAS AB IPS S.A.S.,901543761,ENTIDAD PROMOTORA DE SALUD FAMILIAR DE COLOMBIA S.A.S,50000.0,2026-01-05T00:00:00,14:21:20,,19544d45819f9d4f692052ad2277c490c17c500449acc94a84c4721f79835513bc765f04b9898d36bb0ac05bf98aa76e,01,SS-CUFE     ,1,true,,,
3,120253971,E12976,900803163,AMBULANCIAS AB IPS S.A.S.,901543761,ENTIDAD PROMOTORA DE SALUD FAMILIAR DE COLOMBIA S.A.S,50000.0,2026-01-05T00:00:00,14:21:33,,5d42c1043be40bd178d8d74634d9c079c20001c5d36abf0a306ada062b8fcd9b018cf3dd342e9ffed05c7ee601d11fce,01,SS-CUFE     ,1,true,,,
3,120253978,E12977,900803163,AMBULANCIAS AB IPS S.A.S.,901543761,ENTIDAD PROMOTORA DE SALUD FAMILIAR DE COLOMBIA S.A.S,60000.0,2026-01-05T00:00:00,14:21:45,,f148176879168efb082d1052d6471f9d2a61616a9eb858104ec62f030a7affe9e23211f72e0891a71f205d42d974c2e9,01,SS-CUFE     ,1,true,,,
3,120253989,E12979,900803163,AMBULANCIAS AB IPS S.A.S.,901543761,ENTIDAD PROMOTORA DE SALUD FAMILIAR DE COLOMBIA S.A.S,1100000.0,2026-01-05T00:00:00,14:21:58,,c6df2c4bd6565d8e4acb4f8e99d767dfedcf80663d1d080b6d90397fe708bab11646274d2428ea289f31b4ff893f3b26,01,SS-CUFE     ,1,true,,,
3,120253996,E12980,900803163,AMBULANCIAS AB IPS S.A.S.,901543761,ENTIDAD PROMOTORA DE SALUD FAMILIAR DE COLOMBIA S.A.S,50000.0,2026-01-05T00:00:00,14:23:21,,9edc36ae9319463e4c472850076910e3be274140bb233395de572e40336520e620137374556778f19172c644784cb710,01,SS-CUFE     ,1,true,,,
3,120254002,E12985,900803163,AMBULANCIAS AB IPS S.A.S.,901543761,ENTIDAD PROMOTORA DE SALUD FAMILIAR DE COLOMBIA S.A.S,600000.0,2026-01-05T00:00:00,14:23:32,,fb5226da6ff9ee8680e482ed7817bcfdb21a0aa4f737c2983230e24e4a731a62689db77f619ee6d3619b49af243c5c57,01,SS-CUFE     ,1,true,,,
3,120254010,E12988,900803163,AMBULANCIAS AB IPS S.A.S.,901543761,ENTIDAD PROMOTORA DE SALUD FAMILIAR DE COLOMBIA S.A.S,1100000.0,2026-01-05T00:00:00,14:23:44,,9579384e90a6d81f8933c7e90b38b88c6e89b87b1ec1c265727d0dc36e5d458e7f61d56d7b418ab64eb4a6138e66e9c7,01,SS-CUFE     ,1,true,,,
3,120254018,E12989,900803163,AMBULANCIAS AB IPS S.A.S.,901543761,ENTIDAD PROMOTORA DE SALUD FAMILIAR DE COLOMBIA S.A.S,1100000.0,2026-01-05T00:00:00,14:23:56,,8706a18a000dffe530955b1f958f3a1c512d38f46b35cef37cea4498a807471ae83ee2918e60a9e166494b3c29e56fd6,01,SS-CUFE     ,1,true,,,
3,120254024,E12995,900803163,AMBULANCIAS AB IPS S.A.S.,901543761,ENTIDAD PROMOTORA DE SALUD FAMILIAR DE COLOMBIA S.A.S,1776000.0,2026-01-05T00:00:00,14:24:08,,c9875c4715802be0eeb85a8b92ca0a07e63d5542cd23de9d41a6661f68e95f9fbf477796fb4f095ce5758650f0f180f8,01,SS-CUFE     ,2,true,,,
3,120254071,GH266329,901483168,GHG GLOBAL HEALTH GROUP S.A.S,901543761,EPS FAMILIAR DE COLOMBIA,21442.0,2026-01-03T00:00:00,08:01:14,,29963cfb884819f90a9b10c2729211e00e9290ee0dd57d675f84e3572bf6bd80d2d18927577b4ee88edf9708333ca76b,01,SS-CUFE     ,1,true,,,
3,120254081,GH266331,901483168,GHG GLOBAL HEALTH GROUP S.A.S,901543761,EPS FAMILIAR DE COLOMBIA,6818.0,2026-01-03T00:00:00,08:01:18,,2415d4e1deac58e32c17f6bfb2296f031b7c1375c20ca5d0f444da2220142df3093ef05f7a8fe54611240407aeb45dc5,01,SS-CUFE     ,1,true,,,
3,120254083,GH266334,901483168,GHG GLOBAL HEALTH GROUP S.A.S,901543761,EPS FAMILIAR DE COLOMBIA,32000.0,2026-01-03T00:00:00,08:01:22,,9e37d343d5cddd56c81244bbc8384e03d28e532412746ccfcfd889c07b0b2b97357876da7dd4de1279e498f9c2afda27,01,SS-CUFE     ,2,true,,,
3,120254084,FSSC3619,901334785,SANAR Y CURAR IPS S.A.S,901543761,EPS FAMILIAR DE COLOMBIA S.A.S,2650000.0,2026-01-05T00:00:00,00:00:00,2026-02-04T00:00:00,2fe4a4fcda621aecbc416a50e70aed2769e2f34bd9ab9fedb757f78837ae28dcd13ded705793063e491b88855d439016,01,SS-CUFE     ,1,true,,,
3,120254090,GH266337,901483168,GHG GLOBAL HEALTH GROUP S.A.S,901543761,EPS FAMILIAR DE COLOMBIA,4392.0,2026-01-03T00:00:00,08:01:26,,7e9d2ef8b7dda9ca4f2ab1a9a2f924422729d8bc48249679391704fc73091657a5d631714635e73ae3cdf761d4ea961d,01,SS-CUFE     ,1,true,,,
3,120254092,GH266338,901483168,GHG GLOBAL HEALTH GROUP S.A.S,901543761,EPS FAMILIAR DE COLOMBIA,117740.0,2026-01-03T00:00:00,08:01:30,,073b38bf2a7c0ced514f444ec2a48871c2990c9b56317bad770ae91c066a4c56fba5edba135271dd2def980134733e91,01,SS-CUFE     ,1,true,,,
3,120254098,GH266341,901483168,GHG GLOBAL HEALTH GROUP S.A.S,901543761,EPS FAMILIAR DE COLOMBIA,39360.0,2026-01-03T00:00:00,08:01:34,,cc12b348111d347a1b245bffabe1500a8baad6cebbdd7cf641aee81b78781941f82eaeccfef22aa4ddfb51e584dc13c4,01,SS-CUFE     ,1,true,,,
3,120254107,GH266344,901483168,GHG GLOBAL HEALTH GROUP S.A.S,901543761,EPS FAMILIAR DE COLOMBIA,64410.0,2026-01-03T00:00:00,08:01:37,,b75c348c0dcabebdba5c24c40847719098181a6986b5392b1a1d128e2e2a4aa3833d2f326b43bf0c7b04bcf89183d58f,01,SS-CUFE     ,1,true,,,
3,120254110,GH266347,901483168,GHG GLOBAL HEALTH GROUP S.A.S,901543761,EPS FAMILIAR DE COLOMBIA,41760.0,2026-01-03T00:00:00,08:01:41,,31ea88ea5b66324825087401f01d9896cc2ba4ce57340af0e1da4f8366af688fbf26088b3771bc27cc55baddfd24c284,01,SS-CUFE     ,1,true,,,
3,120254117,GH266348,901483168,GHG GLOBAL HEALTH GROUP S.A.S,901543761,EPS FAMILIAR DE COLOMBIA,51750.0,2026-01-03T00:00:00,08:01:45,,5dc7cbaabacdeaa13a67bcbf6e5194c587757e2200366b7749b607e6266704326bb597b6cb69a1fb01486ab9540e88ec,01,SS-CUFE     ,1,true,,,
3,120254122,GH266351,901483168,GHG GLOBAL HEALTH GROUP S.A.S,901543761,EPS FAMILIAR DE COLOMBIA,847134.0,2026-01-03T00:00:00,08:01:49,,7132ffb7600b2e6fb5443b5f55c30239db5e0e681d694dd327ea0778a18ff476ed54420aaefcf8858e8a2ea81f04c84a,01,SS-CUFE     ,3,true,,,
3,120254126,GH266357,901483168,GHG GLOBAL HEALTH GROUP S.A.S,901543761,EPS FAMILIAR DE COLOMBIA,65280.0,2026-01-03T00:00:00,08:01:46,,7cab9e6590fbff331f588e6a6f5920e430a6875db4ff7d5a4022ccd8967a77ccdd83e71886957b2011598825dd038d08,01,SS-CUFE     ,1,true,,,
3,120254132,GH266362,901483168,GHG GLOBAL HEALTH GROUP S.A.S,901543761,EPS FAMILIAR DE COLOMBIA,163186.0,2026-01-03T00:00:00,08:01:54,,47eae8f427da8aa84ebef4a2fdc1de4a5e6a1ddb19d1173aacdea1152a5ea2e6008d148a4ec6a67409593e4f3939873d,01,SS-CUFE     ,2,true,,,
3,120254139,GH266365,901483168,GHG GLOBAL HEALTH GROUP S.A.S,901543761,EPS FAMILIAR DE COLOMBIA,228660.0,2026-01-03T00:00:00,08:01:59,,25d3eb2917efaf801ad9e5b9e153cc5b1e30808b3c93d1a02a7778b0277c32221f8cdaf7117b055d6cc7d084a193efa3,01,SS-CUFE     ,3,true,,,
3,120254142,GH266369,901483168,GHG GLOBAL HEALTH GROUP S.A.S,901543761,EPS FAMILIAR DE COLOMBIA,27060.0,2026-01-03T00:00:00,08:01:51,,b4ef361b1a01a460cafc7953fb9d922f9e30f19a4fc0e6ac2ff54b7af846170d109393298ba7bf0be1ef73cc263ffa76,01,SS-CUFE     ,1,true,,,
3,120254152,GH266372,901483168,GHG GLOBAL HEALTH GROUP S.A.S,901543761,EPS FAMILIAR DE COLOMBIA,50010.0,2026-01-03T00:00:00,08:01:55,,a000cb5f1c28146b3a55bb414399d23a71003ccfa5c0a2102837e36f37119594a6ee70c79c0dd4c9024bfe8cce511fe6,01,SS-CUFE     ,1,true,,,
3,120254155,GH266375,901483168,GHG GLOBAL HEALTH GROUP S.A.S,901543761,EPS FAMILIAR DE COLOMBIA,23760.0,2026-01-03T00:00:00,08:01:24,,4cea8c9ca3f4ec65b90e376470f46c5d39880ca7a52dbc171fea1db489ded64f05b84b04e6e00a8ff828ceffaa4129aa,01,SS-CUFE     ,1,true,,,
3,120254162,GH266379,901483168,GHG GLOBAL HEALTH GROUP S.A.S,901543761,EPS FAMILIAR DE COLOMBIA,143640.0,2026-01-03T00:00:00,08:01:03,,bc1d12bef1c19cf775483a6c416f3b8bd3d5a0ed1c4d29e523736ed3da83bdb5ac9888d984bdf075ff35a9e754eea0c7,01,SS-CUFE     ,1,true,,,
3,120254174,GH266382,901483168,GHG GLOBAL HEALTH GROUP S.A.S,901543761,EPS FAMILIAR DE COLOMBIA,23760.0,2026-01-03T00:00:00,08:01:47,,1ae9ff7b028056f4b31f65580e1446f8d679b8985fd3635c86109e40c3b7a00a0435abebb765dfa005c47080fe3aacd6,01,SS-CUFE     ,1,true,,,
3,120254185,GH266386,901483168,GHG GLOBAL HEALTH GROUP S.A.S,901543761,EPS FAMILIAR DE COLOMBIA,16650.0,2026-01-03T00:00:00,08:01:44,,e9d15e70c00675e57c90b91a9ea61720283e0a154696dd83bba94f2dc24a3a39c025e3c33fc2a5dfdc8d943bdb198e98,01,SS-CUFE     ,1,true,,,
3,120254202,GH266388,901483168,GHG GLOBAL HEALTH GROUP S.A.S,901543761,EPS FAMILIAR DE COLOMBIA,96720.0,2026-01-03T00:00:00,08:01:40,,9f96d2ad18eb2b3e17ff805f91bde2bebfef4a6c5031a5595dba64dbfa411011cbfc55cce2b79b6299ef195aa756529c,01,SS-CUFE     ,1,true,,,
3,120254209,GH266391,901483168,GHG GLOBAL HEALTH GROUP S.A.S,901543761,EPS FAMILIAR DE COLOMBIA,8664.0,2026-01-03T00:00:00,08:01:37,,c2450947010fded132dead9269bebb2bded49372914ad69386f4a8f6164165e89e08d1fe37e8255cd3ba474c56f14660,01,SS-CUFE     ,1,true,,,
3,120254225,GH266395,901483168,GHG GLOBAL HEALTH GROUP S.A.S,901543761,EPS FAMILIAR DE COLOMBIA,4332.0,2026-01-03T00:00:00,08:01:33,,d31ac3894c92737ab676e7516a3ed791451a1da52e3aee299b00b0f77e9bff62f8ec49625f6a6519003a74ca56b094e6,01,SS-CUFE     ,1,true,,,
3,120254239,GH266398,901483168,GHG GLOBAL HEALTH GROUP S.A.S,901543761,EPS FAMILIAR DE COLOMBIA,69780.0,2026-01-03T00:00:00,08:01:29,,644a8ac7e53e3fa9a5908298a3618e53601031362bd2e6e460d15f15cb3ccd5b1f44765e3e550da2c8c733171ff2ecbf,01,SS-CUFE     ,1,true,,,
3,120254248,GH266407,901483168,GHG GLOBAL HEALTH GROUP S.A.S,901543761,EPS FAMILIAR DE COLOMBIA,112277.0,2026-01-03T00:00:00,08:01:03,,7db1b7524d637b04d539ecc9f9986f242bbf9f720e92e562d2af6963a87e0b9a94b474368c47667f3a8fb74de12d2dd7,01,SS-CUFE     ,3,true,,,
3,120254258,GH266410,901483168,GHG GLOBAL HEALTH GROUP S.A.S,901543761,EPS FAMILIAR DE COLOMBIA,15844.0,2026-01-03T00:00:00,08:01:57,,4500105f9a95b699adfa6d48071523aaf5344650bf2f3d9ea2e8879b0280c4cc5fdeeb75848f8ed9d851bc9d511841e8,01,SS-CUFE     ,1,true,,,
3,120254264,GH266414,901483168,GHG GLOBAL HEALTH GROUP S.A.S,901543761,EPS FAMILIAR DE COLOMBIA,23260.0,2026-01-03T00:00:00,08:01:54,,f7167fac9942b03623392510218ad63080c86906e0dd3dd30ea2a8ec6cdd6619b5cd1c03c300f8129aaf2860bf281285,01,SS-CUFE     ,1,true,,,
3,120254273,GH266419,901483168,GHG GLOBAL HEALTH GROUP S.A.S,901543761,EPS FAMILIAR DE COLOMBIA,22571.0,2026-01-03T00:00:00,09:01:50,,598ae436751edca573163291784236a985cbf6ec8cea8587e68f1a8ee12ea078daa3750c46742732bd0345ce9f4fb7aa,01,SS-CUFE     ,2,true,,,
3,120254278,GH266423,901483168,GHG GLOBAL HEALTH GROUP S.A.S,901543761,EPS FAMILIAR DE COLOMBIA,17400.0,2026-01-03T00:00:00,09:01:54,,4d4b41947f99731f510d69bda85fcdb8d4ce1ed0fb0a248a727dc1dceee592f36641e4b97d9303f70015bb026a05d9e8,01,SS-CUFE     ,1,true,,,
3,120254283,GH266426,901483168,GHG GLOBAL HEALTH GROUP S.A.S,901543761,EPS FAMILIAR DE COLOMBIA,93228.0,2026-01-03T00:00:00,09:01:46,,b1043fd41646e144a67fbce3f63e63ef00fcc122a41f950ad52cec3917c8af659e43a464770caf5a3ecf198d607363c6,01,SS-CUFE     ,1,true,,,
3,120254288,GH266428,901483168,GHG GLOBAL HEALTH GROUP S.A.S,901543761,EPS FAMILIAR DE COLOMBIA,10530.0,2026-01-03T00:00:00,09:01:42,,a4a33b0295f4f0263676b059677c4525697f1754ff9bf84d097e2a9b41bee8537f999aa1495d34ada663569a7171384e,01,SS-CUFE     ,1,true,,,
3,120254294,GH266430,901483168,GHG GLOBAL HEALTH GROUP S.A.S,901543761,EPS FAMILIAR DE COLOMBIA,69780.0,2026-01-03T00:00:00,09:01:38,,b3b338daf755ae11ae1a61f16e75a83d53714dfe22fbada1c417b82378ea8109c765a11d03638dfd127d6c882a9cb904,01,SS-CUFE     ,1,true,,,
3,120254300,GH266433,901483168,GHG GLOBAL HEALTH GROUP S.A.S,901543761,EPS FAMILIAR DE COLOMBIA,75660.0,2026-01-03T00:00:00,09:01:34,,a7b4a77b8e68bb620e61593b4030549fa796e827560f4e88cc6de298898cd849469f88e54265067b67195b35f00ada5a,01,SS-CUFE     ,1,true,,,
3,120254305,GH266437,901483168,GHG GLOBAL HEALTH GROUP S.A.S,901543761,EPS FAMILIAR DE COLOMBIA,36800.0,2026-01-03T00:00:00,09:01:30,,666f218f4840c9b3d6bd51471456c7c265fc4bfe7482e2377573db2fbb1ddf81ac4d23dc4f0d4db87acd0f74ede896a5,01,SS-CUFE     ,1,true,,,
3,120254316,GH266440,901483168,GHG GLOBAL HEALTH GROUP S.A.S,901543761,EPS FAMILIAR DE COLOMBIA,4332.0,2026-01-03T00:00:00,09:01:26,,7729b282685983a78a554b0930ed86b14f4d12abb72e7e3b2abf5404076c5e9ce87ac9264fce4ae358136647a55b155a,01,SS-CUFE     ,1,true,,,
4,120254327,GH266443,901483168,GHG GLOBAL HEALTH GROUP S.A.S,901543761,EPS FAMILIAR DE COLOMBIA,61476.0,2026-01-03T00:00:00,09:01:59,,797a0059d02ecd632db7381c64727f64ff5dacbf33419dec8ed4f5e396d05e2844c76a15dad632b2021f8f1c528ea271,01,SS-CUFE     ,2,true,,,
4,120254332,GH266447,901483168,GHG GLOBAL HEALTH GROUP S.A.S,901543761,EPS FAMILIAR DE COLOMBIA,64216.0,2026-01-03T00:00:00,09:01:13,,6366accfe5fbc9b3d8f0e6a4fc9e2afa440852ac9042b3f4accc1849c361dd5debe0b2228f6b81a97fefbd94e117f6f7,01,SS-CUFE     ,3,true,,,
4,120254338,GH266451,901483168,GHG GLOBAL HEALTH GROUP S.A.S,901543761,EPS FAMILIAR DE COLOMBIA,16650.0,2026-01-03T00:00:00,09:01:55,,347f2ffbb49dcf74e9fba72d68ba0a770418f36f76c33a1abb63a83432b7f8981af11d3e627fb797010296de675a8626,01,SS-CUFE     ,1,true,,,
4,120254345,GH266452,901483168,GHG GLOBAL HEALTH GROUP S.A.S,901543761,EPS FAMILIAR DE COLOMBIA,65680.0,2026-01-03T00:00:00,09:01:58,,1ca62c3fcda5609e3c3455c7bc12aea941dcaf018c5dcaebae7cc215c6833b612976532a1ab86151f15279c3b1ece98e,01,SS-CUFE     ,1,true,,,
4,120254348,FSSC3620,901334785,SANAR Y CURAR IPS S.A.S,901543761,EPS FAMILIAR DE COLOMBIA S.A.S,2650000.0,2026-01-05T00:00:00,00:00:00,2026-02-04T00:00:00,df2f1b2015098d88c9088a684cf8ce7b0d38ddef4d13a270871d03eeb0276c5b2084610f8e9c1796f9ac682a57ea3c5a,01,SS-CUFE     ,1,true,,,
4,120254357,GH266456,901483168,GHG GLOBAL HEALTH GROUP S.A.S,901543761,EPS FAMILIAR DE COLOMBIA,41343.0,2026-01-03T00:00:00,09:01:46,,062762d70a0027461a2a5feb0c573b1313edc1bd3c31dbc6bb3890f43b378dafa1ffc3ef475fd04e51f72e1d9ef5d0ec,01,SS-CUFE     ,1,true,,,
4,120254361,GH266458,901483168,GHG GLOBAL HEALTH GROUP S.A.S,901543761,EPS FAMILIAR DE COLOMBIA,10530.0,2026-01-03T00:00:00,09:01:50,,835882935e20e2a1a2b2b28b7decca410a77100c736251b0a02ff4a7a247d8f094de011d6f7be56094e5f3a005059aaf,01,SS-CUFE     ,1,true,,,
4,120254366,GH266462,901483168,GHG GLOBAL HEALTH GROUP S.A.S,901543761,EPS FAMILIAR DE COLOMBIA,10800.0,2026-01-03T00:00:00,09:01:55,,6678e2dd8a7fa2f32a8af495c4a728b0e23148ad1d13a3a707712e4e84ecda13d6a753d48a6eebb7d102b8378d994185,01,SS-CUFE     ,1,true,,,
4,120254375,GH266464,901483168,GHG GLOBAL HEALTH GROUP S.A.S,901543761,EPS FAMILIAR DE COLOMBIA,23760.0,2026-01-03T00:00:00,09:01:51,,562a8232ad76f4eb6d23b1cb4be7edc8ada03ecb04aaa4329e94fdfc3eb3027ff15c1eba852696e9d3ae4190dc74462b,01,SS-CUFE     ,1,true,,,
4,120254381,GH266467,901483168,GHG GLOBAL HEALTH GROUP S.A.S,901543761,EPS FAMILIAR DE COLOMBIA,9376.0,2026-01-03T00:00:00,09:01:35,,fa6ea9f23e36f73cbbb7abd062f4eeefff65b89b99b55a44cd6136e1a6cf181afe4632336a3b02e6b6afbb6a89e20067,01,SS-CUFE     ,1,true,,,
4,120254389,GH266472,901483168,GHG GLOBAL HEALTH GROUP S.A.S,901543761,EPS FAMILIAR DE COLOMBIA,131360.0,2026-01-03T00:00:00,09:01:39,,4c5b9f565822170499877cc297459158a8c588fd464302c6a00bd1aff0ae54cbaab036e6ffea5c32da182602c14a3152,01,SS-CUFE     ,1,true,,,
4,120254397,GH266473,901483168,GHG GLOBAL HEALTH GROUP S.A.S,901543761,EPS FAMILIAR DE COLOMBIA,13602.0,2026-01-03T00:00:00,09:01:31,,7d0f156cc0ab0a3e9986cf7888327338d73b7a14a1d7f6274f6435fe53d5986f6fcc65bbe218af35f26d53fdd1c36822,01,SS-CUFE     ,2,true,,,
4,120254403,GH266476,901483168,GHG GLOBAL HEALTH GROUP S.A.S,901543761,EPS FAMILIAR DE COLOMBIA,20670.0,2026-01-03T00:00:00,09:01:23,,0efd9c878197555614d79ea09895f78489c2f56d7da39a643d3658b02434e1b6a6e43280cebbf47af5d896ad945f0715,01,SS-CUFE     ,1,true,,,
4,120254412,GH266479,901483168,GHG GLOBAL HEALTH GROUP S.A.S,901543761,EPS FAMILIAR DE COLOMBIA,98976.0,2026-01-03T00:00:00,09:01:27,,e4eacc83dc759af5d2e2a0b66fb81aa1b4afe6eeea443e2f517c4a5cd632521a28544b8bff998af29d60da886392ddc8,01,SS-CUFE     ,3,true,,,
4,120254418,GH266481,901483168,GHG GLOBAL HEALTH GROUP S.A.S,901543761,EPS FAMILIAR DE COLOMBIA,71190.0,2026-01-03T00:00:00,09:01:19,,f3468a1c9735a4cd9e952a66200b6bed008affcc84e64f72900e560bf2e53bd3f2e05c9ba10a7db44ff60e9f34caf0ea,01,SS-CUFE     ,1,true,,,
4,120254426,GH266489,901483168,GHG GLOBAL HEALTH GROUP S.A.S,901543761,EPS FAMILIAR DE COLOMBIA,1035746.0,2026-01-03T00:00:00,09:01:15,,6a87fbd381aaf79bf66c8606cd36a448efe621a0d00317ad8713ccb84c771d850922b1b83c9741e9fbd12f495a612d0c,01,SS-CUFE     ,7,true,,,
4,120254437,GH266491,901483168,GHG GLOBAL HEALTH GROUP S.A.S,901543761,EPS FAMILIAR DE COLOMBIA,12528.0,2026-01-03T00:00:00,09:01:07,,eec937a91c27ad6de9a5266f9fe2dcdd503eec1d9d537cc8f07be76b204327d6b0f87b6c2c7d734f0fd01478a01f56d3,01,SS-CUFE     ,2,true,,,
4,120254441,GH266495,901483168,GHG GLOBAL HEALTH GROUP S.A.S,901543761,EPS FAMILIAR DE COLOMBIA,27060.0,2026-01-03T00:00:00,09:01:11,,ea942f93e1495ea1815c96d146a859c146ac8cb201a9ddae0d50d294f5661a8baa879e013694c402b126709d232b63d1,01,SS-CUFE     ,1,true,,,
4,120254447,GH266499,901483168,GHG GLOBAL HEALTH GROUP S.A.S,901543761,EPS FAMILIAR DE COLOMBIA,8664.0,2026-01-03T00:00:00,09:01:59,,c0f44145426ec4e3b113c12f9762920fd9b1d94c849dc5c32abd73de4fe206b16b3dca2624d5232efcd81214ba90ab14,01,SS-CUFE     ,1,true,,,
4,120254454,GH266501,901483168,GHG GLOBAL HEALTH GROUP S.A.S,901543761,EPS FAMILIAR DE COLOMBIA,94890.0,2026-01-03T00:00:00,09:01:03,,df3da63d4df9aed92e56a112a838ffc3e34d9e869d70fbad5f40191c606cf14d1d81a381ce51043d4bc5fa94ee637342,01,SS-CUFE     ,1,true,,,
4,120254459,GH266505,901483168,GHG GLOBAL HEALTH GROUP S.A.S,901543761,EPS FAMILIAR DE COLOMBIA,530.0,2026-01-03T00:00:00,09:01:43,,c33c956fbbb5566df35d7f154a3f3b1874851167189f1e0d7c00088faafe56caa9597b81ed86e05f4f82b0ce0c604022,01,SS-CUFE     ,1,true,,,
4,120254463,GH266508,901483168,GHG GLOBAL HEALTH GROUP S.A.S,901543761,EPS FAMILIAR DE COLOMBIA,12820.0,2026-01-03T00:00:00,09:01:47,,506856ee3a137ce360b81e856832a0d928bd8f5e7d237fb5465948a9e6d7a866b70af8cb06672e14bd971db3a4a88e0b,01,SS-CUFE     ,1,true,,,
4,120254469,GH266510,901483168,GHG GLOBAL HEALTH GROUP S.A.S,901543761,EPS FAMILIAR DE COLOMBIA,12996.0,2026-01-03T00:00:00,09:01:51,,adbf2b29b5ff9532888f6f237518f8530c38ed762b605893770aaf3cfc68701b7fef0e2f6cbe4fca8ebbc1bfedb95d40,01,SS-CUFE     ,1,true,,,
4,120254476,GH266514,901483168,GHG GLOBAL HEALTH GROUP S.A.S,901543761,EPS FAMILIAR DE COLOMBIA,99641.0,2026-01-03T00:00:00,09:01:55,,34cc1a069555324a5bc1a4a55ca76e7befc42d4004eefee240acff13537de0bf1d9c3923e819327112e27dc1e6138a2d,01,SS-CUFE     ,3,true,,,
4,120254481,GH266518,901483168,GHG GLOBAL HEALTH GROUP S.A.S,901543761,EPS FAMILIAR DE COLOMBIA,22344.0,2026-01-03T00:00:00,09:01:08,,5393a7ae71bf22261d2fc85c4bf44051288cbbf174049bcf3fe2e52e602f535e195b5bdfac1bb4cbef4accaf8e9e7cc3,01,SS-CUFE     ,1,true,,,
4,120254489,GH266520,901483168,GHG GLOBAL HEALTH GROUP S.A.S,901543761,EPS FAMILIAR DE COLOMBIA,167734.0,2026-01-03T00:00:00,09:01:17,,50bd169ae72a2954f3568245d0d4ded09676f2a6455d36b24bb08d78c67a13973f3a85db4e644c19cae616c244982218,01,SS-CUFE     ,3,true,,,
4,120254502,GH266524,901483168,GHG GLOBAL HEALTH GROUP S.A.S,901543761,EPS FAMILIAR DE COLOMBIA,89220.0,2026-01-03T00:00:00,09:01:21,,e3fcc2c3c6d7fffacdb7404fc658b14277eed3777bee276bedacd077020ed825509b3bf918e914b431bfba6818155017,01,SS-CUFE     ,2,true,,,
4,120254505,GH266527,901483168,GHG GLOBAL HEALTH GROUP S.A.S,901543761,EPS FAMILIAR DE COLOMBIA,22000.0,2026-01-03T00:00:00,09:01:25,,ee3dafb985073f836b69ff8ab38fbffe3817b15317a7e1ea651be47d2923e7f3c595fba75963d53ac4461e22b602f144,01,SS-CUFE     ,1,true,,,
4,120254512,GH266531,901483168,GHG GLOBAL HEALTH GROUP S.A.S,901543761,EPS FAMILIAR DE COLOMBIA,173384.0,2026-01-03T00:00:00,09:01:29,,e8c20bc5842f46c350ef834e71f769e288ed863a9c2de757022655d88fb29dac304e3c148b3a7060d13a94c1f4449d57,01,SS-CUFE     ,4,true,,,
4,120254517,GH266534,901483168,GHG GLOBAL HEALTH GROUP S.A.S,901543761,EPS FAMILIAR DE COLOMBIA,100155.0,2026-01-03T00:00:00,09:01:33,,82ce7564b14b7960db3adf5742edfe83b1aaa91b645faedf5130e86c93da8942913e6c0e43626db4c88678686462cb7d,01,SS-CUFE     ,2,true,,,
4,120254521,GH266537,901483168,GHG GLOBAL HEALTH GROUP S.A.S,901543761,EPS FAMILIAR DE COLOMBIA,8664.0,2026-01-03T00:00:00,09:01:38,,2d57cde6cfbe8b88ee71639799f0a3ea7e6074ac596892710c52abc0cf39ed66c956125836b879df2b57f0a2d1ffa764,01,SS-CUFE     ,1,true,,,
4,120254527,FSSC3621,901334785,SANAR Y CURAR IPS S.A.S,901543761,EPS FAMILIAR DE COLOMBIA S.A.S,2650000.0,2026-01-05T00:00:00,00:00:00,2026-02-04T00:00:00,30a37eb7ee1f2dfda54b0ede5694067714369ee4c327d5f006df5c1ac4659cbb5f2f680702467597e797e0e19642d3fb,01,SS-CUFE     ,1,true,,,
4,120254528,GH266540,901483168,GHG GLOBAL HEALTH GROUP S.A.S,901543761,EPS FAMILIAR DE COLOMBIA,17328.0,2026-01-03T00:00:00,09:01:42,,f21c037763e7787dc03d88891e7e458483c9aa5a954bb14b5ae26093230c7df30dbf3a764df65a9c390c4a15b59802e2,01,SS-CUFE     ,1,true,,,
4,120254534,GH266543,901483168,GHG GLOBAL HEALTH GROUP S.A.S,901543761,EPS FAMILIAR DE COLOMBIA,365280.0,2026-01-03T00:00:00,09:01:46,,f6e5ac440d98c0cfc0791dbcf30362ab2b72fcc98fc4c832c14f6150a1faf53a20dcdce6d798bab9dac2ad4b458480f4,01,SS-CUFE     ,1,true,,,
4,120254538,GH266545,901483168,GHG GLOBAL HEALTH GROUP S.A.S,901543761,EPS FAMILIAR DE COLOMBIA,13776.0,2026-01-03T00:00:00,09:01:50,,8f1a4897c056e9a413d8a4eb2a73da11148fb56ce0fd08b0af332a7c7c22cbe6829105420723ae0a7d20b5a140f8c652,01,SS-CUFE     ,1,true,,,
4,120254542,GH266549,901483168,GHG GLOBAL HEALTH GROUP S.A.S,901543761,EPS FAMILIAR DE COLOMBIA,251184.0,2026-01-03T00:00:00,09:01:54,,f59face036128e4edf00156f4d0973ffe22d58f5f91a076f64fc80176ef3ed5506a45b0891ebee1ad38af2b0e7030a97,01,SS-CUFE     ,2,true,,,
4,120254547,GH266551,901483168,GHG GLOBAL HEALTH GROUP S.A.S,901543761,EPS FAMILIAR DE COLOMBIA,17400.0,2026-01-03T00:00:00,09:01:59,,a16570b3c48f93aaba6e7269221c8f0cfe8f786f5ba749fb1eda44cac44e950c325aa47777faf90340e2f5c3ce2f7ae9,01,SS-CUFE     ,1,true,,,
4,120254557,GH266554,901483168,GHG GLOBAL HEALTH GROUP S.A.S,901543761,EPS FAMILIAR DE COLOMBIA,15290.0,2026-01-03T00:00:00,09:01:03,,978abe3c22953990fdaefaf73b4a80755a442e46309de449cf3a51681bd0b4bc87b4e20f788ef4063789d8fbcc250570,01,SS-CUFE     ,1,true,,,
4,120254565,GH266556,901483168,GHG GLOBAL HEALTH GROUP S.A.S,901543761,EPS FAMILIAR DE COLOMBIA,32424.0,2026-01-03T00:00:00,09:01:07,,57b617d001cc73c213a5415cce8ef9f3c64d98163c752d0960568f4f85e6f153d1f156d17d3c079ec704c29653c2553b,01,SS-CUFE     ,2,true,,,
4,120254571,GH266558,901483168,GHG GLOBAL HEALTH GROUP S.A.S,901543761,EPS FAMILIAR DE COLOMBIA,224000.0,2026-01-03T00:00:00,09:01:12,,32d268223189e23de78d7c2079b91f67f59b4704e4346bf8df9eeb23b78f048a7f941f77da448f6bbdd2a8d6eb14527a,01,SS-CUFE     ,2,true,,,
4,120254574,GH266562,901483168,GHG GLOBAL HEALTH GROUP S.A.S,901543761,EPS FAMILIAR DE COLOMBIA,13776.0,2026-01-03T00:00:00,09:01:20,,e619b879fe57de1346e790749f6a7163137f4d5dddb24d2bcb483c145add5940b09fb7d5bede6d99d5aff82147a2e50e,01,SS-CUFE     ,1,true,,,
4,120254581,GH266565,901483168,GHG GLOBAL HEALTH GROUP S.A.S,901543761,EPS FAMILIAR DE COLOMBIA,8664.0,2026-01-03T00:00:00,09:01:24,,b4efea5a00ca80768a5e16953d1925514b4043ca37164ed07c538c9e18fc627826a6c48d87bb1818a03eef81d0f8a284,01,SS-CUFE     ,1,true,,,
4,120254588,GH266569,901483168,GHG GLOBAL HEALTH GROUP S.A.S,901543761,EPS FAMILIAR DE COLOMBIA,36480.0,2026-01-03T00:00:00,09:01:27,,4affc51f40296acbee80427a8e0eb688e1890edbc9e969f7ca58ddf6f9d03e401a719d4d70fff1f71717d05dce3e731b,01,SS-CUFE     ,2,true,,,
4,120254597,GH266573,901483168,GHG GLOBAL HEALTH GROUP S.A.S,901543761,EPS FAMILIAR DE COLOMBIA,87030.0,2026-01-03T00:00:00,09:01:10,,80dc40b4feb6c146da635cecf0ef62cfae47d4f57c722cd18e4aaf9e2095534f74957047a55a1a4ed7b56af3648ed5d8,01,SS-CUFE     ,1,true,,,
4,120254603,GH266577,901483168,GHG GLOBAL HEALTH GROUP S.A.S,901543761,EPS FAMILIAR DE COLOMBIA,167040.0,2026-01-03T00:00:00,09:01:14,,9af886ec8353db8986b8eec091b0384d4be4c5e79275b21ad0d2a97eeee25e30461149fce5c5e44f2ae374b1f5ce8fbb,01,SS-CUFE     ,1,true,,,
4,120254608,GH266579,901483168,GHG GLOBAL HEALTH GROUP S.A.S,901543761,EPS FAMILIAR DE COLOMBIA,148960.0,2026-01-03T00:00:00,09:01:18,,f0cc67cbcee987812e871f88e85f704f53afc33b7ce33608dd2baa70a21577cd5188e7ce41c35935843c8d2415e57d44,01,SS-CUFE     ,3,true,,,
4,120254617,GH266582,901483168,GHG GLOBAL HEALTH GROUP S.A.S,901543761,EPS FAMILIAR DE COLOMBIA,16120.0,2026-01-03T00:00:00,09:01:25,,c7edc1ee21b13847d37dc0350a182556be4de501bacad31b9ddbe55576872efe523db519da0c39d1fe1f9c386b004548,01,SS-CUFE     ,1,true,,,
4,120254632,GH266589,901483168,GHG GLOBAL HEALTH GROUP S.A.S,901543761,EPS FAMILIAR DE COLOMBIA,216473.0,2026-01-03T00:00:00,09:01:29,,949ff73c8b50f8a2789fc6f94e9efbd16c5c2579bdd10e9f6a03a1dbaa34e20a8ea9a2b28febf458ba8fb57c6f727fa4,01,SS-CUFE     ,4,true,,,
4,120254638,GH266592,901483168,GHG GLOBAL HEALTH GROUP S.A.S,901543761,EPS FAMILIAR DE COLOMBIA,348320.0,2026-01-03T00:00:00,09:01:02,,675d6c39778b544d1f9f0b87df2010927b4d7ddb5ae295696ece43ba938879380136af121226db60f67171934a3f1359,01,SS-CUFE     ,1,true,,,
4,120254641,GH266595,901483168,GHG GLOBAL HEALTH GROUP S.A.S,901543761,EPS FAMILIAR DE COLOMBIA,7740.0,2026-01-03T00:00:00,09:01:21,,0026fe05f5aa98596d77712cd27754619db77255fbb5143bb0412bd0c98f2c187f4795bb01bc1008bfe1c3042febb671,01,SS-CUFE     ,1,true,,,
4,120254645,GH266597,901483168,GHG GLOBAL HEALTH GROUP S.A.S,901543761,EPS FAMILIAR DE COLOMBIA,31620.0,2026-01-03T00:00:00,09:01:54,,2582ec5bc645de02de87af7dc76b23f0562528bdc72d624e049785bef2d2e87faaf9a212780f8154fbe207c39a65530f,01,SS-CUFE     ,1,true,,,
4,120254651,GH266599,901483168,GHG GLOBAL HEALTH GROUP S.A.S,901543761,EPS FAMILIAR DE COLOMBIA,597330.0,2026-01-03T00:00:00,09:01:16,,1c4f3cf33262007302e9454c49638cf4eee9ecdeb7e7fdad0dc8057c3b0ab117cd435860dd146757cc320bd14efa4d70,01,SS-CUFE     ,4,true,,,
4,120254659,GH266602,901483168,GHG GLOBAL HEALTH GROUP S.A.S,901543761,EPS FAMILIAR DE COLOMBIA,51870.0,2026-01-03T00:00:00,09:01:58,,27db11634a8c980a0899becaaa40f5227282e07def11a0c8254fac6c6cf9707f3adced644950cea6adb2108210fccee4,01,SS-CUFE     ,1,true,,,
4,120254668,GH266604,901483168,GHG GLOBAL HEALTH GROUP S.A.S,901543761,EPS FAMILIAR DE COLOMBIA,59976.0,2026-01-03T00:00:00,09:01:06,,8ddb1833457cbbd239c5bf4ad3d524f36febd115a8647c987f90ddf846e0c88ad995ed39d0af3e8f9e24c0e97da8841f,01,SS-CUFE     ,1,true,,,
4,120254681,GH266608,901483168,GHG GLOBAL HEALTH GROUP S.A.S,901543761,EPS FAMILIAR DE COLOMBIA,9450.0,2026-01-03T00:00:00,09:01:05,,d9a52a596f9e690c8a04e7f3e325f38e9e28e3b97b570afb224c944ce5ea6615c3cc85a584192f3d8080d747a41cb7a0,01,SS-CUFE     ,1,true,,,
4,120254689,GH266614,901483168,GHG GLOBAL HEALTH GROUP S.A.S,901543761,EPS FAMILIAR DE COLOMBIA,130346.0,2026-01-03T00:00:00,09:01:01,,cfff9e5504a64e4431258bfb49b71bf8fe670ff28622b9d7c78a45e130a60c7f1189bcfb5ab6e2fc0f12d16a0089baf6,01,SS-CUFE     ,2,true,,,
4,120254707,GH266618,901483168,GHG GLOBAL HEALTH GROUP S.A.S,901543761,EPS FAMILIAR DE COLOMBIA,52680.0,2026-01-03T00:00:00,09:01:53,,cde7f66aa3fde5fe63e02574bd2640aa47f8ffad2acd9e83be0f5103bd612d3ce02165fa9aacd4d481eb5a109241a8e9,01,SS-CUFE     ,1,true,,,
4,120254713,GH266624,901483168,GHG GLOBAL HEALTH GROUP S.A.S,901543761,EPS FAMILIAR DE COLOMBIA,309120.0,2026-01-03T00:00:00,09:01:01,,cee3d81f90c61530cb51da3745cf562edf0a54def6bb581f4978b4838278e2bfbbd62fe97ac246ee7da0b7501885d00a,01,SS-CUFE     ,1,true,,,
4,120254720,GH266628,901483168,GHG GLOBAL HEALTH GROUP S.A.S,901543761,EPS FAMILIAR DE COLOMBIA,98084.0,2026-01-03T00:00:00,09:01:37,,8a4b1abba2625d16ab63b9314cdf9e42a19b8babe3b1a6a291c82fca18d0803aee853185047ff03513dea97500568522,01,SS-CUFE     ,2,true,,,
4,120254730,GH266633,901483168,GHG GLOBAL HEALTH GROUP S.A.S,901543761,EPS FAMILIAR DE COLOMBIA,224140.0,2026-01-03T00:00:00,09:01:33,,4df06ce99ea7ab84f2619bfd4c18972b2d567b907ccbe812b13e4df08ea6b27f4b15d9e1c24b548934151fa654a0939d,01,SS-CUFE     ,1,true,,,
4,120254736,FSSC3622,901334785,SANAR Y CURAR IPS S.A.S,901543761,EPS FAMILIAR DE COLOMBIA S.A.S,2650000.0,2026-01-05T00:00:00,00:00:00,2026-02-04T00:00:00,37dc2a4efb95bb54a754a546a0fe1493aaad63ebb47aa42f45c883aa1f8c1efb964d22fd1b9c3330ac8d54aafb4b691e,01,SS-CUFE     ,1,true,,,
4,120254744,GH266636,901483168,GHG GLOBAL HEALTH GROUP S.A.S,901543761,EPS FAMILIAR DE COLOMBIA,28854.0,2026-01-03T00:00:00,09:01:51,,c589ae9fcec1181d56add83a956e898d73b70b6e1a6d61d35bb0178e5466cfaec60c346bdb7dff9e7369312a3c7045f4,01,SS-CUFE     ,1,true,,,
4,120254751,GH266639,901483168,GHG GLOBAL HEALTH GROUP S.A.S,901543761,EPS FAMILIAR DE COLOMBIA,48630.0,2026-01-03T00:00:00,09:01:42,,9be3d398579e104ecc847c61f2ff94c4c94564d02e7d29251abc01f6c001f876d501a57e21427c702a6d70ccefc7a15a,01,SS-CUFE     ,1,true,,,
4,120254764,GH266647,901483168,GHG GLOBAL HEALTH GROUP S.A.S,901543761,EPS FAMILIAR DE COLOMBIA,13874.0,2026-01-03T00:00:00,09:01:43,,aaf0e4c28e15c00855f95423d1007da8fb335c07d66a5f17274c51770a36452b4932a5c3e6817aeddf3097d42e738c80,01,SS-CUFE     ,1,true,,,
4,120254769,GH266650,901483168,GHG GLOBAL HEALTH GROUP S.A.S,901543761,EPS FAMILIAR DE COLOMBIA,222790.0,2026-01-03T00:00:00,09:01:39,,1f38b617a7c19f1ea464853b7e155ac88b89b5fbfc6845bcc7fb39d26dddb1edbfd05c195e50e795f78f14c57554bab7,01,SS-CUFE     ,2,true,,,
4,120254773,GH266656,901483168,GHG GLOBAL HEALTH GROUP S.A.S,901543761,EPS FAMILIAR DE COLOMBIA,45080.0,2026-01-03T00:00:00,09:01:35,,e3e20f4ba8caaa5906d714568cf0f20226c993e5f28cef57ce9dd1ef069cb0d3528f2d2f5740055c2d4f09c40bab9c08,01,SS-CUFE     ,1,true,,,
4,120254780,GH266659,901483168,GHG GLOBAL HEALTH GROUP S.A.S,901543761,EPS FAMILIAR DE COLOMBIA,68814.0,2026-01-03T00:00:00,09:01:31,,30de67b1d206517d90b4363dddbc698fb62dce2c542868569b75fa9a36422f8eb31a1f451080cd8805175ffe4ac997d4,01,SS-CUFE     ,2,true,,,
4,120254786,GH266664,901483168,GHG GLOBAL HEALTH GROUP S.A.S,901543761,EPS FAMILIAR DE COLOMBIA,8664.0,2026-01-03T00:00:00,09:01:27,,4c1101ebb55421da2610c680cd55564946298f8844bc8be01b422b70db2bbd96273c6fdb220ee51e0aa5de8f08772140,01,SS-CUFE     ,1,true,,,
4,120254800,GH266670,901483168,GHG GLOBAL HEALTH GROUP S.A.S,901543761,EPS FAMILIAR DE COLOMBIA,20820.0,2026-01-03T00:00:00,09:01:23,,782c84a0674e3a5949654acde7fd9b0a37c965a48eb5c2ed99ae093cf64d583b3338493ff19acf2c8fae92153d698a1b,01,SS-CUFE     ,1,true,,,
4,120254809,GH266674,901483168,GHG GLOBAL HEALTH GROUP S.A.S,901543761,EPS FAMILIAR DE COLOMBIA,132300.0,2026-01-03T00:00:00,10:01:03,,7ea28e891e1dc6de1e755d66c85d65b421dd3de2d7c87b8a286b74feeec3153f1e768028b2dd82a85053000c5bab872c,01,SS-CUFE     ,1,true,,,
4,120254820,GH266677,901483168,GHG GLOBAL HEALTH GROUP S.A.S,901543761,EPS FAMILIAR DE COLOMBIA,59976.0,2026-01-03T00:00:00,10:01:55,,b457937ded3b432bf651b6365c625cbc54c09ad19cac6bb738737111c7f97f791db5f9cdb417e663f4076134c21f1c94,01,SS-CUFE     ,1,true,,,
4,120254824,GH266679,901483168,GHG GLOBAL HEALTH GROUP S.A.S,901543761,EPS FAMILIAR DE COLOMBIA,18673.0,2026-01-03T00:00:00,10:01:47,,4e7b071c4ed81b3977a7efe9aa098a24f264216e27703c9744f632c548da76a801d1534fe3adf49362a9bab88a047fdf,01,SS-CUFE     ,1,true,,,
4,120254834,GH266681,901483168,GHG GLOBAL HEALTH GROUP S.A.S,901543761,EPS FAMILIAR DE COLOMBIA,47460.0,2026-01-03T00:00:00,10:01:44,,403b8e63718bf5daff11d1fa96a9a1ad683e3ffa173c8109cd1c241cbad9f11d398d1a162998cf98da46c9c39c4c39b9,01,SS-CUFE     ,2,true,,,
4,120254840,GH266685,901483168,GHG GLOBAL HEALTH GROUP S.A.S,901543761,EPS FAMILIAR DE COLOMBIA,65280.0,2026-01-03T00:00:00,10:01:35,,ecbc42c3ce194e0b0867eabb73ea44c34fa6ca1aa4ee10cf9be3671824e51c51897472a7edceafc961284c139e1aa1cd,01,SS-CUFE     ,1,true,,,
4,120254846,GH266688,901483168,GHG GLOBAL HEALTH GROUP S.A.S,901543761,EPS FAMILIAR DE COLOMBIA,143640.0,2026-01-03T00:00:00,10:01:32,,860a0c95492a210851d6f9da17ec2520eec18d2b6cc7934f9adcb6003ea10a1c7f686cd06fee0eec2f566996b2959882,01,SS-CUFE     ,1,true,,,
4,120254853,GH266690,901483168,GHG GLOBAL HEALTH GROUP S.A.S,901543761,EPS FAMILIAR DE COLOMBIA,50010.0,2026-01-03T00:00:00,10:01:19,,2f52ec1faf346680dd62ae36b1a635a2a1513f3fa4ecc2fce3356639479068e845ceaab8550ddfb102a5b66078435af8,01,SS-CUFE     ,1,true,,,
4,120254858,GH266692,901483168,GHG GLOBAL HEALTH GROUP S.A.S,901543761,EPS FAMILIAR DE COLOMBIA,12090.0,2026-01-03T00:00:00,10:01:16,,4c07f79aa35f96e9887eff7dfddf3c672b98fdf626cc602e080f4f6d7f6cffb2109b24cccefaed5bccf1d6ceae875925,01,SS-CUFE     ,1,true,,,
4,120254866,GH266698,901483168,GHG GLOBAL HEALTH GROUP S.A.S,901543761,EPS FAMILIAR DE COLOMBIA,17424.0,2026-01-03T00:00:00,10:01:16,,b005c5dcdec4f7992a75a5d896708357b229c8ce722b387655166bc357ec9985417a2dffeb316f0b91bbb4495905ce15,01,SS-CUFE     ,1,true,,,
4,120254877,GH266700,901483168,GHG GLOBAL HEALTH GROUP S.A.S,901543761,EPS FAMILIAR DE COLOMBIA,57294.0,2026-01-03T00:00:00,10:01:13,,0c2cb209fe1ab4d2ebeb20447dd58a40dcd7f5dfeefb26846c11a15141d52f0cf0a7fafd60e9a076fed6aed5b05fef56,01,SS-CUFE     ,2,true,,,
4,120254882,GH266703,901483168,GHG GLOBAL HEALTH GROUP S.A.S,901543761,EPS FAMILIAR DE COLOMBIA,14050.0,2026-01-03T00:00:00,10:01:08,,47b50e8bd2c29adc329c21b8d8337d25c4f4268025c45499b0cacf7dfed17b6d9594b5a8e8e3d8f984d11bc2aa43e315,01,SS-CUFE     ,1,true,,,
4,120254890,GH266706,901483168,GHG GLOBAL HEALTH GROUP S.A.S,901543761,EPS FAMILIAR DE COLOMBIA,8664.0,2026-01-03T00:00:00,10:01:59,,02a5902fcc7ebd6d6662e001475980e16dd20b3d851ed15a0bf2ac542f8cfe1268f71d44c81954330460f598e6804322,01,SS-CUFE     ,1,true,,,
4,120254900,GH266709,901483168,GHG GLOBAL HEALTH GROUP S.A.S,901543761,EPS FAMILIAR DE COLOMBIA,59976.0,2026-01-03T00:00:00,10:01:51,,7dbf8908257d5e3ff86d35ff10f304dda1a049301897d9e949802bb26a4802f1947ad3eef36c3da772a180b605ca7e5e,01,SS-CUFE     ,1,true,,,
4,120254904,GH266712,901483168,GHG GLOBAL HEALTH GROUP S.A.S,901543761,EPS FAMILIAR DE COLOMBIA,103554.0,2026-01-03T00:00:00,10:01:39,,a8c428e5363dbba79fd6aa8409c04bfad12ba905ad49ba7669caeaaa0630188c9056dd017d0565557c9f7dad585d8ffc,01,SS-CUFE     ,2,true,,,
4,120254910,GH266717,901483168,GHG GLOBAL HEALTH GROUP S.A.S,901543761,EPS FAMILIAR DE COLOMBIA,23760.0,2026-01-03T00:00:00,10:01:28,,3324e7fb0b8f11b0ec2a9e535912efddd67df780977d15501ec05a08144274c4ed53b1b2fb9dd47c1a9a0896a7f4096e,01,SS-CUFE     ,1,true,,,
4,120254916,GH266720,901483168,GHG GLOBAL HEALTH GROUP S.A.S,901543761,EPS FAMILIAR DE COLOMBIA,189450.0,2026-01-03T00:00:00,10:01:24,,e40f0dd4dbd09a28da67c8e500294f9355a46a2bccf99bd3fab06c303d77cd1706579ddeb93567030496667638e5387f,01,SS-CUFE     ,1,true,,,
4,120254923,GH266727,901483168,GHG GLOBAL HEALTH GROUP S.A.S,901543761,EPS FAMILIAR DE COLOMBIA,6810.0,2026-01-03T00:00:00,10:01:15,,18d83f6cc70fe9e281d1c9a6da67bfe25271d11092f8b3dfd8f4422790c7fabf0e47355cbeb52a9649babd80b7fbeb90,01,SS-CUFE     ,1,true,,,
4,120254927,GH266732,901483168,GHG GLOBAL HEALTH GROUP S.A.S,901543761,EPS FAMILIAR DE COLOMBIA,8664.0,2026-01-03T00:00:00,10:01:11,,39bfc01774f316d108c52b76c681bad9961f91c40872f581683dd5376b5c9eb781cc20e24e7aa5667bcea7c16047e3e3,01,SS-CUFE     ,1,true,,,
4,120254930,GH266750,901483168,GHG GLOBAL HEALTH GROUP S.A.S,901543761,EPS FAMILIAR DE COLOMBIA,58443.0,2026-01-03T00:00:00,10:01:07,,e85490e8393a301a5736781584b7ec2ced4bdd410a759adbf4f2f77e4ea93c5674b729add55b1db61ebb69c54af504b9,01,SS-CUFE     ,2,true,,,
4,120254935,FSSC3623,901334785,SANAR Y CURAR IPS S.A.S,901543761,EPS FAMILIAR DE COLOMBIA S.A.S,2650000.0,2026-01-05T00:00:00,00:00:00,2026-02-04T00:00:00,3e8fc0f59f3dd0755c328bbd64f44196c680f680a8d189acd14c9a07ccae8600f623e20b9b04692b0f9b5fdc95959313,01,SS-CUFE     ,1,true,,,
4,120254938,GH266753,901483168,GHG GLOBAL HEALTH GROUP S.A.S,901543761,EPS FAMILIAR DE COLOMBIA,32773.0,2026-01-03T00:00:00,10:01:20,,ab6b2d3e7301220cd060a69cfb0fa45d5365410c6ca0b799cb77953317df8d295a00890db72cea63dc29b524bc51a5b2,01,SS-CUFE     ,1,true,,,
4,120254944,GH266756,901483168,GHG GLOBAL HEALTH GROUP S.A.S,901543761,EPS FAMILIAR DE COLOMBIA,207290.0,2026-01-03T00:00:00,10:01:36,,272f01d7a57e4dfcbf6061450a10ddb50356ae73fc248d0ac50e8d96af9d57fbf460e5b9653e759ec0ab8610b435a9cf,01,SS-CUFE     ,2,true,,,
4,120254954,GH266760,901483168,GHG GLOBAL HEALTH GROUP S.A.S,901543761,EPS FAMILIAR DE COLOMBIA,23240.0,2026-01-03T00:00:00,10:01:32,,ddf0e5806cd4e7ed5a42a31819d28bb92b7c4861b0ab0d8dd11c433e0e456aa694530e2b905fafb80ad33398804698d4,01,SS-CUFE     ,1,true,,,
4,120254962,GH266763,901483168,GHG GLOBAL HEALTH GROUP S.A.S,901543761,EPS FAMILIAR DE COLOMBIA,65680.0,2026-01-03T00:00:00,10:01:28,,d8eaed81f9449ed6083b098fc131b96ce4040aec8f0409c0be960ad3d6fe83ad5bf35ff179e81734525b5387b394080a,01,SS-CUFE     ,1,true,,,
4,120254966,GH266767,901483168,GHG GLOBAL HEALTH GROUP S.A.S,901543761,EPS FAMILIAR DE COLOMBIA,16282.0,2026-01-03T00:00:00,10:01:24,,ce633d05d64fc9c466edabaaf04cccbe281ddd108b8025bdd4fecce32cdf44b9b3780c960277078c2927ae4193755699,01,SS-CUFE     ,1,true,,,
4,120254973,GH266771,901483168,GHG GLOBAL HEALTH GROUP S.A.S,901543761,EPS FAMILIAR DE COLOMBIA,33360.0,2026-01-03T00:00:00,10:01:25,,8544fe59dd8da6c29f562f91361e719445044d11c4e2392d1807858438f161f468853360854477a939b050942d911f53,01,SS-CUFE     ,1,true,,,
4,120254982,GH266775,901483168,GHG GLOBAL HEALTH GROUP S.A.S,901543761,EPS FAMILIAR DE COLOMBIA,17696.0,2026-01-03T00:00:00,10:01:20,,2ca83562377ada2f2949f5a97b18b8e26aefeea9b59d97a94c24c3f0009739f322ae9ed7a9a4221fcdfef425d9fe2511,01,SS-CUFE     ,1,true,,,
4,120254992,GH266779,901483168,GHG GLOBAL HEALTH GROUP S.A.S,901543761,EPS FAMILIAR DE COLOMBIA,48630.0,2026-01-03T00:00:00,10:01:40,,61c35d5d74065747c5ffde2c76ae2d74b395379769bde68ca0c14feee792242d82ed79845c88cd70cb83a31f3672cee4,01,SS-CUFE     ,1,true,,,
4,120254996,GH266782,901483168,GHG GLOBAL HEALTH GROUP S.A.S,901543761,EPS FAMILIAR DE COLOMBIA,5400.0,2026-01-03T00:00:00,10:01:04,,154fb7394e379668a962d5bc8e6fd009cd9415cc006191b81738e32cdac73577ef5edea4d55ffd4015619a0af44dab5c,01,SS-CUFE     ,1,true,,,
4,120255006,GH266785,901483168,GHG GLOBAL HEALTH GROUP S.A.S,901543761,EPS FAMILIAR DE COLOMBIA,530.0,2026-01-03T00:00:00,10:01:48,,1a05a4eb666f4fecbc46f22586d74f46084fd900bfb43ba3b4ab109fa4d29bb369df7cfac118e46e1965524d68d527ad,01,SS-CUFE     ,1,true,,,
4,120255012,GH266789,901483168,GHG GLOBAL HEALTH GROUP S.A.S,901543761,EPS FAMILIAR DE COLOMBIA,146730.0,2026-01-03T00:00:00,10:01:16,,e18e305420f5c4cd89ef742882303a000bce5444e4aa60b47b15964a917c62ba95606f293f03ac550715c8233d65c66a,01,SS-CUFE     ,1,true,,,
4,120255017,GH266791,901483168,GHG GLOBAL HEALTH GROUP S.A.S,901543761,EPS FAMILIAR DE COLOMBIA,28700.0,2026-01-03T00:00:00,10:01:08,,a5711029a996a4fdf3ec807a2551455bcf5a2abfb680af8727d6aa3892d7ef5c7505e33ba6b012fd6edb1adcb1260dd3,01,SS-CUFE     ,2,true,,,
4,120255023,GH266795,901483168,GHG GLOBAL HEALTH GROUP S.A.S,901543761,EPS FAMILIAR DE COLOMBIA,9450.0,2026-01-03T00:00:00,10:01:00,,952322ac88b913b6850bc47db4e36907815c5ddfa7ff87265aadfa6571793d2f39a0c9a8a341fbea3ab76f6cea2f3900,01,SS-CUFE     ,1,true,,,
4,120255037,GH266798,901483168,GHG GLOBAL HEALTH GROUP S.A.S,901543761,EPS FAMILIAR DE COLOMBIA,106110.0,2026-01-03T00:00:00,10:01:56,,124c348a18005055f1575e17c514a4cf70286f4f070b5dca03b39b069a1628878507080f4d8e56b00bf9faec76e7ae46,01,SS-CUFE     ,1,true,,,
4,120255040,GH266801,901483168,GHG GLOBAL HEALTH GROUP S.A.S,901543761,EPS FAMILIAR DE COLOMBIA,17850.0,2026-01-03T00:00:00,10:01:52,,5ad9ab718dce8b02dd57382cf6019ef2bb1730081c3adae41ffee1004931856e25d05411204dbef8c1e7faa7b30b22c9,01,SS-CUFE     ,1,true,,,
4,120255046,GH266805,901483168,GHG GLOBAL HEALTH GROUP S.A.S,901543761,EPS FAMILIAR DE COLOMBIA,81600.0,2026-01-03T00:00:00,10:01:35,,7b3f12c101a0390bfc3fde235ae69e0a53f70de29a8238c24da5b00d59cec0c15a1b3a821f6c5bf4334e1b30b4f7c7bd,01,SS-CUFE     ,2,true,,,
4,120255054,GH266808,901483168,GHG GLOBAL HEALTH GROUP S.A.S,901543761,EPS FAMILIAR DE COLOMBIA,10530.0,2026-01-03T00:00:00,10:01:31,,85f1a5e9e64619aa406c8f0ec5f1154a22ec5f49718a0a5d74e38254c06513192b216b497391c9f91215a93288039f5f,01,SS-CUFE     ,1,true,,,
4,120255062,GH266812,901483168,GHG GLOBAL HEALTH GROUP S.A.S,901543761,EPS FAMILIAR DE COLOMBIA,48630.0,2026-01-03T00:00:00,10:01:12,,53dd2e9c2cddc0bc774c935d0a2c61b58542045b225e473a7280dd6faee5bf9c066d2fe7f13a38d61cb9bbb4ce5fb639,01,SS-CUFE     ,1,true,,,
4,120255066,GH266815,901483168,GHG GLOBAL HEALTH GROUP S.A.S,901543761,EPS FAMILIAR DE COLOMBIA,202956.0,2026-01-03T00:00:00,10:01:44,,60f5d9157f9b7b58619d45f5ae54ffd58ef4b567252892ce7dde84e990d2e198aa3b01f4d1a476337e594169a5e83b5e,01,SS-CUFE     ,2,true,,,
4,120255072,GH266820,901483168,GHG GLOBAL HEALTH GROUP S.A.S,901543761,EPS FAMILIAR DE COLOMBIA,23760.0,2026-01-03T00:00:00,10:01:39,,58d3add25403fcdd76e7275cccf779494d0ad949aa9ac46c2dbdd44d7b91219528c1648a8129e401c11b9b1fc651d07d,01,SS-CUFE     ,1,true,,,
4,120255077,GH266825,901483168,GHG GLOBAL HEALTH GROUP S.A.S,901543761,EPS FAMILIAR DE COLOMBIA,38130.0,2026-01-03T00:00:00,10:01:41,,3c8d1ed1802d4781ddea91579013e54f8fdfddaf300015483fb1be0c8995aa190490ecb681addbfb00d84834c8b3e137,01,SS-CUFE     ,2,true,,,
4,120255084,GH266828,901483168,GHG GLOBAL HEALTH GROUP S.A.S,901543761,EPS FAMILIAR DE COLOMBIA,15569.0,2026-01-03T00:00:00,10:01:37,,3161c0e9c922028562b84835682ad0817d87d02923e520b0ddbc316e552ee58dca8dc4eabcad7e425095effaf69cef8a,01,SS-CUFE     ,1,true,,,
4,120255092,GH266831,901483168,GHG GLOBAL HEALTH GROUP S.A.S,901543761,EPS FAMILIAR DE COLOMBIA,151230.0,2026-01-03T00:00:00,10:01:33,,061dcc262bc77d73561135d34d1063b7e4994fe760d00d287e661e63d957799c92ce1facd6b7d270cca8e22ede581fc3,01,SS-CUFE     ,1,true,,,
4,120255098,GH266838,901483168,GHG GLOBAL HEALTH GROUP S.A.S,901543761,EPS FAMILIAR DE COLOMBIA,10090.0,2026-01-03T00:00:00,10:01:29,,1720f489a45c5689304e74d8481abf6d49204207b34caf497069ac27b31e1618534ac61dc8494ced4207bae93b051c0b,01,SS-CUFE     ,1,true,,,
4,120255105,FSSC3624,901334785,SANAR Y CURAR IPS S.A.S,901543761,EPS FAMILIAR DE COLOMBIA S.A.S,2650000.0,2026-01-05T00:00:00,00:00:00,2026-02-04T00:00:00,4e1f2ea13c04f70d7f7ee7eeaddf1e4e169ad1a9ba0125b11e4b20586df62fac255316f7904ec2cd5b39794b769e78a3,01,SS-CUFE     ,1,true,,,
4,120255107,GH266843,901483168,GHG GLOBAL HEALTH GROUP S.A.S,901543761,EPS FAMILIAR DE COLOMBIA,14160.0,2026-01-03T00:00:00,10:01:39,,e4bfa1b31908f66ef5dd5221ca86deff57f98311f6e52cb1f79e9b5bbb2bbf417332b842795bb0e4f85ef29a67b06055,01,SS-CUFE     ,1,true,,,
4,120255115,GH266846,901483168,GHG GLOBAL HEALTH GROUP S.A.S,901543761,EPS FAMILIAR DE COLOMBIA,29278.0,2026-01-03T00:00:00,10:01:24,,7fbcc071cd453ee60beeb106dca628341ea9bd82f2cf89ce4d5e711d85121b47ec440b434c2c01e7ae81d4e4566d506c,01,SS-CUFE     ,2,true,,,
4,120255123,GH266848,901483168,GHG GLOBAL HEALTH GROUP S.A.S,901543761,EPS FAMILIAR DE COLOMBIA,66130.0,2026-01-03T00:00:00,10:01:20,,416e1c4075b60973fcb3b8d31b0f6adfe17a6b876f6f81dc8c1cfbd94e83da7796992ac8df75a2a99b2a0b9a58858bd2,01,SS-CUFE     ,2,true,,,
4,120255131,GH266855,901483168,GHG GLOBAL HEALTH GROUP S.A.S,901543761,EPS FAMILIAR DE COLOMBIA,59976.0,2026-01-03T00:00:00,10:01:57,,911bd5aadb8087feb964fc0a08671f0a00048c82b634dc098895f47517c4162de053298800b66a87e69ff092b295a408,01,SS-CUFE     ,1,true,,,
4,120255139,GH266858,901483168,GHG GLOBAL HEALTH GROUP S.A.S,901543761,EPS FAMILIAR DE COLOMBIA,46890.0,2026-01-03T00:00:00,10:01:53,,0ffeb631703f3884063def4b11213f6bd7252c097662d5d2575bd961d80394bf5943eda3ca8a5e95d7fcaabfcd8f744e,01,SS-CUFE     ,1,true,,,
4,120255147,GH266863,901483168,GHG GLOBAL HEALTH GROUP S.A.S,901543761,EPS FAMILIAR DE COLOMBIA,77025.0,2026-01-03T00:00:00,10:01:49,,ae84dc88656b328c1298f4a60ad02b70a8fd3a6be6cd96fef5dc30bff333836f7d3b8902b2bd3688ecd3bdc146fe29b0,01,SS-CUFE     ,2,true,,,
4,120255149,GH266865,901483168,GHG GLOBAL HEALTH GROUP S.A.S,901543761,EPS FAMILIAR DE COLOMBIA,94890.0,2026-01-03T00:00:00,10:01:45,,8214bd5b14b7216bbb254eb161d0bb5378188e7ae7d162f7dc979c615e5a94eb67f6846dae01a46edf62d30849a77365,01,SS-CUFE     ,1,true,,,
4,120255154,GH266868,901483168,GHG GLOBAL HEALTH GROUP S.A.S,901543761,EPS FAMILIAR DE COLOMBIA,12996.0,2026-01-03T00:00:00,10:01:41,,a94b56db2ed2fa95dcd4c4d761c7aed5db22a9ea8972854ea535c409049f21b84295e02d2f4d8d0376690e8dffc61165,01,SS-CUFE     ,1,true,,,
4,120255160,GH266871,901483168,GHG GLOBAL HEALTH GROUP S.A.S,901543761,EPS FAMILIAR DE COLOMBIA,65820.0,2026-01-03T00:00:00,10:01:37,,e625576f9f4b6cd4ac56094b56b9b095e498362db09467634bd9fbca510685f7fc7e24b8c1cbdc238bddcad14cc99537,01,SS-CUFE     ,1,true,,,
4,120255169,GH266875,901483168,GHG GLOBAL HEALTH GROUP S.A.S,901543761,EPS FAMILIAR DE COLOMBIA,49720.0,2026-01-03T00:00:00,10:01:33,,ca04c96f739941ef0afb4e9f80461cbbe4f68121e3135a7588c45a445e938f5322d38ea1e38a30ff45a3882f4e5b9a98,01,SS-CUFE     ,2,true,,,
4,120255175,GH266878,901483168,GHG GLOBAL HEALTH GROUP S.A.S,901543761,EPS FAMILIAR DE COLOMBIA,65280.0,2026-01-03T00:00:00,10:01:26,,7488c9d47799726fce5f0dec276d5b2fe2f325c199296174a81a9ed34ae9393d74c4cdc2987b619154d2a90719900481,01,SS-CUFE     ,1,true,,,
4,120255181,GH266882,901483168,GHG GLOBAL HEALTH GROUP S.A.S,901543761,EPS FAMILIAR DE COLOMBIA,107758.0,2026-01-03T00:00:00,10:01:22,,eff4d9ba3ed0b3c40b75d9795f37474a0a9c50c929f361f660891060506557d8df72778120994b4a317be7aeb5730cd3,01,SS-CUFE     ,2,true,,,
4,120255186,GH266885,901483168,GHG GLOBAL HEALTH GROUP S.A.S,901543761,EPS FAMILIAR DE COLOMBIA,167734.0,2026-01-03T00:00:00,10:01:18,,4fb78cdb6572b8655dd19467caf2aea0594e1439295312e7ae984fb70d2ec12cefbb9b25d6f7757d9dbeb771d87dce9a,01,SS-CUFE     ,3,true,,,
4,120255194,GH266889,901483168,GHG GLOBAL HEALTH GROUP S.A.S,901543761,EPS FAMILIAR DE COLOMBIA,257810.0,2026-01-03T00:00:00,10:01:14,,d2f899735ecaad3505551fdcabe4f492ae779508927ebb84c325c3bfc4cc75c21c7fa5286e8729ba7ba79a8ad249c249,01,SS-CUFE     ,2,true,,,
4,120255204,GH266891,901483168,GHG GLOBAL HEALTH GROUP S.A.S,901543761,EPS FAMILIAR DE COLOMBIA,6180.0,2026-01-03T00:00:00,10:01:10,,ec27b4b97a9024c9de6e53113c00a793972a1176151d8a63acad0d5fd56d6e8c5fc2a245c0ce41a0657f194ec9604019,01,SS-CUFE     ,1,true,,,
4,120255213,GH266895,901483168,GHG GLOBAL HEALTH GROUP S.A.S,901543761,EPS FAMILIAR DE COLOMBIA,261930.0,2026-01-03T00:00:00,10:01:05,,0b97cd4859817b6494fa8a7aba3de283baa840ce88d84baabb95d8ddc3b76c274ee73069518f4a2ef59eceab474eac98,01,SS-CUFE     ,1,true,,,
4,120255220,GH266898,901483168,GHG GLOBAL HEALTH GROUP S.A.S,901543761,EPS FAMILIAR DE COLOMBIA,251340.0,2026-01-03T00:00:00,10:01:01,,181f7b1af530546f55a90464978176b7d45150dc447c717783cc7be2cb77d835a14313918deb9c1492bab117eb17f071,01,SS-CUFE     ,1,true,,,
4,120255227,GH266902,901483168,GHG GLOBAL HEALTH GROUP S.A.S,901543761,EPS FAMILIAR DE COLOMBIA,18040.0,2026-01-03T00:00:00,10:01:34,,34539b2abd1efc9f414d77aa57d69c633a4de7839d88f7dd810acb12796ad4147f5ae0ce37888a1be77951206be17f30,01,SS-CUFE     ,1,true,,,
4,120255232,GH266905,901483168,GHG GLOBAL HEALTH GROUP S.A.S,901543761,EPS FAMILIAR DE COLOMBIA,131970.0,2026-01-03T00:00:00,10:01:29,,a47bd7e6a7c8e8c0c8ceed60c91a7dc48b01d2d2e61ee2cb472e6ad7b6d3ebc3705252c383c9bdc4f40ad9d5b99444a5,01,SS-CUFE     ,2,true,,,
4,120255237,GH266908,901483168,GHG GLOBAL HEALTH GROUP S.A.S,901543761,EPS FAMILIAR DE COLOMBIA,68370.0,2026-01-03T00:00:00,10:01:25,,9bfba9774f94db7f9b0b31a1323b1edfc42045a22be8039084327e016c128a1e715bf03d1ff68e75fea796f8d4ae03bc,01,SS-CUFE     ,1,true,,,
4,120255247,GH266910,901483168,GHG GLOBAL HEALTH GROUP S.A.S,901543761,EPS FAMILIAR DE COLOMBIA,8946.0,2026-01-03T00:00:00,10:01:21,,579d77992d83e57c935a8662fdef7c0d14dc06c4df9636ae8f18ee316b1259f9161f410141dcbdd6b7d9ea38903426a1,01,SS-CUFE     ,1,true,,,
4,120255264,GH266915,901483168,GHG GLOBAL HEALTH GROUP S.A.S,901543761,EPS FAMILIAR DE COLOMBIA,9080.0,2026-01-03T00:00:00,10:01:38,,45b54efa01000483bb209393bf4af1bd06985d7e358409be468f1e4d96db315646fdbf669ef5332b7548aefe67db3f9f,01,SS-CUFE     ,1,true,,,
4,120255274,FSSC3625,901334785,SANAR Y CURAR IPS S.A.S,901543761,EPS FAMILIAR DE COLOMBIA S.A.S,2650000.0,2026-01-05T00:00:00,00:00:00,2026-02-04T00:00:00,da4570dccac9133c003ff73e1bd87f34acde39593c64f3c7dd292759fc29e0f2b22330eee86c09796fff80470dc7fb52,01,SS-CUFE     ,1,true,,,
4,120255481,FSSC3555,901334785,SANAR Y CURAR IPS S.A.S,901543761,EPS FAMILIAR DE COLOMBIA S.A.S,2430000.0,2026-01-05T00:00:00,00:00:00,2026-02-04T00:00:00,3960ce38c84b760f4a5ae6ea773a6ece0e6e9c624cb201283c4f0435cc1b7a68c42fade6cca10ed9bb6ff1390f25a1dd,01,SS-CUFE     ,1,true,,,
4,120255628,FSSC3579,901334785,SANAR Y CURAR IPS S.A.S,901543761,EPS FAMILIAR DE COLOMBIA S.A.S,2430000.0,2026-01-05T00:00:00,00:00:00,2026-02-04T00:00:00,fa8ea1c2ab94653e1002a189ab4b5570825039ce73973a9e34294f741a7750359d30f903f63673be322dcc4896c29fd8,01,SS-CUFE     ,1,true,,,
4,120256108,ESE365973,890981137,E.S.E HOSPITAL FRANCISCO VALDERRAMA,901543761,EPS FAMILIAR DE COLOMBIA S.A.S,83400.0,2025-12-10T00:00:00,10:51:15,2026-01-10T00:00:00,16255762278383019dde82de02172b1e3e102ecf7ec937973cd56046995ae2fe174fbb84f94f5a5002e09832f523a476,01,SS-Reporte  ,1,true,,,
4,120257366,SOLD968,900275012,DISTRIBUIDORA Y DROGUERIA STOKOLMO SAS,901543761,EPS FAMILIAR DE COLOMBIA S.A.S,246270.0,2026-01-05T00:00:00,14:54:46,2026-01-05T00:00:00,830f22021d6f90fb1460af94646aa6c7451ec66671c3c7b487621315f7dec5a0caf1331467a335300d3bca70d7c3605a,01,SS-CUFE     ,3,true,,,
4,120257495,ESE366451,890981137,E.S.E HOSPITAL FRANCISCO VALDERRAMA,901543761,EPS FAMILIAR DE COLOMBIA S.A.S,37900.0,2025-12-11T00:00:00,11:24:01,2026-01-10T00:00:00,cdcaf62067838260b887a3e79ef3da8ec8b720bcf1f065cba0a81699ac41a30db0a357b45968cbd8dda7fba4f4623864,01,SS-Reporte  ,1,true,,,
4,120258373,IMAT345492,901085352,INSTITUTO MEDICO DE ALTA TECNOLOGIA S.A.S.,901543761,EPS FAMILIAR DE COLOMBIA S.A.S,3248931.0,2026-01-05T00:00:00,00:00:00,,8c07c7395c2b964ddc5990d37104718363904eb4331796a69bd06e1fca05afa14d0f58e858498f174393de92b4d6a207,01,SS-CUFE     ,39,true,,,
4,120272156,CSI175274,901336751,CLINIVIDA Y SALUD IPS SAS,901543761,EPS FAMILIAR DE COLOMBIA S.A.S.,3881721.0,2026-01-05T00:00:00,00:00:00,2026-02-04T00:00:00,595875379b27da1d012ef284ba362bcbe6bc7c78992cdb3d7981cec92d61bbba3ec9f1fecf81387506bf7d997dc84d4a,01,SS-CUFE     ,89,true,,,
4,120274589,SOLD969,900275012,DISTRIBUIDORA Y DROGUERIA STOKOLMO SAS,901543761,EPS FAMILIAR DE COLOMBIA S.A.S,224610.0,2026-01-05T00:00:00,15:07:06,2026-01-05T00:00:00,b4576b91b26aca066fc9f6646fef7ac3ef2a9356b1e98120196afe27217095f7284ac21dd6355034a450b798701251ef,01,SS-CUFE     ,3,true,,,
4,120275376,ESE367810,890981137,E.S.E HOSPITAL FRANCISCO VALDERRAMA,901543761,EPS FAMILIAR DE COLOMBIA S.A.S,126750.0,2025-12-16T00:00:00,14:12:30,2026-01-16T00:00:00,5047b9c9cdd95155dea87471c7d0121ebe5e38cb42832a433591608a3d7072a1c0275c3274dd54f63a98bcce569ba1a1,01,SS-Reporte  ,10,true,,,
4,120278896,CSI175285,901336751,CLINIVIDA Y SALUD IPS SAS,901543761,EPS FAMILIAR DE COLOMBIA S.A.S.,772844.0,2026-01-05T00:00:00,00:00:00,2026-02-04T00:00:00,9dc8c0cf73dd7f172f80763ad85e7ec156b0fcdd4b4ddbabfe7eaff736b30e8265615316b0dfde3496e095dc2b07dbeb,01,SS-CUFE     ,18,true,,,
4,120279164,FSE98589,806005602,ESE HOSPITAL LOCAL TURBACO,901543761,EPS FAMILIAR DE COLOMBIA S A S,213677.0,2025-12-03T00:00:00,00:00:00,,e669dc1b60169bdf2b9240435a7f3ca71b372cec5a0f705ed02725034d5e379836c5f086255b8eea50d9ef64a922e7e4,01,SS-CUFE     ,7,true,,,
4,120279259,FSE98499,806005602,ESE HOSPITAL LOCAL TURBACO,901543761,EPS FAMILIAR DE COLOMBIA S A S,93500.0,2025-12-02T00:00:00,00:00:00,,9b0342ab4c50b1be82a97ca8b2f2b33e68776cb826d63c95b2150b4e091d6554e687c501892b811c971da530edbd9f4e,01,SS-CUFE     ,1,true,,,
4,120279262,FSE98650,806005602,ESE HOSPITAL LOCAL TURBACO,901543761,EPS FAMILIAR DE COLOMBIA S A S,427002.0,2025-12-04T00:00:00,00:00:00,,6fd4d8f6231e27f9052008910d585fa8711a1a042084f4e4fa0575ba79f9dce3bb21ff0da03e46acba88389052d4cfba,01,SS-CUFE     ,10,true,,,
4,120279263,FSE98507,806005602,ESE HOSPITAL LOCAL TURBACO,901543761,EPS FAMILIAR DE COLOMBIA S A S,244797.0,2025-12-02T00:00:00,00:00:00,,91391e6cb92ea05877d940905b9ce197066e23984def22618805022a4a95314242d795fc85e956667cb2e8312066c20e,01,SS-CUFE     ,10,true,,,
4,120280433,ACM16465,900386591,GYOMEDICAL I.P.S.  S.A.S,901543761,EPS FAMILIAR DE COLOMBIA S.A.S,17742475.0,2026-01-05T00:00:00,15:10:12,,4421d9008b5025839f1869f5adf695ba2559d4be553cf18c9685dd69767dffcf370312d233a1bafc65574ca584df6927,01,SS-CUFE     ,93,true,,,
4,120280502,ACM16466,900386591,GYOMEDICAL I.P.S.  S.A.S,901543761,EPS FAMILIAR DE COLOMBIA S.A.S,25899575.0,2026-01-05T00:00:00,15:13:39,,68db7d2cdfc551a4b576a873d596a382aa676a5a19a7d12d7c20d5cb6595960cbbfc43dca85dc3eed5283adc64d146a5,01,SS-CUFE     ,90,true,,,
4,120281290,ESE369083,890981137,E.S.E HOSPITAL FRANCISCO VALDERRAMA,901543761,EPS FAMILIAR DE COLOMBIA S.A.S,100000.0,2025-12-19T00:00:00,14:25:00,2026-01-18T00:00:00,af944a8a6e238beeac8ddca0553168956d659200f8a4f735b71b6d1afa8dfc128a5f2d6563c65b929f68bbd5cd97b8d5,01,SS-Reporte  ,1,true,,,
4,120283567,FE42574,892200273,CLINICA LAS PEÑITAS S.A.S,901543761,EPS FAMILIAR DE COLOMBIA S.A.S.,1771659.0,2026-01-05T00:00:00,15:28:04,,4309bc629a62e3d30112a3c86070f9005f6a95234f1b43b24e7318d532680635f768ed2e0d99fa5de3524952e6737e55,01,SS-SinAporte,43,true,,,
4,120283954,CSI175288,901336751,CLINIVIDA Y SALUD IPS SAS,901543761,EPS FAMILIAR DE COLOMBIA S.A.S.,416365.0,2026-01-05T00:00:00,00:00:00,2026-02-04T00:00:00,99fd9e4ffab3e570927317b964ad10ec5a9532c270229d33fc7f85acff6889d2c47f2dc8ca02b7b3bfcad13771be167f,01,SS-CUFE     ,11,true,,,
4,120284459,HRPL373000,892399994,ESE HOSPITAL ROSARIO PUMAREJO DE LOPEZ,901543761,EPS FAMILIAR DE COLOMBIA S.A.S.,5585204.0,2025-12-26T00:00:00,17:25:25,,7b85ca4ffe5263e8e4ed3f4b86719062bd448fc579d4f1bcd6661a2e35f46ac15c65d6af163affb1a8cfb38fe2d88a16,01,SS-CUFE     ,111,true,,,
4,120284656,ACM16468,900386591,GYOMEDICAL I.P.S.  S.A.S,901543761,EPS FAMILIAR DE COLOMBIA S.A.S,28022353.0,2026-01-05T00:00:00,15:23:40,,7e202f6b1c0641be7d2379234a4c3afb7291d42e67964e88ade54c065204ec6cdb7be45a80a82ab2a5de3c3402401946,01,SS-CUFE     ,75,true,,,
4,120285093,INCA242921,823002227,INSTITUTO DE CANCEROLOGIA DE SUCRE S.A.S,901543761,EPS FAMILIAR DE COLOMBIA S.A.S,5318797.0,2026-01-05T00:00:00,15:30:08,,e4f7e49ab356c190d1f7eb6bf9b207b0389a043befe256d640cee62f8d9ff66a2a285790378c9fc6d903dda04175d703,01,SS-CUFE     ,4,true,,,
4,120287600,ACM16467,900386591,GYOMEDICAL I.P.S.  S.A.S,901543761,EPS FAMILIAR DE COLOMBIA S.A.S,5707338.0,2026-01-05T00:00:00,15:16:36,,acd56f30906969e8bf8bf35c7e01c4336d59603f44695fbc31fcf6f3fdfb7189d7e458b5afe9c0ea1676f118e9fc14b2,01,SS-CUFE     ,25,true,,,
4,120287607,CSM722645,800183943,CLINICA SANTA MARIA SAS,901543761,EPS FAMILIAR DE COLOMBIA S.A.S. - SUBSIDIADO,11366.0,2026-01-05T00:00:00,11:21:27,,3f2a19194d60c54ab320ebc85f6d376554f3f72c7ea3233b0d5769cc0ae2bec97af09099a19fb21dceb0ec232a64f09b,01,SS-CUFE     ,1,true,,,
4,120287686,CSM722654,800183943,CLINICA SANTA MARIA SAS,901543761,EPS FAMILIAR DE COLOMBIA S.A.S. - SUBSIDIADO,11366.0,2026-01-05T00:00:00,11:28:02,,7c24b2fb566c44a0f139a1d5d0a4be4d575efeb6dafbd178fb70b5af7ef6c45a822e6fb2d6d192c8c5d8342fd4dfcd97,01,SS-CUFE     ,1,true,,,
4,120287761,CSM722656,800183943,CLINICA SANTA MARIA SAS,901543761,EPS FAMILIAR DE COLOMBIA S.A.S. - SUBSIDIADO,11366.0,2026-01-05T00:00:00,11:30:15,,8414febbfcb7f5b8139e3539f3b426eaa75872c5f82642617b3b7110674eff7decbcba177de2e4ec433aff4e325a9d04,01,SS-CUFE     ,1,true,,,
4,120287825,CSM722661,800183943,CLINICA SANTA MARIA SAS,901543761,EPS FAMILIAR DE COLOMBIA S.A.S. - SUBSIDIADO,30000.0,2026-01-05T00:00:00,11:32:52,,b1dc08909e378700c7e4fa743a621ef787a8f090b16651ceb9199a69a93f45160409fed5cb8e8707188c8ecde06608c7,01,SS-CUFE     ,1,true,,,
4,120287881,CSM722664,800183943,CLINICA SANTA MARIA SAS,901543761,EPS FAMILIAR DE COLOMBIA S.A.S. - SUBSIDIADO,120000.0,2026-01-05T00:00:00,11:35:18,,c247a75c4a440c6a5f77a22b048053712e8b31521dba0632517ce1b603119438b21d8a94bc22850edc2e37b653e69fe2,01,SS-CUFE     ,1,true,,,
4,120287966,CSM722666,800183943,CLINICA SANTA MARIA SAS,901543761,EPS FAMILIAR DE COLOMBIA S.A.S. - SUBSIDIADO,11366.0,2026-01-05T00:00:00,11:37:19,,b6827e6bf34d6e6d04b04f51502e40423f452c758d5f35fea4b194d25673bb7bc962f52668ed629a792fefdcad4abb70,01,SS-CUFE     ,1,true,,,
4,120288056,CSM722668,800183943,CLINICA SANTA MARIA SAS,901543761,EPS FAMILIAR DE COLOMBIA S.A.S. - SUBSIDIADO,180000.0,2026-01-05T00:00:00,11:40:37,,35b72fc8e283fc8091d6af996d504dc4412932408f2c76b28f707edd2c5a8935ce850fb81dd5a0d2c4788163be8d47ad,01,SS-CUFE     ,1,true,,,
4,120288132,CSM722672,800183943,CLINICA SANTA MARIA SAS,901543761,EPS FAMILIAR DE COLOMBIA S.A.S. - SUBSIDIADO,80000.0,2026-01-05T00:00:00,11:43:38,,8a5a3f591ff677feab7cb096c933666b886bdb5865042fdef919358fe77346e84458d1fde66c962e85b0093ec5d01f01,01,SS-CUFE     ,1,true,,,
4,120288203,CSM722674,800183943,CLINICA SANTA MARIA SAS,901543761,EPS FAMILIAR DE COLOMBIA S.A.S. - SUBSIDIADO,180000.0,2026-01-05T00:00:00,11:46:35,,fbc59e40db4f691801c3b166645f6665eab010ad60fcaab0b1b6eec4582d4e3fc7594e426b29656a06befd65e697681a,01,SS-CUFE     ,1,true,,,
4,120288270,CSM722677,800183943,CLINICA SANTA MARIA SAS,901543761,EPS FAMILIAR DE COLOMBIA S.A.S. - SUBSIDIADO,180000.0,2026-01-05T00:00:00,11:48:47,,fb9995ee9c86c3d8491bf32a5974ee6473438af318860acd11b37fadf640685ad7fde13f423f361974d340ba7a7eb075,01,SS-CUFE     ,1,true,,,
4,120288354,CSM722680,800183943,CLINICA SANTA MARIA SAS,901543761,EPS FAMILIAR DE COLOMBIA S.A.S. - SUBSIDIADO,30000.0,2026-01-05T00:00:00,11:51:26,,59de713816164607496d18578a48f2f70138168f85e1bcfbc72d31c1b267ad5ee7f9e76bc9c4646a63b545db7a7334f6,01,SS-CUFE     ,1,true,,,
4,120288426,CSM722683,800183943,CLINICA SANTA MARIA SAS,901543761,EPS FAMILIAR DE COLOMBIA S.A.S. - SUBSIDIADO,30000.0,2026-01-05T00:00:00,11:53:41,,c281bc4d7a8cfd6ed5f2252d996e343eb123c6eea25d5e5c3a88ee358c7ccbb54cef57caf0339d1e7041b140bcb3092e,01,SS-CUFE     ,1,true,,,
4,120288502,CSM722687,800183943,CLINICA SANTA MARIA SAS,901543761,EPS FAMILIAR DE COLOMBIA S.A.S. - SUBSIDIADO,30000.0,2026-01-05T00:00:00,11:56:55,,05441075e9be547a37859334d00e0393b9f632f7cf23eacf9fcd1430f3d43ec491626bfc0200d22b881fc5bd826f5f25,01,SS-CUFE     ,1,true,,,
4,120288568,CSM722696,800183943,CLINICA SANTA MARIA SAS,901543761,EPS FAMILIAR DE COLOMBIA S.A.S. - SUBSIDIADO,30000.0,2026-01-05T00:00:00,12:05:33,,2294e8fecdcc7d960d90f365a461588bb18d8dfedd94d08a1abb99136f11d58d5b15e068752b32e5195429197a8cdaa6,01,SS-CUFE     ,1,true,,,
4,120288625,CSM722698,800183943,CLINICA SANTA MARIA SAS,901543761,EPS FAMILIAR DE COLOMBIA S.A.S. - SUBSIDIADO,30000.0,2026-01-05T00:00:00,12:07:55,,1a51410bfdb2b75e92ceb566d9f0c73f1b2fa17dae640cf537499a71d8d032024724523d84e144ee08e35c88fa93aac4,01,SS-CUFE     ,1,true,,,
4,120288692,CSM722703,800183943,CLINICA SANTA MARIA SAS,901543761,EPS FAMILIAR DE COLOMBIA S.A.S. - SUBSIDIADO,30000.0,2026-01-05T00:00:00,12:10:25,,97f62f77281eb6a76f6ff1e1448422602f6f6b5a72d1681620c970c31ad3628c3484e3dff971a896c043d2538f677e50,01,SS-CUFE     ,1,true,,,
4,120288764,CSM722705,800183943,CLINICA SANTA MARIA SAS,901543761,EPS FAMILIAR DE COLOMBIA S.A.S. - SUBSIDIADO,40000.0,2026-01-05T00:00:00,12:13:19,,bf0e1e4aaf9a3692c15317d7417f33f05eee0b413191aa028b719794eafd97558d0096f48593ad3959ca8c3c3978a0ff,01,SS-CUFE     ,1,true,,,
4,120288811,CSM722708,800183943,CLINICA SANTA MARIA SAS,901543761,EPS FAMILIAR DE COLOMBIA S.A.S. - SUBSIDIADO,80000.0,2026-01-05T00:00:00,12:15:08,,118e0033b807505523628c94e0fa9c0609ce41dc687acef1ed59ce14d6e4bdeb62f0299e79a1eef359103bfd7ae7e827,01,SS-CUFE     ,1,true,,,
4,120288868,CSM722712,800183943,CLINICA SANTA MARIA SAS,901543761,EPS FAMILIAR DE COLOMBIA S.A.S. - SUBSIDIADO,30000.0,2026-01-05T00:00:00,12:19:36,,6ee6deb1fd7ae82ad63c6cb6aa9de4ad308f30913ffd668f803a58c04397973a43ec4d6d50cb809fc9d049c65445f044,01,SS-CUFE     ,1,true,,,
4,120288937,CSM722715,800183943,CLINICA SANTA MARIA SAS,901543761,EPS FAMILIAR DE COLOMBIA S.A.S. - SUBSIDIADO,80000.0,2026-01-05T00:00:00,12:23:01,,1ebcfd6c19816dbfe3901f907f7b978c415a0b8c7b032bd4587253da71176d89746c16f9f04852e9fbd885e64b818168,01,SS-CUFE     ,1,true,,,
4,120289003,CSM722717,800183943,CLINICA SANTA MARIA SAS,901543761,EPS FAMILIAR DE COLOMBIA S.A.S. - SUBSIDIADO,80000.0,2026-01-05T00:00:00,12:25:11,,059e019f0828f7971eab7d5b6e77d663b36583154ea2457c528fc3dc926835873316e55f5904cdfb1dd477328ccc2bb3,01,SS-CUFE     ,1,true,,,
4,120289061,CSM722721,800183943,CLINICA SANTA MARIA SAS,901543761,EPS FAMILIAR DE COLOMBIA S.A.S. - SUBSIDIADO,130000.0,2026-01-05T00:00:00,12:29:46,,464a181df6e5124aa6d858c97c5c67e7d2a0e61118b982088e0a24d683924d27ae6811077198511d16bb9e24b3f454d5,01,SS-CUFE     ,1,true,,,
4,120289156,CSM722723,800183943,CLINICA SANTA MARIA SAS,901543761,EPS FAMILIAR DE COLOMBIA S.A.S. - SUBSIDIADO,80000.0,2026-01-05T00:00:00,12:31:57,,c42940ead554275acd556edc7dd6ac8b9ed10b5f89b795ae9e5c77da153b3c54258182908acaddab4968371432235f43,01,SS-CUFE     ,1,true,,,
4,120289246,CSM722726,800183943,CLINICA SANTA MARIA SAS,901543761,EPS FAMILIAR DE COLOMBIA S.A.S. - SUBSIDIADO,80000.0,2026-01-05T00:00:00,12:33:52,,c19c5fd63381b996a23a824ed76e726d4ff84f4b0e03a5da56d3cc1809fb35dac9139653119ba8e022d183095f7e5407,01,SS-CUFE     ,1,true,,,
4,120289321,CSM722728,800183943,CLINICA SANTA MARIA SAS,901543761,EPS FAMILIAR DE COLOMBIA S.A.S. - SUBSIDIADO,30000.0,2026-01-05T00:00:00,12:37:19,,5b0731aaa21e446d6ef82f12d668f1c69951c7e68b2c14fed583b4abc08d42d7e601fa2d5c599ad729337aeb68b4141d,01,SS-CUFE     ,1,true,,,
4,120289404,CSM722731,800183943,CLINICA SANTA MARIA SAS,901543761,EPS FAMILIAR DE COLOMBIA S.A.S. - SUBSIDIADO,80000.0,2026-01-05T00:00:00,12:39:09,,ea3ce287676858e3ad379491f38907abfcedfca3e39a6c84bc52eb2c20918e7ac9557b49d7a1fdb1fad45e3f9134bb8d,01,SS-CUFE     ,1,true,,,
4,120289497,CSM722733,800183943,CLINICA SANTA MARIA SAS,901543761,EPS FAMILIAR DE COLOMBIA S.A.S. - SUBSIDIADO,30000.0,2026-01-05T00:00:00,12:45:16,,398510711af9f93d8642acc425605f0641448c6dcd9ae90238cb13e971237fd1305ae74ab2a94340d67c4d2f936a6dd8,01,SS-CUFE     ,1,true,,,
4,120289572,CSM722736,800183943,CLINICA SANTA MARIA SAS,901543761,EPS FAMILIAR DE COLOMBIA S.A.S. - SUBSIDIADO,30000.0,2026-01-05T00:00:00,12:47:52,,27f8f98bf1b5fd7609dbc71c5e4a469b62ca8071119a8aace97675b203a638f3599fed3a6f91c00ea1ccec38e44fea06,01,SS-CUFE     ,1,true,,,
4,120289601,SOLD970,900275012,DISTRIBUIDORA Y DROGUERIA STOKOLMO SAS,901543761,EPS FAMILIAR DE COLOMBIA S.A.S,146640.0,2026-01-05T00:00:00,15:33:46,2026-01-05T00:00:00,23a3e83bf2a3ca994de7cb5afd006ca619864bcf7e1d1ca62d165a54f2c743caadac7a9586f885aec9a7f66e3dd4aeab,01,SS-CUFE     ,1,true,,,
4,120289637,CSM722737,800183943,CLINICA SANTA MARIA SAS,901543761,EPS FAMILIAR DE COLOMBIA S.A.S. - SUBSIDIADO,30000.0,2026-01-05T00:00:00,12:51:28,,513a192ffd278ca7b295b19d624d740f2f19531d4e6d1935e78dd036e019a2142b1b43ecdbfe05d29ff9a2249e84f712,01,SS-CUFE     ,1,true,,,
4,120289706,CSM722739,800183943,CLINICA SANTA MARIA SAS,901543761,EPS FAMILIAR DE COLOMBIA S.A.S. - SUBSIDIADO,30000.0,2026-01-05T00:00:00,12:55:22,,67935084657cd5fe09ec74f7a7bef56155b472ef7b3150150d863ac43790b958e52d664c4547dddc041ff87e94530f99,01,SS-CUFE     ,1,true,,,
4,120289777,CSM722742,800183943,CLINICA SANTA MARIA SAS,901543761,EPS FAMILIAR DE COLOMBIA S.A.S. - SUBSIDIADO,30000.0,2026-01-05T00:00:00,12:59:59,,fc9ce0f9a59139f4f5b4ff6674f2029d01bdfbad399b5f5f93b575f558a04bb4779cbac152a505edcf4a41ac296dd143,01,SS-CUFE     ,1,true,,,
4,120289857,CSM722744,800183943,CLINICA SANTA MARIA SAS,901543761,EPS FAMILIAR DE COLOMBIA S.A.S. - SUBSIDIADO,30000.0,2026-01-05T00:00:00,13:02:06,,b3ecd9a76b85a7c44d8b6883fcb1469cfc77b060e175b1266f5793d0586836a502a55cd7b6a04936140d52acb265f84a,01,SS-CUFE     ,1,true,,,
4,120289936,CSM722746,800183943,CLINICA SANTA MARIA SAS,901543761,EPS FAMILIAR DE COLOMBIA S.A.S. - SUBSIDIADO,80000.0,2026-01-05T00:00:00,13:03:49,,35c9c98106e255ae3b7cc936a2cf1b1b72ee9adc946484bfd43ee5c88ad9f700be13aa5340c1def93cc51ea2942a6281,01,SS-CUFE     ,1,true,,,
4,120290008,CSM722749,800183943,CLINICA SANTA MARIA SAS,901543761,EPS FAMILIAR DE COLOMBIA S.A.S. - SUBSIDIADO,30000.0,2026-01-05T00:00:00,13:05:48,,e076e21ab671a221e51025867624ddcae8712563548ff180ccedb576fecf3d84bcccbe128fb44170360ed396a2047264,01,SS-CUFE     ,1,true,,,
4,120290071,CSM722794,800183943,CLINICA SANTA MARIA SAS,901543761,EPS FAMILIAR DE COLOMBIA S.A.S. - SUBSIDIADO,30000.0,2026-01-05T00:00:00,13:51:23,,926da4fb42b60853bc1494ccd725bdfdd507d8a5bc298bde19fd20f4981cd9e3ea3db5d683f34e1011c842ca23af46b6,01,SS-CUFE     ,1,true,,,
4,120290144,CSM722800,800183943,CLINICA SANTA MARIA SAS,901543761,EPS FAMILIAR DE COLOMBIA S.A.S. - SUBSIDIADO,30000.0,2026-01-05T00:00:00,13:56:52,,220fe98df05896e8e32428f3e197404ea3b0921712f5c58bb18f6a02e3f742d7135530df36b91bbb436333dde7356366,01,SS-CUFE     ,1,true,,,
4,120290223,CSM722811,800183943,CLINICA SANTA MARIA SAS,901543761,EPS FAMILIAR DE COLOMBIA S.A.S. - SUBSIDIADO,30000.0,2026-01-05T00:00:00,14:07:36,,b5f0853ee68691df1a42d6fe17aa34755b95a51e971faa3916183ebb50a6a047ab9bfb784303fb74bf42fd8b89af5180,01,SS-CUFE     ,1,true,,,
4,120290372,CSM722815,800183943,CLINICA SANTA MARIA SAS,901543761,EPS FAMILIAR DE COLOMBIA S.A.S. - SUBSIDIADO,80000.0,2026-01-05T00:00:00,14:10:21,,d21c7802e55f0c4b1a314320faa1bce5218b16aa50c9912f3d45a8a1216cb6b0d6901fb88939086c9d2928639478303e,01,SS-CUFE     ,1,true,,,
4,120290443,CSM722835,800183943,CLINICA SANTA MARIA SAS,901543761,EPS FAMILIAR DE COLOMBIA S.A.S. - SUBSIDIADO,720000.0,2026-01-05T00:00:00,14:28:01,,0943a337e2638c8d032e39293b0b49b64984fff993ba24037c9643893d433fd81fcd6ba607652f8f0611b54c92f51656,01,SS-CUFE     ,1,true,,,
4,120290523,CSM722839,800183943,CLINICA SANTA MARIA SAS,901543761,EPS FAMILIAR DE COLOMBIA S.A.S. - SUBSIDIADO,30000.0,2026-01-05T00:00:00,14:30:14,,88966c7e5e7c6ac7a63cfbc5726d643e61e755f39dcc8ba0f6a82418d6c23323be5df8f2a91d9e181919e09e3da63361,01,SS-CUFE     ,1,true,,,
4,120290614,CSM721580,800183943,CLINICA SANTA MARIA SAS,901543761,EPS FAMILIAR DE COLOMBIA S.A.S. - SUBSIDIADO,80000.0,2025-12-31T00:00:00,09:01:24,,f31faba193e6b3424e7f442a4b15e8e9f68854e54ee4837cd2be90358411a61109d9acbe4a59f39de7be37246735b4fb,01,SS-CUFE     ,1,true,,,
4,120290701,CSM721584,800183943,CLINICA SANTA MARIA SAS,901543761,EPS FAMILIAR DE COLOMBIA S.A.S. - SUBSIDIADO,30000.0,2025-12-31T00:00:00,09:05:06,,fb01c02c336d9dcadef922d7068a4f97d59a15504495429491a8050363634f7c115d93bd1e60970facffb15ade5293a6,01,SS-CUFE     ,1,true,,,
4,120290725,FE677914,890981536,EMPRESA SOCIAL DEL ESTADO HOSPITAL SAN RAFAEL,901543761,EPSS FAMILIAR DE COLOMBIA S.A.S,327524.0,2026-01-02T00:00:00,10:14:40,2026-02-02T00:00:00,e9a00d15094d69705239d4b294feb89e49da3c88d52bc569d24b9080316fe3e359fff70b95380d743c0d29a9c19c4212,01,SS-CUFE     ,7,true,,,
4,120290794,CSM721610,800183943,CLINICA SANTA MARIA SAS,901543761,EPS FAMILIAR DE COLOMBIA S.A.S. - SUBSIDIADO,130000.0,2025-12-31T00:00:00,09:26:00,,89a2fc12fab31dde05e00c883e246dca172edb4aff8422f9582d2523e0fce7eef55bae4eede12bbd703cd5bdce6f2609,01,SS-CUFE     ,1,true,,,
4,120290905,CSM721614,800183943,CLINICA SANTA MARIA SAS,901543761,EPS FAMILIAR DE COLOMBIA S.A.S. - SUBSIDIADO,80000.0,2025-12-31T00:00:00,09:28:06,,e815111dc475137f626cac23fb1dd0f4155d28fbd92f5566b935e9895228addeb8dbdd06343a402d5718fc0c1a36ab3e,01,SS-CUFE     ,1,true,,,
4,120291010,CSM721618,800183943,CLINICA SANTA MARIA SAS,901543761,EPS FAMILIAR DE COLOMBIA S.A.S. - SUBSIDIADO,80000.0,2025-12-31T00:00:00,09:30:08,,924f42466d41ee14944cd0d56b887545b6a6fd428f094fc65bed71b127ccf2e71bf79faa4413c61bb270f71db57df0ce,01,SS-CUFE     ,1,true,,,
4,120291108,CSM721625,800183943,CLINICA SANTA MARIA SAS,901543761,EPS FAMILIAR DE COLOMBIA S.A.S. - SUBSIDIADO,80000.0,2025-12-31T00:00:00,09:33:23,,26ebedc799cd1e17daeca5c0e0b8de2e26c0e21c39688ab0258cc0e073f3922688ee484b18db9fba4d160f89232527bd,01,SS-CUFE     ,1,true,,,
4,120291203,CSM721629,800183943,CLINICA SANTA MARIA SAS,901543761,EPS FAMILIAR DE COLOMBIA S.A.S. - SUBSIDIADO,100000.0,2025-12-31T00:00:00,09:35:51,,0de8f68e725a646d5644b1775b540093f4bee9f404848892879a0e4ca9c7c1afe40108c53520710a38547ef166210477,01,SS-CUFE     ,1,true,,,
4,120291279,CSM721632,800183943,CLINICA SANTA MARIA SAS,901543761,EPS FAMILIAR DE COLOMBIA S.A.S. - SUBSIDIADO,100000.0,2025-12-31T00:00:00,09:37:42,,4f1b59a7e51e61bd8145b492f24d3ab3f75201b251efd6feb03de5457f0ab91b673486555e2e1bb75c44fc2be474e140,01,SS-CUFE     ,1,true,,,
4,120291356,CSM721637,800183943,CLINICA SANTA MARIA SAS,901543761,EPS FAMILIAR DE COLOMBIA S.A.S. - SUBSIDIADO,100000.0,2025-12-31T00:00:00,09:39:58,,dde4def29f41aa9cfe45ac2d2edc662c1a3e210fc05b55cf4ab8769a1737d94e3cb755f3c7c0ed0ec0eb0551fc9f3875,01,SS-CUFE     ,1,true,,,
4,120291449,CSM721639,800183943,CLINICA SANTA MARIA SAS,901543761,EPS FAMILIAR DE COLOMBIA S.A.S. - SUBSIDIADO,100000.0,2025-12-31T00:00:00,09:41:57,,8489b2439c2e70c5d1a88fec375684ecfb29c5f269935c326bf44583876eeb1fa1ff912924b606ecfa9a6bd8335a64e9,01,SS-CUFE     ,1,true,,,
4,120291523,CSM721642,800183943,CLINICA SANTA MARIA SAS,901543761,EPS FAMILIAR DE COLOMBIA S.A.S. - SUBSIDIADO,220000.0,2025-12-31T00:00:00,09:43:51,,5f8cad25c55b879192c14da3e5484fd43980901306f37ca26c67cc2021e7b94120f3f351733f0a1fbf49e08898ae4372,01,SS-CUFE     ,1,true,,,
4,120291605,CSM721654,800183943,CLINICA SANTA MARIA SAS,901543761,EPS FAMILIAR DE COLOMBIA S.A.S. - SUBSIDIADO,220000.0,2025-12-31T00:00:00,09:54:44,,8d3d5df669606ed967c5a1e5d4791aa46907128d9a4a143deb7fe0c5ea0f38e746e7bb2e90dd75b0bcc8a5607911b4f5,01,SS-CUFE     ,1,true,,,
4,120291688,CSM721658,800183943,CLINICA SANTA MARIA SAS,901543761,EPS FAMILIAR DE COLOMBIA S.A.S. - SUBSIDIADO,300000.0,2025-12-31T00:00:00,09:57:25,,ca2c09e2cb53f7c8e5f28cdd0a8975c09a2a4643af26240fbaaeb28bfc692df4989624d840b5e94c1998d142fad2888b,01,SS-CUFE     ,1,true,,,
4,120291789,CSM721663,800183943,CLINICA SANTA MARIA SAS,901543761,EPS FAMILIAR DE COLOMBIA S.A.S. - SUBSIDIADO,100000.0,2025-12-31T00:00:00,09:59:29,,85ba1fd96dde24d5e69d8167cb9719264b07e3c67e3fa32ba733d4427009efb5eac646e1ff50f1421d13eb2d3a39ef31,01,SS-CUFE     ,1,true,,,
4,120291897,CSM721665,800183943,CLINICA SANTA MARIA SAS,901543761,EPS FAMILIAR DE COLOMBIA S.A.S. - SUBSIDIADO,100000.0,2025-12-31T00:00:00,10:01:41,,ab26ad08d13cd0b291968902b48abd172344de53dd8fc1d11a00e21381422753dcc233e22f648e8d541a2f32e9cdd636,01,SS-CUFE     ,1,true,,,
4,120292009,CSM721670,800183943,CLINICA SANTA MARIA SAS,901543761,EPS FAMILIAR DE COLOMBIA S.A.S. - SUBSIDIADO,170000.0,2025-12-31T00:00:00,10:04:06,,b88601a5f2291a2fbdc0abf96e48afab8f0a2eefe94edf9fdf839171d4041bacd3cdca3c3347a26025909e336b922cdf,01,SS-CUFE     ,1,true,,,
4,120292108,CSM721672,800183943,CLINICA SANTA MARIA SAS,901543761,EPS FAMILIAR DE COLOMBIA S.A.S. - SUBSIDIADO,30000.0,2025-12-31T00:00:00,10:06:32,,5c2dea610ded05bd1be0c28c8d83bf9e3c025782219d1895528ff8fc893cdc504bd528637cae4b5a614eb966a41eb3b9,01,SS-CUFE     ,1,true,,,
4,120292204,CSM721677,800183943,CLINICA SANTA MARIA SAS,901543761,EPS FAMILIAR DE COLOMBIA S.A.S. - SUBSIDIADO,80000.0,2025-12-31T00:00:00,10:08:56,,2796db0aa24822f830bf39a1d51a986adae9bb39e86e09c2121c829e342821036a73897bac5086af29140879227f4b11,01,SS-CUFE     ,1,true,,,
4,120292312,CSM721678,800183943,CLINICA SANTA MARIA SAS,901543761,EPS FAMILIAR DE COLOMBIA S.A.S. - SUBSIDIADO,80000.0,2025-12-31T00:00:00,10:10:37,,80f5471d2dcfbf09cf37d1407bb6262bfe5132417c50f252c61dfba9b5718ba8730f1e4ae75bca33848fd8d8822c41a0,01,SS-CUFE     ,1,true,,,
4,120292427,CSM721683,800183943,CLINICA SANTA MARIA SAS,901543761,EPS FAMILIAR DE COLOMBIA S.A.S. - SUBSIDIADO,80000.0,2025-12-31T00:00:00,10:12:37,,1d0df7a81c1fc10297a91b776725394f99726c805c53fa606966a8596e9ffa01f56c21586673afa94d9b0271928606e1,01,SS-CUFE     ,1,true,,,
4,120292516,CSM721685,800183943,CLINICA SANTA MARIA SAS,901543761,EPS FAMILIAR DE COLOMBIA S.A.S. - SUBSIDIADO,30000.0,2025-12-31T00:00:00,10:14:32,,1e15f79f459624b6e4d7277d2c1b73c8bfff76e7d62e3bb2c5d544c7645a536f5fe9965ee9490461b1fbfa447a768d4a,01,SS-CUFE     ,1,true,,,
4,120292604,CSM721694,800183943,CLINICA SANTA MARIA SAS,901543761,EPS FAMILIAR DE COLOMBIA S.A.S. - SUBSIDIADO,100000.0,2025-12-31T00:00:00,10:18:25,,9cf467374a3613a1bbd889de57cdff27de2a3ba5ca3de860367f571e52b0261cf77362c96b5489873d0133f556604e7b,01,SS-CUFE     ,1,true,,,
4,120292681,CSM721697,800183943,CLINICA SANTA MARIA SAS,901543761,EPS FAMILIAR DE COLOMBIA S.A.S. - SUBSIDIADO,30000.0,2025-12-31T00:00:00,10:20:17,,fa57e0489e3b0bae68fc6629ab25372204b3a7f597832132b01d5be14f5dd2795d365e78e84c4af88235fb2ca64a3722,01,SS-CUFE     ,1,true,,,
4,120292759,CSM721702,800183943,CLINICA SANTA MARIA SAS,901543761,EPS FAMILIAR DE COLOMBIA S.A.S. - SUBSIDIADO,80000.0,2025-12-31T00:00:00,10:22:17,,8de09885ae580613422ab14b1696fb0fd55956a374baa8d46432eea921d67b618d6ad3defe18e86e2992259e4947c519,01,SS-CUFE     ,1,true,,,
4,120292895,CSM721704,800183943,CLINICA SANTA MARIA SAS,901543761,EPS FAMILIAR DE COLOMBIA S.A.S. - SUBSIDIADO,250000.0,2025-12-31T00:00:00,10:26:09,,ca5671596c2e01d39b283201a92cbb7b3b18aba6b51c39a9bc395a34da5c3a11a94a7fa0145fc8115c56f524fe365f9e,01,SS-CUFE     ,1,true,,,
4,120292958,CSM721710,800183943,CLINICA SANTA MARIA SAS,901543761,EPS FAMILIAR DE COLOMBIA S.A.S. - SUBSIDIADO,230000.0,2025-12-31T00:00:00,10:28:26,,d07722a069f46e53e2e20271bab45e6e5e31ba963478daa11e0312704393bac2fcbde3506004342fe84fe177695a3f92,01,SS-CUFE     ,1,true,,,
4,120293051,CSM721714,800183943,CLINICA SANTA MARIA SAS,901543761,EPS FAMILIAR DE COLOMBIA S.A.S. - SUBSIDIADO,100000.0,2025-12-31T00:00:00,10:31:53,,0e95426e402e33a60ac0c6a6aaa2709cb5800c128d4c97ee98824746fc7ab8e32724698a839640f279541de222aaf496,01,SS-CUFE     ,1,true,,,
4,120293139,CSM721716,800183943,CLINICA SANTA MARIA SAS,901543761,EPS FAMILIAR DE COLOMBIA S.A.S. - SUBSIDIADO,30000.0,2025-12-31T00:00:00,10:33:27,,71eec8fbf3bd1268d85812e47fcef6656bed4fb63e464a9c909adbe250685c638af861d2a090f61bd71c0877bbe6ac14,01,SS-CUFE     ,1,true,,,
4,120293225,CSM721741,800183943,CLINICA SANTA MARIA SAS,901543761,EPS FAMILIAR DE COLOMBIA S.A.S. - SUBSIDIADO,30000.0,2025-12-31T00:00:00,10:53:23,,4f35de885fa52349d0894924366abec503fede88ac89cec64c1415bdd7a4bdd83ff00f0d0ac0c5662f0152eee9b67389,01,SS-CUFE     ,1,true,,,
4,120293321,CSM721746,800183943,CLINICA SANTA MARIA SAS,901543761,EPS FAMILIAR DE COLOMBIA S.A.S. - SUBSIDIADO,50000.0,2025-12-31T00:00:00,10:56:09,,288b9b839c5b78c762bc1ed1e1b8f20effea03a2361e0749161c5761944992691c2902d3f0a33912fc7376952ab74ba2,01,SS-CUFE     ,1,true,,,
4,120293418,CSM721751,800183943,CLINICA SANTA MARIA SAS,901543761,EPS FAMILIAR DE COLOMBIA S.A.S. - SUBSIDIADO,50000.0,2025-12-31T00:00:00,10:58:19,,d0fa26b10c3200170df182ebdf31c5db5600127534bf85876be3395520f538b3d503c9b5e3dd597485608d01a9146ba3,01,SS-CUFE     ,1,true,,,
4,120293502,CSM721755,800183943,CLINICA SANTA MARIA SAS,901543761,EPS FAMILIAR DE COLOMBIA S.A.S. - SUBSIDIADO,130000.0,2025-12-31T00:00:00,11:03:08,,7dd21f0639964b7d722d8c2791316ce192aba5dea5f98c9526e41090109151945f5da70752e1d843e5fc5344d705d9e7,01,SS-CUFE     ,1,true,,,
4,120293517,ACM16387,900386591,GYOMEDICAL I.P.S.  S.A.S,901543761,EPS FAMILIAR DE COLOMBIA S.A.S,14397516.0,2026-01-02T00:00:00,10:10:23,,c80e14e373deb7dd4b9e8a3e8332bb572f7be5f9ab94014585ac6c9873bda0c7f95f5edd799657c77dbbf997d99be39a,01,SS-CUFE     ,63,true,,,
4,120293581,CSM721767,800183943,CLINICA SANTA MARIA SAS,901543761,EPS FAMILIAR DE COLOMBIA S.A.S. - SUBSIDIADO,80000.0,2025-12-31T00:00:00,11:13:46,,c5d994f564304781f5d883f34ac815855073a3bf80eaab6b9261226d73b3795b0b6609b3c5e868b51d3f482c9ebe2a5f,01,SS-CUFE     ,1,true,,,
4,120293672,CSM721780,800183943,CLINICA SANTA MARIA SAS,901543761,EPS FAMILIAR DE COLOMBIA S.A.S. - SUBSIDIADO,80000.0,2025-12-31T00:00:00,11:27:58,,98b165d2d9c018a9bde64847d02eeff84d9c05047604b3f75e33ae01f2ef8bd47ddd25042e827a6bdae0bb5cf6db671f,01,SS-CUFE     ,1,true,,,
4,120293765,CSM721784,800183943,CLINICA SANTA MARIA SAS,901543761,EPS FAMILIAR DE COLOMBIA S.A.S. - SUBSIDIADO,100000.0,2025-12-31T00:00:00,11:30:30,,6c58df92d8da999bf6696838d5d3f8299d99b168128fe18f33db649056954bd9d9c16efdc0726f993c36af0a683e4bd8,01,SS-CUFE     ,1,true,,,
4,120293833,CSM721786,800183943,CLINICA SANTA MARIA SAS,901543761,EPS FAMILIAR DE COLOMBIA S.A.S. - SUBSIDIADO,100000.0,2025-12-31T00:00:00,11:32:14,,6f71ca026b4083ff25ea8009072ee7132acf90c6ee763fcce0159a6634f0e22d14f9993addca387d1c07a758a7f2bca8,01,SS-CUFE     ,1,true,,,
4,120293899,CSM721790,800183943,CLINICA SANTA MARIA SAS,901543761,EPS FAMILIAR DE COLOMBIA S.A.S. - SUBSIDIADO,100000.0,2025-12-31T00:00:00,11:34:17,,734e020642287b44bdd0239c86c3af3ee30bb9a8b71adba10fa69a3f59ece0bb2caa5a3942c295e45d2a58d6b3c1751b,01,SS-CUFE     ,1,true,,,
4,120293971,CSM721795,800183943,CLINICA SANTA MARIA SAS,901543761,EPS FAMILIAR DE COLOMBIA S.A.S. - SUBSIDIADO,170000.0,2025-12-31T00:00:00,11:36:14,,cacc7e67e0f2821ceb828acece5b66aa89ea6ca7855aa253fce80ac8491ca1bf4b8007e1d1ae85ed27be952e074d082d,01,SS-CUFE     ,1,true,,,
4,120294042,CSM721797,800183943,CLINICA SANTA MARIA SAS,901543761,EPS FAMILIAR DE COLOMBIA S.A.S. - SUBSIDIADO,100000.0,2025-12-31T00:00:00,11:38:19,,4bfba80dc4d6fee3add0cff5da9839ea22f219c942c904a08ff6c00f106927cc83d1e8254e98e3e7a09c60a6276b0c0d,01,SS-CUFE     ,1,true,,,
4,120294141,CSM721799,800183943,CLINICA SANTA MARIA SAS,901543761,EPS FAMILIAR DE COLOMBIA S.A.S. - SUBSIDIADO,200000.0,2025-12-31T00:00:00,11:39:56,,8bec90fefb0a41de81502cc1e82a7d155debaa3921c87dbc83809a5e2b251b351aa3aaca0ab67299ba43125d5cbb879b,01,SS-CUFE     ,1,true,,,
4,120294227,CSM721800,800183943,CLINICA SANTA MARIA SAS,901543761,EPS FAMILIAR DE COLOMBIA S.A.S. - SUBSIDIADO,220000.0,2025-12-31T00:00:00,11:40:07,,b7ca868d6c93714b1d9ea1b7a945af325eaddbce7933c9bd8bccadcc44d4798bfd165ff2bd61d2d70e1f16ebb3559316,01,SS-CUFE     ,1,true,,,
4,120294306,CSM721802,800183943,CLINICA SANTA MARIA SAS,901543761,EPS FAMILIAR DE COLOMBIA S.A.S. - SUBSIDIADO,100000.0,2025-12-31T00:00:00,11:41:49,,58987d79f477e4faa4596067e1b1414d3cde6db7c2b40bdc2d210b87a4b4c45d501e09f65ac5fbe84013642ba25fad8f,01,SS-CUFE     ,1,true,,,
4,120294368,CSM721804,800183943,CLINICA SANTA MARIA SAS,901543761,EPS FAMILIAR DE COLOMBIA S.A.S. - SUBSIDIADO,300000.0,2025-12-31T00:00:00,11:43:21,,5258f9f21a50c6bd0ec69f9fab925c04becc3ac0041e080c927285c75fb741eec58183551efb7b3322735b2cc5d04700,01,SS-CUFE     ,1,true,,,
4,120294437,CSM721807,800183943,CLINICA SANTA MARIA SAS,901543761,EPS FAMILIAR DE COLOMBIA S.A.S. - SUBSIDIADO,170000.0,2025-12-31T00:00:00,11:45:05,,a483a30a5dd2996f7bca266f8b270de149295661bdd9d42c30f0b018a4d2a8b2d1ffecb4d8792b9fd7cd3cb27308f1a9,01,SS-CUFE     ,1,true,,,
4,120294495,CSM721808,800183943,CLINICA SANTA MARIA SAS,901543761,EPS FAMILIAR DE COLOMBIA S.A.S. - SUBSIDIADO,100000.0,2025-12-31T00:00:00,11:46:40,,dbfa1b69c5cc0a38e89ca6fd881b0886c19df77e5bfd6d4ba506abea8fccf4c5f0b8f35e880a6ec28f1f1f0a3b035602,01,SS-CUFE     ,1,true,,,
4,120294567,CSM721809,800183943,CLINICA SANTA MARIA SAS,901543761,EPS FAMILIAR DE COLOMBIA S.A.S. - SUBSIDIADO,300000.0,2025-12-31T00:00:00,11:47:42,,5a3d8a498356f9c133b34f091f731699b6ca151dfc6891007e78b14e8b34a15ece4aa2df1575b06ffc141449c8765047,01,SS-CUFE     ,1,true,,,
4,120294620,CSM721812,800183943,CLINICA SANTA MARIA SAS,901543761,EPS FAMILIAR DE COLOMBIA S.A.S. - SUBSIDIADO,100000.0,2025-12-31T00:00:00,11:50:19,,ee2ab7c17a0aa7689b7d76b12bf6f3bb02241bd81bf5772597b7bebf97989799936de3e7dd689620428321ce5a64c0c2,01,SS-CUFE     ,1,true,,,
4,120294651,FE42577,892200273,CLINICA LAS PEÑITAS S.A.S,901543761,EPS FAMILIAR DE COLOMBIA S.A.S.,615996.0,2026-01-05T00:00:00,15:41:43,,137913525bee40bf93cf074f8427ff489128db7590ebba391f26ff8474c8439a8afa5a7500626d473637cb96ca745e75,01,SS-SinAporte,28,true,,,
4,120294756,CSM721816,800183943,CLINICA SANTA MARIA SAS,901543761,EPS FAMILIAR DE COLOMBIA S.A.S. - SUBSIDIADO,30000.0,2025-12-31T00:00:00,11:51:58,,bcd6e0bde8b6c08ef2cfb50c82236a476e49f83c5d6c22dde22299c5729ab2c7935c65f49efa5d5f12fb6a688e334f4f,01,SS-CUFE     ,1,true,,,
4,120294810,CSM721817,800183943,CLINICA SANTA MARIA SAS,901543761,EPS FAMILIAR DE COLOMBIA S.A.S. - SUBSIDIADO,220000.0,2025-12-31T00:00:00,11:52:06,,d1150bebcecdcd552e4d61e7e203bf4c3720fcc81c2e5d15eb905b620a55c3145f2c7ef520a7525ba140cd556d86623e,01,SS-CUFE     ,1,true,,,
4,120294866,CSM721819,800183943,CLINICA SANTA MARIA SAS,901543761,EPS FAMILIAR DE COLOMBIA S.A.S. - SUBSIDIADO,30000.0,2025-12-31T00:00:00,11:53:40,,9ed28548a6d5308dfa4ab9605cf8303967927cb22a88aece81b6c5e4bbe0d3bb08d5f73e487978a8edddd5dc35a2d89c,01,SS-CUFE     ,1,true,,,
4,120294935,CSM721822,800183943,CLINICA SANTA MARIA SAS,901543761,EPS FAMILIAR DE COLOMBIA S.A.S. - SUBSIDIADO,300000.0,2025-12-31T00:00:00,11:54:59,,b2343c90a8c2b7c32c3be2c818e6809315a806e874f750188e9edc0a1c0455f1f0cd2b3fd64184a2caa922c1f8097778,01,SS-CUFE     ,1,true,,,
4,120295038,CSM721823,800183943,CLINICA SANTA MARIA SAS,901543761,EPS FAMILIAR DE COLOMBIA S.A.S. - SUBSIDIADO,80000.0,2025-12-31T00:00:00,11:55:33,,8bc2f26266c26a94e36b01ac6e47a198f733d28cba8bc17266d398f076fea7d434bb34d4353a2f210d3016e61ce44beb,01,SS-CUFE     ,1,true,,,
4,120295114,CSM721827,800183943,CLINICA SANTA MARIA SAS,901543761,EPS FAMILIAR DE COLOMBIA S.A.S. - SUBSIDIADO,30000.0,2025-12-31T00:00:00,11:57:43,,e18ebac0c45ce26066e957360daa9a6f491122e7ecdb2047737dc085c3ec73839b07cefb1eff17a6c28090ebdf285167,01,SS-CUFE     ,1,true,,,
4,120295184,CSM721830,800183943,CLINICA SANTA MARIA SAS,901543761,EPS FAMILIAR DE COLOMBIA S.A.S. - SUBSIDIADO,140000.0,2025-12-31T00:00:00,11:59:05,,020acff767042bd30200f4c7ebc5ce2aa8c1d737608644dec2194f7247c8acf5bf9539bf79ae73e2289aa5d2aadd6fc3,01,SS-CUFE     ,1,true,,,
4,120295245,CSM721835,800183943,CLINICA SANTA MARIA SAS,901543761,EPS FAMILIAR DE COLOMBIA S.A.S. - SUBSIDIADO,30000.0,2025-12-31T00:00:00,12:00:37,,0984196d6810554a87166dfc0e5eea7112608d90991721cb7705b8c5d7a23e334fd8e2ddf91ba07d64b4d2b0d1a01592,01,SS-CUFE     ,1,true,,,
4,120295474,CSM721838,800183943,CLINICA SANTA MARIA SAS,901543761,EPS FAMILIAR DE COLOMBIA S.A.S. - SUBSIDIADO,30000.0,2025-12-31T00:00:00,12:04:26,,fbfbe8ccb8004fca1bb8bbce03baeed87179d1a02e824e4cd1f8abf078309b710042e720ee2ea05a31a73449fa9b3c66,01,SS-CUFE     ,1,true,,,
4,120295564,CSM721841,800183943,CLINICA SANTA MARIA SAS,901543761,EPS FAMILIAR DE COLOMBIA S.A.S. - SUBSIDIADO,30000.0,2025-12-31T00:00:00,12:06:08,,dc13360eb089129febdcfb972dcd671c7d2cdbe65f98c04c64cface3f96cae1ad71ccf14102455ceccfce4c2c00d398f,01,SS-CUFE     ,1,true,,,
4,120295622,CSM721842,800183943,CLINICA SANTA MARIA SAS,901543761,EPS FAMILIAR DE COLOMBIA S.A.S. - SUBSIDIADO,30000.0,2025-12-31T00:00:00,12:08:56,,f93c2c9acda6e36ce920223f87f36f750bcb7fa3396cdef10a03d0c6086eb2be9ddd74fbbf2efd9c4f810c5535f8cd4a,01,SS-CUFE     ,1,true,,,
4,120295687,CSM721845,800183943,CLINICA SANTA MARIA SAS,901543761,EPS FAMILIAR DE COLOMBIA S.A.S. - SUBSIDIADO,30000.0,2025-12-31T00:00:00,12:10:44,,3b3287121e36402adbab7541ef7c29a34b2d8612d340d7c8004c1462c464f935f91502542bf014cc2dd70cfd912ed28f,01,SS-CUFE     ,1,true,,,
4,120295742,CSM721847,800183943,CLINICA SANTA MARIA SAS,901543761,EPS FAMILIAR DE COLOMBIA S.A.S. - SUBSIDIADO,30000.0,2025-12-31T00:00:00,12:12:58,,494224cda52232966c6b42635a3ef22f4052ec56377629620b481c09fdf1eeed81de4ce2564d06426e4dcf294e26cd57,01,SS-CUFE     ,1,true,,,
4,120295795,CSM721850,800183943,CLINICA SANTA MARIA SAS,901543761,EPS FAMILIAR DE COLOMBIA S.A.S. - SUBSIDIADO,30000.0,2025-12-31T00:00:00,12:14:53,,df8a5d123deb91c22809a657433729966fad2a3c1cce361c43ccb3c01a46a2d9e883b802cb5cca2f95d3a8810c4afaaf,01,SS-CUFE     ,1,true,,,
4,120295847,CSM721854,800183943,CLINICA SANTA MARIA SAS,901543761,EPS FAMILIAR DE COLOMBIA S.A.S. - SUBSIDIADO,30000.0,2025-12-31T00:00:00,12:17:56,,2726b029c415a73f4515eb3aa99c7fd4f220652e0a965b8a8f039c2939747724ac47e698d99ff85ece9e2cc943531a31,01,SS-CUFE     ,1,true,,,
4,120295910,CSM721855,800183943,CLINICA SANTA MARIA SAS,901543761,EPS FAMILIAR DE COLOMBIA S.A.S. - SUBSIDIADO,30000.0,2025-12-31T00:00:00,12:19:35,,872a1f157b5b385f84f8ccced09244a361080347ef184802b87d9992a585de2d0604c98e870df47221e18469550bd896,01,SS-CUFE     ,1,true,,,
4,120295966,CSM721857,800183943,CLINICA SANTA MARIA SAS,901543761,EPS FAMILIAR DE COLOMBIA S.A.S. - SUBSIDIADO,30000.0,2025-12-31T00:00:00,12:21:15,,e101259c923474d60f6c492721db3571b8c130070c513d47d048c3fbd9e9dced323d35e225286ce9e5a6380cb456bbc0,01,SS-CUFE     ,1,true,,,
4,120296035,CSM721859,800183943,CLINICA SANTA MARIA SAS,901543761,EPS FAMILIAR DE COLOMBIA S.A.S. - SUBSIDIADO,30000.0,2025-12-31T00:00:00,12:22:52,,62e6e28770b7287ccc49cd759bdc2a8d7c7ca96aaf7f435ea879c582025a8a68a325bcc181cd43e2eb438efae68a8769,01,SS-CUFE     ,1,true,,,
4,120296110,CSM721862,800183943,CLINICA SANTA MARIA SAS,901543761,EPS FAMILIAR DE COLOMBIA S.A.S. - SUBSIDIADO,130000.0,2025-12-31T00:00:00,12:24:48,,c8df8318869b9368c1bc50e7c2a3790332d1c874094c9117bf0b9b4c3dd9950d3ab7100399659af975cc737d7fb9c8ce,01,SS-CUFE     ,1,true,,,
4,120296206,CSM721863,800183943,CLINICA SANTA MARIA SAS,901543761,EPS FAMILIAR DE COLOMBIA S.A.S. - SUBSIDIADO,100000.0,2025-12-31T00:00:00,12:25:19,,018be6e098b36571f3801c5708f85b70837300253748149332a6a44952f462ced00870b3dbf267fc12607c9f112b38f0,01,SS-CUFE     ,1,true,,,
4,120296276,CSM721872,800183943,CLINICA SANTA MARIA SAS,901543761,EPS FAMILIAR DE COLOMBIA S.A.S. - SUBSIDIADO,30000.0,2025-12-31T00:00:00,12:38:53,,40c5dbbad9f5aed269ca77aabf34b9f48151cff8fa7bdc6ed6be6781ab30551b1b5a525f1a887e3cf7073933bda51b11,01,SS-CUFE     ,1,true,,,
4,120296329,CSM721875,800183943,CLINICA SANTA MARIA SAS,901543761,EPS FAMILIAR DE COLOMBIA S.A.S. - SUBSIDIADO,100000.0,2025-12-31T00:00:00,12:45:34,,39727d5bf06d3d4574c1e6e5412d6ea92282f1a070c5d7a43476512e518beda56920d33f1419582eabd51f4594affcbf,01,SS-CUFE     ,1,true,,,
4,120296387,CSM721894,800183943,CLINICA SANTA MARIA SAS,901543761,EPS FAMILIAR DE COLOMBIA S.A.S. - SUBSIDIADO,80000.0,2025-12-31T00:00:00,13:01:08,,a7598e7b4f1de5a110d3dcc71d7e12a79466020533e5311c0b882ec71d576c13c16dec0f9849da623a2e6c5c4c5bb6b7,01,SS-CUFE     ,1,true,,,
4,120296457,CSM721899,800183943,CLINICA SANTA MARIA SAS,901543761,EPS FAMILIAR DE COLOMBIA S.A.S. - SUBSIDIADO,141366.0,2025-12-31T00:00:00,13:05:37,,23b0782432210886208cfabc78d7499989c793bf1b13a3535fe3a1a8feded468f62fd0f4ffe4b10de16ace98668d58c5,01,SS-CUFE     ,3,true,,,
4,120296537,CSM721903,800183943,CLINICA SANTA MARIA SAS,901543761,EPS FAMILIAR DE COLOMBIA S.A.S. - SUBSIDIADO,682014.0,2025-12-31T00:00:00,13:07:07,,91bde6bae32f30cc20790efee40760aa56801d7fe4dcaa50ef21024aa62ab17981dcec77b6d097917f609a7aa1e98497,01,SS-CUFE     ,1,true,,,
4,120296573,IMAT345512,901085352,INSTITUTO MEDICO DE ALTA TECNOLOGIA S.A.S.,901543761,EPS FAMILIAR DE COLOMBIA S.A.S,3844663.0,2026-01-05T00:00:00,00:00:00,,9d6ea39d2d859483d9745c685aabf35994f78d2721d11479bb1063da82846366176a3a25e4a3bbe928b96ef61a90d527,01,SS-CUFE     ,28,true,,,
4,120296609,CSM721906,800183943,CLINICA SANTA MARIA SAS,901543761,EPS FAMILIAR DE COLOMBIA S.A.S. - SUBSIDIADO,140000.0,2025-12-31T00:00:00,13:09:31,,2b913654efe65c371a60fbf40541f952516bb92d60244672d9d03a5d86faf8e957e8a2a28bbf3d8b2a32de97c75a3cc7,01,SS-CUFE     ,1,true,,,
4,120296682,CSM721909,800183943,CLINICA SANTA MARIA SAS,901543761,EPS FAMILIAR DE COLOMBIA S.A.S. - SUBSIDIADO,180000.0,2025-12-31T00:00:00,13:12:31,,28263ce594b0bb470a7664e56c0c059371c21a32fec31c9dc6c3f465752df8893677d6b50fcfafb00aeb1611587ff7a2,01,SS-CUFE     ,1,true,,,
4,120296746,CSM721910,800183943,CLINICA SANTA MARIA SAS,901543761,EPS FAMILIAR DE COLOMBIA S.A.S. - SUBSIDIADO,30000.0,2025-12-31T00:00:00,13:12:55,,018019d64775495802148ed97eb2a3d2323047897a1684ec2aeb25f0efd3734b5fee7be44dbfe152732354cf7208f133,01,SS-CUFE     ,1,true,,,
4,120296758,FE42578,892200273,CLINICA LAS PEÑITAS S.A.S,901543761,EPS FAMILIAR DE COLOMBIA S.A.S.,1124840.0,2026-01-05T00:00:00,15:44:52,,54b429c503f47e7191d34afe8fd5d01c8284be452ea524c9d3cbb0d8ec0b771328f5e02fc491bd5eaae74e30842e2f70,01,SS-SinAporte,27,true,,,
4,120296816,CSM721911,800183943,CLINICA SANTA MARIA SAS,901543761,EPS FAMILIAR DE COLOMBIA S.A.S. - SUBSIDIADO,100000.0,2025-12-31T00:00:00,13:14:51,,dc21a8ca83686d06e5e957057598732396756717aa372dd3cbff8f3817b8aced29f378828bcb28ee8bc72fd89daca642,01,SS-CUFE     ,1,true,,,
4,120296878,CSM721914,800183943,CLINICA SANTA MARIA SAS,901543761,EPS FAMILIAR DE COLOMBIA S.A.S. - SUBSIDIADO,80000.0,2025-12-31T00:00:00,13:21:21,,fbc29d9ed0bc66cf2b368333c6166383e0eedb60498a4f406bc68c9007ad05d5e786c7bebd69c075c6cf90b5aeb58f7a,01,SS-CUFE     ,1,true,,,
4,120296967,CSM721917,800183943,CLINICA SANTA MARIA SAS,901543761,EPS FAMILIAR DE COLOMBIA S.A.S. - SUBSIDIADO,80000.0,2025-12-31T00:00:00,13:23:23,,a72f630bbd36818889084c85ad19658a1f8e78b3551d299464e6ee7bc5b398a0279d3a1dd53bb8710c9dd87955bf5859,01,SS-CUFE     ,1,true,,,
4,120297042,CSM721918,800183943,CLINICA SANTA MARIA SAS,901543761,EPS FAMILIAR DE COLOMBIA S.A.S. - SUBSIDIADO,80000.0,2025-12-31T00:00:00,13:25:53,,8e10a195788a57a6561c9de08bb2a98b792941efd5872db97db92ea6a9e3896befd540c8bf36e2c584d7fd4a6ac7e980,01,SS-CUFE     ,1,true,,,
4,120297138,CSM721924,800183943,CLINICA SANTA MARIA SAS,901543761,EPS FAMILIAR DE COLOMBIA S.A.S. - SUBSIDIADO,50000.0,2025-12-31T00:00:00,13:29:55,,a1c3c631dfc3d78b3512e11ef30cca7b8e99ba97afa2449796f42d04ff207621aecbb04203c08bffa6ef2bb42f09fd30,01,SS-CUFE     ,1,true,,,
4,120297217,CSM721929,800183943,CLINICA SANTA MARIA SAS,901543761,EPS FAMILIAR DE COLOMBIA S.A.S. - SUBSIDIADO,30000.0,2025-12-31T00:00:00,13:32:33,,88ebab2ad018f1c966a7791bf23bb280d092cf6561b324fdc789cffdd0e42d5c0241e47814b5a52e45ece46cdbe2eb49,01,SS-CUFE     ,1,true,,,
4,120297288,CSM721930,800183943,CLINICA SANTA MARIA SAS,901543761,EPS FAMILIAR DE COLOMBIA S.A.S. - SUBSIDIADO,50000.0,2025-12-31T00:00:00,13:32:40,,da1f6c8a6c2f3c56ab8325df6493cba3b14f54e4c23d7255c4ed7392a5368d8a762cecff2023e086e4724e54af2b28f4,01,SS-CUFE     ,1,true,,,
4,120297359,CSM721931,800183943,CLINICA SANTA MARIA SAS,901543761,EPS FAMILIAR DE COLOMBIA S.A.S. - SUBSIDIADO,50000.0,2025-12-31T00:00:00,13:34:50,,018d142c31c3326c7dd9a032ef0eaf145ff3bf8bf89ebffba5a243d5a25f291fc1060c6dbd7a09eb565f3f9885229a9c,01,SS-CUFE     ,1,true,,,
4,120297435,CSM721933,800183943,CLINICA SANTA MARIA SAS,901543761,EPS FAMILIAR DE COLOMBIA S.A.S. - SUBSIDIADO,30000.0,2025-12-31T00:00:00,13:36:28,,e012e9cef854e2fe6608fb6ab69b2122502af0f906781f6d84f3ac6d9e183db668ab85c20610c9b5b6e6f313f39fab69,01,SS-CUFE     ,1,true,,,
4,120297514,CSM721935,800183943,CLINICA SANTA MARIA SAS,901543761,EPS FAMILIAR DE COLOMBIA S.A.S. - SUBSIDIADO,11366.0,2025-12-31T00:00:00,13:37:17,,6141e012f8e786fa7f6244202b423c61de3397378270ac1f3543f986a92f8257bca51adc0c66051a53af71d3f2c84ff2,01,SS-CUFE     ,1,true,,,
4,120297606,CSM721939,800183943,CLINICA SANTA MARIA SAS,901543761,EPS FAMILIAR DE COLOMBIA S.A.S. - SUBSIDIADO,160000.0,2025-12-31T00:00:00,13:39:17,,e80c825e8e46fa5bb8f1b2ebca90d95cfa1ed2501f6186c4d23e4d96575a375cb81ad34cbed60544488db88a9bd49546,01,SS-CUFE     ,1,true,,,
4,120297735,CSM721941,800183943,CLINICA SANTA MARIA SAS,901543761,EPS FAMILIAR DE COLOMBIA S.A.S. - SUBSIDIADO,120000.0,2025-12-31T00:00:00,13:45:12,,3a38763e77d7d064b43590e3da98ea4792a91f77ed57b7ee01d5aa61caeaacf2a6fb4f03671154a0a8420eb22b4c538d,01,SS-CUFE     ,1,true,,,
4,120297816,CSM721943,800183943,CLINICA SANTA MARIA SAS,901543761,EPS FAMILIAR DE COLOMBIA S.A.S. - SUBSIDIADO,120000.0,2025-12-31T00:00:00,13:47:12,,dd4b58128574a1a9e2443e98f7ace361a29bc784a9ce783d9656ab4b3ac644f5949d69ad398b52954da6a8834e54b0e2,01,SS-CUFE     ,1,true,,,
4,120298384,INCA242929,823002227,INSTITUTO DE CANCEROLOGIA DE SUCRE S.A.S,901543761,EPS FAMILIAR DE COLOMBIA S.A.S,842158.0,2026-01-05T00:00:00,15:46:44,,bac5fd380e7d36d4b36a2a6d28d9832cb1aa2c7c706195d32c4acc8841c665c2e814a1725b510c1d1bcbd07b553c2748,01,SS-CUFE     ,8,true,,,
4,120300625,HRPL374291,892399994,ESE HOSPITAL ROSARIO PUMAREJO DE LOPEZ,901543761,EPS FAMILIAR DE COLOMBIA S.A.S.,5911633.0,2026-01-05T00:00:00,15:49:56,,24f32957c31d08a553a0883115d0dfdd43b531de90c4aa323841f1045743c8aac7acca47ff0fc4d4a084fa6660f0507a,01,SS-CUFE     ,94,true,,,
4,120304221,ACM16470,900386591,GYOMEDICAL I.P.S.  S.A.S,901543761,EPS FAMILIAR DE COLOMBIA S.A.S,21109574.0,2026-01-05T00:00:00,15:45:03,,33932d218d83c2f02244d7fabad81d1e959b037aab2ebaa18b9761302b99b21a45a44c401dfabdaa19c51835f7f0c4e2,01,SS-CUFE     ,62,true,,,
4,120304898,FIN57031,900979320,MEDISFARMA S.A.S. EN REORGANIZACION,901543761,EPS FAMILIAR DE COLOMBIA SAS,389970.0,2026-01-05T00:00:00,14:22:48,2026-02-04T00:00:00,ffd4191f3d0b2c0e7d69b8298d04b1d78b80167951f0f254743c8a65cabf0130c6ce0571cce768c8ccc3d7d5eaee8b16,01,SS-CUFE     ,1,true,,,
4,120307409,INCA242931,823002227,INSTITUTO DE CANCEROLOGIA DE SUCRE S.A.S,901543761,EPS FAMILIAR DE COLOMBIA S.A.S,76950.0,2026-01-05T00:00:00,15:59:08,,4f5f16cffa26e176d1a015957b738b3faa7e4e4aa9de4d569c4341696926d2bbd7b6b312347be420b2d94df27d2a49ee,01,SS-CUFE     ,1,true,,,
4,120307424,SOLD971,900275012,DISTRIBUIDORA Y DROGUERIA STOKOLMO SAS,901543761,EPS FAMILIAR DE COLOMBIA S.A.S,400520.0,2026-01-05T00:00:00,15:54:10,2026-01-05T00:00:00,279d52dbdd4e4344ec9dc402ad1cb2d724c9dd825fd8ff99f034ab94bf81b45f09fbd903fe9df55954d7679f31df700c,01,SS-CUFE     ,4,true,,,
4,120308007,ACM16469,900386591,GYOMEDICAL I.P.S.  S.A.S,901543761,EPS FAMILIAR DE COLOMBIA S.A.S,7442881.0,2026-01-05T00:00:00,15:38:47,,fa2b9ea9ae26d4841c5a815ba75c54106ef41ee7d90a5aedc26302c84fa7c2bce5910c45c1c1d14be0ce2fd02dead4d2,01,SS-CUFE     ,42,true,,,
4,120308152,FE42580,892200273,CLINICA LAS PEÑITAS S.A.S,901543761,EPS FAMILIAR DE COLOMBIA S.A.S.,2227575.0,2026-01-05T00:00:00,15:59:59,,adba664c53bfd539892a636f28e8390be12f5847192160eb840879af9c6d38e085035f33e4ffb10d2630cc6c485c55fd,01,SS-SinAporte,33,true,,,
4,120309686,HRPL374295,892399994,ESE HOSPITAL ROSARIO PUMAREJO DE LOPEZ,901543761,EPS FAMILIAR DE COLOMBIA S.A.S.,827011.0,2026-01-05T00:00:00,16:01:19,,5e6003bebe0e9ef95c145db38b2934c67466b7d43c1b2d183dc18882619cc78d9fa48093a2f3fc046cbd123b964e8428,01,SS-CUFE     ,16,true,,,
4,120314236,SOLD972,900275012,DISTRIBUIDORA Y DROGUERIA STOKOLMO SAS,901543761,EPS FAMILIAR DE COLOMBIA S.A.S,141148.0,2026-01-05T00:00:00,16:04:42,2026-01-05T00:00:00,2c15133e26ea136baac52d62162a11d82910bb75c4ba89dedf2d1910eeadda6d7c0b98a5693ec804e0bb7b141c362c58,01,SS-CUFE     ,1,true,,,
4,120318569,FA300574,890981182,ESE HOSPITAL PADRE CLEMENTE GIRALDO,901543761,EPS FAMILIAR DE COLOMBIA S.A.S,620636.0,2026-01-05T00:00:00,15:58:42,2026-02-05T00:00:00,c6415292f540286e8a0edb9d98a930335dca44dd036627c7c29f33d7ef49a2c1a08d550987bf5238b7824ffa4bf5c2ce,01,SS-CUFE     ,21,true,,,
4,120320978,FE42581,892200273,CLINICA LAS PEÑITAS S.A.S,901543761,EPS FAMILIAR DE COLOMBIA S.A.S.,2371461.0,2026-01-05T00:00:00,16:14:31,,6a04968a6895c12c23cbf749654cdca64c9bface09a76e06bd53c38d45760f7c30d7b1c89c052e5fcc2f62533d675ecc,01,SS-SinAporte,45,true,,,
4,120324508,MEDI3870,901314216,MEDI VIDA IPS SAS,901543761,EPS FAMILIAR DE COLOMBIA - SUB,57447936.0,2025-12-01T00:00:00,00:00:00,,3184ce47078d2f3fd8e616b60837d79c0e4490a723369a9fa80ad06c866554a9649b83d30b80652e9b1e7b88ad0a9bd5,61,SS-CUFE     ,1,true,,,
4,120332247,INCA242944,823002227,INSTITUTO DE CANCEROLOGIA DE SUCRE S.A.S,901543761,EPS FAMILIAR DE COLOMBIA S.A.S,12667087.0,2026-01-05T00:00:00,16:30:11,,ba12e18bfaef139367cd19cac8f20bf9f78f40d6d39695d6f6efd3081a7bc01541867d5694d5db0243241076fa3451b9,01,SS-CUFE     ,3,true,,,
4,120333621,CPS19811,802019573,CLINICA PORVENIR S.A.S.,901543761,EPS FAMILIAR DE COLOMBIA S.A.S  .,272257.0,2026-01-05T00:00:00,16:32:26,,145d81068ba3063590b491daca3153c1963e3fb565fa79133147753049cb17370b24b4d6c86ab840c5dcbab0268f5a74,01,SS-CUFE     ,23,true,,,
4,120341755,FE42585,892200273,CLINICA LAS PEÑITAS S.A.S,901543761,EPS FAMILIAR DE COLOMBIA S.A.S.,175173.0,2026-01-05T00:00:00,16:42:50,,b69d38cd3e462cb84b1ed22df7e6cee1a4eae74916d8f0b716becdcb0e3ab49a78886752cb74e3b053d81bdda2efe855,01,SS-SinAporte,13,true,,,
4,120343208,FE42586,892200273,CLINICA LAS PEÑITAS S.A.S,901543761,EPS FAMILIAR DE COLOMBIA S.A.S.,1942071.0,2026-01-05T00:00:00,16:44:27,,b3608eb8de526e38afea5917f08ebbc462746494e57221ece20e3c3a83b3730bcef4d4c1a5acfccfb1cdbcd8632b5a00,01,SS-SinAporte,45,true,,,
4,120353212,FEH833423,890112801,FUNDACION HOSPITAL UNIVERSIDAD DEL NORTE,901543761,EPS FAMILIAR DE COLOMBIA S.A.S.,115030.0,2025-12-30T00:00:00,11:45:18,,5ac41ea9bd4e8d1394bc764dfca3861d057a9af803482299c8416d2a063c71ad63281959ac8f5bd33628c67ed993d159,01,SS-CUFE     ,1,true,,,
4,120359634,FE42591,892200273,CLINICA LAS PEÑITAS S.A.S,901543761,EPS FAMILIAR DE COLOMBIA S.A.S.,1449195.0,2026-01-05T00:00:00,17:06:35,,e7dcba4170593448e2121d85b513829ec3d962e8084cf5fffb0b0d1cbc836329a4fa7b705d2863f13e5226033cb6c6e6,01,SS-SinAporte,38,true,,,
4,120365981,FE42592,892200273,CLINICA LAS PEÑITAS S.A.S,901543761,EPS FAMILIAR DE COLOMBIA S.A.S.,123589.0,2026-01-05T00:00:00,17:13:18,,51d94d6a07e0c39089f599d6281a85b708e67e5670b210e176f388181ffab5337f1531dfe2a5b7697e65dffff7849f69,01,SS-SinAporte,10,true,,,
4,120366748,IPM6284,901867247,IPS MIA SAS,901543761,EPS FAMILIAR DE COLOMBIA S.A.S,290000.0,2026-01-05T00:00:00,14:28:18,2026-02-04T00:00:00,e1338f5be5ab6e2efa671f8bc2bbe85cee69fdf09df09741300f52d3db87d82a5f01e22b76989f6db1d7cedd4ae07641,01,SS-CUFE     ,1,true,,,
4,120366754,IPM6285,901867247,IPS MIA SAS,901543761,EPS FAMILIAR DE COLOMBIA S.A.S,290000.0,2026-01-05T00:00:00,14:30:59,2026-02-04T00:00:00,0d9b59a75b164d3c090b5311753bddcae2e7af8b6099e63c6b1013e34582be3eefa56076f46e0feef6ba9b6fcbc29aad,01,SS-CUFE     ,1,true,,,
4,120366759,IPM6286,901867247,IPS MIA SAS,901543761,EPS FAMILIAR DE COLOMBIA S.A.S,435000.0,2026-01-05T00:00:00,14:37:42,2026-02-04T00:00:00,2daa800cf9f7c915c18d4d64e0d849e035fe43c2c4e9dea22116f46283ea1b0c02c98afad3828d1a6cb69fb082e493a2,01,SS-CUFE     ,1,true,,,
4,120366769,IPM6287,901867247,IPS MIA SAS,901543761,EPS FAMILIAR DE COLOMBIA S.A.S,435000.0,2026-01-05T00:00:00,14:39:28,2026-02-04T00:00:00,37aec0f1f116af04c4ad747b19a3433b8fcb2ee9ba5b6a1b2b1ae2eaa7aaeaa2f264b0b3f21d53e348ff4431a784fc00,01,SS-CUFE     ,1,true,,,
4,120366775,IPM6288,901867247,IPS MIA SAS,901543761,EPS FAMILIAR DE COLOMBIA S.A.S,435000.0,2026-01-05T00:00:00,14:43:04,2026-02-04T00:00:00,574415aa5b274640f13f9126e062a46e751c10421b159a112a8ce4190bfc7557a130e5a5dcb5a2cb8b4d54a24fc420ed,01,SS-CUFE     ,1,true,,,
4,120366781,IPM6289,901867247,IPS MIA SAS,901543761,EPS FAMILIAR DE COLOMBIA S.A.S,435000.0,2026-01-05T00:00:00,14:46:30,2026-02-04T00:00:00,4e2c49251c65eaa40a1d2b221f94ed91b610d92f4a7cd953792cc2b9657864d37eef0a7c17a97be35ecf90af3ce716d7,01,SS-CUFE     ,1,true,,,
4,120366786,IPM6290,901867247,IPS MIA SAS,901543761,EPS FAMILIAR DE COLOMBIA S.A.S,290000.0,2026-01-05T00:00:00,14:49:40,2026-02-04T00:00:00,c42b2436885f386627b822991b0e0e69b421b513e8f88d689de77ed8ac97fc38a4bc7b75566883a0d712002b1aaf0856,01,SS-CUFE     ,1,true,,,
4,120366792,IPM6291,901867247,IPS MIA SAS,901543761,EPS FAMILIAR DE COLOMBIA S.A.S,290000.0,2026-01-05T00:00:00,14:51:57,2026-02-04T00:00:00,8b0394a69c9dc64b524a5dc5c00d5da89b6e9872250e2aff1e7a5ebf8697992b24a7eaf2bb81edb94867c4e8b54c7ee0,01,SS-CUFE     ,1,true,,,
4,120366800,IPM6292,901867247,IPS MIA SAS,901543761,EPS FAMILIAR DE COLOMBIA S.A.S,435000.0,2026-01-05T00:00:00,15:02:46,2026-02-04T00:00:00,32b3b8d7f90c2cdd6f82837c4644d78013d277b235eca388c4753e08c231fb567190874267e2545a0c936375c8412345,01,SS-CUFE     ,1,true,,,
4,120366804,IPM6293,901867247,IPS MIA SAS,901543761,EPS FAMILIAR DE COLOMBIA S.A.S,145000.0,2026-01-05T00:00:00,15:05:11,2026-02-04T00:00:00,572749455a8ea3a9d5a7d9dc0e5dda3cb583e4caad295720b9f7a22dfc161d4c47c81860c2eb249463b8302aa4adf713,01,SS-CUFE     ,1,true,,,
4,120366810,IPM6294,901867247,IPS MIA SAS,901543761,EPS FAMILIAR DE COLOMBIA S.A.S,290000.0,2026-01-05T00:00:00,15:07:10,2026-02-04T00:00:00,59e14e08c27edcb15ab8e63d9007f1f3bd9f2beff83c4fdfc8703e2ee0b18ce8a1cdd43f1f132352d8d2bead71cbbb6b,01,SS-CUFE     ,1,true,,,
4,120366817,IPM6295,901867247,IPS MIA SAS,901543761,EPS FAMILIAR DE COLOMBIA S.A.S,435000.0,2026-01-05T00:00:00,15:09:08,2026-02-04T00:00:00,57e596b7713550c22774297870b57a0455b3cedbf9b97ed5ee0bc472dccc3728863c9bd6a16961a37025b7f75c3c4f77,01,SS-CUFE     ,1,true,,,
4,120366825,IPM6296,901867247,IPS MIA SAS,901543761,EPS FAMILIAR DE COLOMBIA S.A.S,290000.0,2026-01-05T00:00:00,15:14:14,2026-02-04T00:00:00,52cd86ef516d3396165e7aa5415febfb76a95cbde1654b225e893f6dcbf3e03ea03e5b74b1d8df3aac64e9772e780144,01,SS-CUFE     ,1,true,,,
4,120366834,IPM6297,901867247,IPS MIA SAS,901543761,EPS FAMILIAR DE COLOMBIA S.A.S,435000.0,2026-01-05T00:00:00,15:18:37,2026-02-04T00:00:00,4929167c57283ec799f3a13e67a7194633fbe4a80cac5f04afb07b5e51831513dcedd7b26e27c031cdb27fa6a1b14e89,01,SS-CUFE     ,1,true,,,
4,120366841,IPM6298,901867247,IPS MIA SAS,901543761,EPS FAMILIAR DE COLOMBIA S.A.S,435000.0,2026-01-05T00:00:00,15:20:35,2026-02-04T00:00:00,6c5253f975c5ca49ca9177f1dff1617c651a59f2fb60f82085794736c551a440c93161e587f2b6f387e66e72bde97de9,01,SS-CUFE     ,1,true,,,
4,120366846,IPM6299,901867247,IPS MIA SAS,901543761,EPS FAMILIAR DE COLOMBIA S.A.S,435000.0,2026-01-05T00:00:00,15:22:21,2026-02-04T00:00:00,2446924663002ffd0fb3996fa9d111327e599cb8df2598e83facf8a41fd89acbc0e45ffda9dae8edbb5dfea67b050cb0,01,SS-CUFE     ,1,true,,,
4,120366854,IPM6300,901867247,IPS MIA SAS,901543761,EPS FAMILIAR DE COLOMBIA S.A.S,435000.0,2026-01-05T00:00:00,15:24:06,2026-02-04T00:00:00,2104c63be02ea3d10bcdc46ea9d882824a41257488cff8815eb613cb49877f07933cc65123ae0208becd1e019d8dbd81,01,SS-CUFE     ,1,true,,,
4,120366859,IPM6301,901867247,IPS MIA SAS,901543761,EPS FAMILIAR DE COLOMBIA S.A.S,145000.0,2026-01-05T00:00:00,15:26:07,2026-02-04T00:00:00,849e5bf393b3fc13ecd64dc194f1bc1e6525d1785f59462597826152710971a1345048d0966c1c0c7cd668ae62c527c6,01,SS-CUFE     ,1,true,,,
4,120366866,IPM6302,901867247,IPS MIA SAS,901543761,EPS FAMILIAR DE COLOMBIA S.A.S,435000.0,2026-01-05T00:00:00,15:27:42,2026-02-04T00:00:00,4d13d70d1e7e9ae7ba405f605c7c044390bd03a1b08bd0704f8aab89c8f6b7c9e4d059ba6ced8b8ce6570820289a9a4a,01,SS-CUFE     ,1,true,,,
4,120366874,IPM6303,901867247,IPS MIA SAS,901543761,EPS FAMILIAR DE COLOMBIA S.A.S,435000.0,2026-01-05T00:00:00,15:29:09,2026-02-04T00:00:00,9437f7144f36446f5b3a29ac4350624b723dd1181d123b9599bec3ad6dfa563702b5072ddcab22b03cbdf0097821311f,01,SS-CUFE     ,1,true,,,
4,120366881,IPM6304,901867247,IPS MIA SAS,901543761,EPS FAMILIAR DE COLOMBIA S.A.S,435000.0,2026-01-05T00:00:00,15:30:46,2026-02-04T00:00:00,c2c358ed03614bc0e2511ad18fd7b01feb230371f406259d52186b40fff2283d97cd30ed25992dd6349a50f1bb79519a,01,SS-CUFE     ,1,true,,,
4,120366889,IPM6305,901867247,IPS MIA SAS,901543761,EPS FAMILIAR DE COLOMBIA S.A.S,435000.0,2026-01-05T00:00:00,15:32:54,2026-02-04T00:00:00,09b321f0ad4fe154d2d18ce256e2f52e0d3aa2c7648e7f2eeb201cc39999ca559f4913a15c7fc25638899f8020b6c2c9,01,SS-CUFE     ,1,true,,,
4,120366903,IPM6307,901867247,IPS MIA SAS,901543761,EPS FAMILIAR DE COLOMBIA S.A.S,435000.0,2026-01-05T00:00:00,15:36:00,2026-02-04T00:00:00,30f68c7459dc12b939a2ed0d07ebe50c8f371433bd106ca27c07709f4a43e4cce0a6dc264a271de4a6561b86d4ce1e35,01,SS-CUFE     ,1,true,,,
4,120366917,IPM6308,901867247,IPS MIA SAS,901543761,EPS FAMILIAR DE COLOMBIA S.A.S,435000.0,2026-01-05T00:00:00,15:37:32,2026-02-04T00:00:00,925413654a3b0abb1d26ab0d685332e42d288adf3ebb98f9caeb75355e6e64f293751dc62a2b047b2a0863c283be4da6,01,SS-CUFE     ,1,true,,,
4,120366926,IPM6309,901867247,IPS MIA SAS,901543761,EPS FAMILIAR DE COLOMBIA S.A.S,435000.0,2026-01-05T00:00:00,15:39:01,2026-02-04T00:00:00,904021e615f4419b443c96b5976632158101d4dbdb2a12b042e73f40a7a771a5f704a42e6aaf9883f9c4a37b23f33828,01,SS-CUFE     ,1,true,,,
4,120366933,IPM6310,901867247,IPS MIA SAS,901543761,EPS FAMILIAR DE COLOMBIA S.A.S,145000.0,2026-01-05T00:00:00,15:40:22,2026-02-04T00:00:00,4bd2040b22b15c84f7fae6882e59947c13ad2742f5a39f9ccd69a1de0365a0d4829e0825ac94ca811670dbd364355dbc,01,SS-CUFE     ,1,true,,,
4,120366938,IPM6311,901867247,IPS MIA SAS,901543761,EPS FAMILIAR DE COLOMBIA S.A.S,435000.0,2026-01-05T00:00:00,15:42:10,2026-02-04T00:00:00,b2677642458b390da578951856b74462ae4992b5ef18db54b6802e6047853971d8ada341e0ff72d5e6e49dff9af8963d,01,SS-CUFE     ,1,true,,,
4,120366943,IPM6312,901867247,IPS MIA SAS,901543761,EPS FAMILIAR DE COLOMBIA S.A.S,290000.0,2026-01-05T00:00:00,15:43:51,2026-02-04T00:00:00,bcbe4003dc471bf8d4e8aa1ba24c59e49af4a5de5b72dadc7e13327eb2c9ca3a85b6f0afb49e2ce071c689632a53feb9,01,SS-CUFE     ,1,true,,,
4,120366953,IPM6313,901867247,IPS MIA SAS,901543761,EPS FAMILIAR DE COLOMBIA S.A.S,145000.0,2026-01-05T00:00:00,15:46:00,2026-02-04T00:00:00,74a199b037941ea57c2a7cf3ca405f42f27d5917639380914e0acc02e2806d29b7d861706268659c4e024aa4be3e8924,01,SS-CUFE     ,1,true,,,
4,120366961,IPM6314,901867247,IPS MIA SAS,901543761,EPS FAMILIAR DE COLOMBIA S.A.S,435000.0,2026-01-05T00:00:00,15:47:46,2026-02-04T00:00:00,6cbdfccbfdc751ff9a98ace1e33356ee278293f134d138007e119b2b14422fa2e1e46c37269b0d19490d619545b4de6d,01,SS-CUFE     ,1,true,,,
4,120366967,IPM6315,901867247,IPS MIA SAS,901543761,EPS FAMILIAR DE COLOMBIA S.A.S,435000.0,2026-01-05T00:00:00,15:49:30,2026-02-04T00:00:00,1ecc05cc45c398303db3e15b34ec035286a0459e2ed3e0a84e9dbaecfecce43df7f065bf42638acef2ff4f45b2f92e2c,01,SS-CUFE     ,1,true,,,
4,120366972,IPM6316,901867247,IPS MIA SAS,901543761,EPS FAMILIAR DE COLOMBIA S.A.S,145000.0,2026-01-05T00:00:00,15:51:44,2026-02-04T00:00:00,151fdd012f41500006b455b06de85b64ceb5a414471fccc9057f053cefaaf9bb1524a9e7f89b232b30d3158d2da5bddf,01,SS-CUFE     ,1,true,,,
4,120366975,IPM6317,901867247,IPS MIA SAS,901543761,EPS FAMILIAR DE COLOMBIA S.A.S,435000.0,2026-01-05T00:00:00,15:53:15,2026-02-04T00:00:00,abd0095d587c19591b4510ddd2e85a0b7ca5419000ec443bd2dffe40ebc75297043ef3b2abf869518576c86eb85dc7f5,01,SS-CUFE     ,1,true,,,
4,120366978,IPM6318,901867247,IPS MIA SAS,901543761,EPS FAMILIAR DE COLOMBIA S.A.S,435000.0,2026-01-05T00:00:00,15:54:47,2026-02-04T00:00:00,d449aff6c4ebf06708cf38bea124341249a8fa53d0a1024126d121038d73d1b7c3677e09971ab3ac9368d39b33360b90,01,SS-CUFE     ,1,true,,,
4,120366987,IPM6319,901867247,IPS MIA SAS,901543761,EPS FAMILIAR DE COLOMBIA S.A.S,435000.0,2026-01-05T00:00:00,15:56:24,2026-02-04T00:00:00,a201a5afde4f02a9c967b0371a6f1103f1b80fcb07b3f0d094c1ee48c0dba366182c78670a565193b95f4d9973e4bf4a,01,SS-CUFE     ,1,true,,,
4,120366995,IPM6320,901867247,IPS MIA SAS,901543761,EPS FAMILIAR DE COLOMBIA S.A.S,290000.0,2026-01-05T00:00:00,15:58:18,2026-02-04T00:00:00,99ca36189556327c8b95e66ef15c2810f6aa9e356cd288f515504b7a3ed9801a71dec42f13d831d10c4ad69a742214a8,01,SS-CUFE     ,1,true,,,
4,120367001,IPM6321,901867247,IPS MIA SAS,901543761,EPS FAMILIAR DE COLOMBIA S.A.S,435000.0,2026-01-05T00:00:00,15:59:58,2026-02-04T00:00:00,6712834e78032283906937dd769e979d5980db56706d66c1b31c87c0d4ee86c3b3af83e226b769ff5ea69ec633311c6f,01,SS-CUFE     ,1,true,,,
4,120367006,IPM6322,901867247,IPS MIA SAS,901543761,EPS FAMILIAR DE COLOMBIA S.A.S,435000.0,2026-01-05T00:00:00,16:02:03,2026-02-04T00:00:00,ef1a4520201d4b8240f821e4e9925edabeb040e7408d50313c8a706030c8b074b4c463fcbdf91eccdc031f2116f3cd85,01,SS-CUFE     ,1,true,,,
4,120367017,IPM6323,901867247,IPS MIA SAS,901543761,EPS FAMILIAR DE COLOMBIA S.A.S,435000.0,2026-01-05T00:00:00,16:03:44,2026-02-04T00:00:00,3b1edb5603b30076a98545c9e43f1e6ba32adcaf4376a7611db61628c51f1259a95e1630497e989da333e7d48321239d,01,SS-CUFE     ,1,true,,,
4,120367023,IPM6324,901867247,IPS MIA SAS,901543761,EPS FAMILIAR DE COLOMBIA S.A.S,290000.0,2026-01-05T00:00:00,16:05:36,2026-02-04T00:00:00,e2888227ba7d056c2ca3df128a93d12503193889037b6b607ff0dfc2574d3a828c2a15fc8a6347b02d075804ecccc2c3,01,SS-CUFE     ,1,true,,,
4,120367028,IPM6325,901867247,IPS MIA SAS,901543761,EPS FAMILIAR DE COLOMBIA S.A.S,435000.0,2026-01-05T00:00:00,16:07:12,2026-02-04T00:00:00,72de6b538a38dede80c3637b1646b639f08c4dca9887f631141b486051ba1dd6acfb4829717ebfdf6fdd2cef7ba37587,01,SS-CUFE     ,1,true,,,
4,120367033,IPM6326,901867247,IPS MIA SAS,901543761,EPS FAMILIAR DE COLOMBIA S.A.S,290000.0,2026-01-05T00:00:00,16:10:10,2026-02-04T00:00:00,a237e4c7674bdd9d84dd8b6e2302f87603bb743fde9d3319462fc61fa3565caf76d12a6f55a006c87943aaa42df6035e,01,SS-CUFE     ,1,true,,,
4,120367044,IPM6327,901867247,IPS MIA SAS,901543761,EPS FAMILIAR DE COLOMBIA S.A.S,435000.0,2026-01-05T00:00:00,16:12:18,2026-02-04T00:00:00,e575f1743738bfde867841c91028c496baa904be7fc5faa4b251ac45f15c22df0d24c455b36b7d095dc79e01385e5f36,01,SS-CUFE     ,1,true,,,
4,120367049,IPM6328,901867247,IPS MIA SAS,901543761,EPS FAMILIAR DE COLOMBIA S.A.S,145000.0,2026-01-05T00:00:00,16:15:10,2026-02-04T00:00:00,b97e4036d9b3f21506842ba67e2fea93587dad4924eba62a9a7d5543fea21c8629df3f138e3a2acb4c3397352fcdcce6,01,SS-CUFE     ,1,true,,,
4,120367054,IPM6329,901867247,IPS MIA SAS,901543761,EPS FAMILIAR DE COLOMBIA S.A.S,435000.0,2026-01-05T00:00:00,16:19:40,2026-02-04T00:00:00,a4b72f7a1690b8e7626c89c7f5847dddc8d2b248d3f785568424975021c9f46bd70ca92553330727950bed18d61556c4,01,SS-CUFE     ,1,true,,,
4,120367057,IPM6330,901867247,IPS MIA SAS,901543761,EPS FAMILIAR DE COLOMBIA S.A.S,435000.0,2026-01-05T00:00:00,16:21:20,2026-02-04T00:00:00,0b3ecd0bcd403a0d6c08313cb68b928763fccd7f65d7180cc964043530df39b8fa6cf49c7a11a62919bbdc947e2e85d6,01,SS-CUFE     ,1,true,,,
4,120367063,IPM6331,901867247,IPS MIA SAS,901543761,EPS FAMILIAR DE COLOMBIA S.A.S,435000.0,2026-01-05T00:00:00,16:25:46,2026-02-04T00:00:00,b4adb5b2c4fa58cd0e4337f262a3dd3397c9a5e3bd033e18ef9ab767568cdcf67ee326d2aa2ec51785309a0d7835cdb9,01,SS-CUFE     ,1,true,,,
4,120367069,IPM6332,901867247,IPS MIA SAS,901543761,EPS FAMILIAR DE COLOMBIA S.A.S,435000.0,2026-01-05T00:00:00,16:29:15,2026-02-04T00:00:00,184891c298803dbe4233e5d07781d2e54333029a14b8e327fb11c5b9470e2cdc7f479165e34a7530e452a83219a2c195,01,SS-CUFE     ,1,true,,,
4,120367074,IPM6333,901867247,IPS MIA SAS,901543761,EPS FAMILIAR DE COLOMBIA S.A.S,145000.0,2026-01-05T00:00:00,16:32:05,2026-02-04T00:00:00,534258f0096270d8e163eb00cbb01159b7dfd110ac04c513b90af28d77956de3395bf287db2a16d92c5ef5b600aa6dfa,01,SS-CUFE     ,1,true,,,
4,120367079,IPM6334,901867247,IPS MIA SAS,901543761,EPS FAMILIAR DE COLOMBIA S.A.S,435000.0,2026-01-05T00:00:00,16:34:15,2026-02-04T00:00:00,1b1918929ebdafd0bb35b7b7d458b8bdcbb7f65169c4c23e394a0d1cc2c9642df89e07d34b9c7a483f0c2339ec27c756,01,SS-CUFE     ,1,true,,,
4,120367085,IPM6335,901867247,IPS MIA SAS,901543761,EPS FAMILIAR DE COLOMBIA S.A.S,435000.0,2026-01-05T00:00:00,16:35:49,2026-02-04T00:00:00,974e6154b325c30766972708f55f98f93ccea40f5e29f4ec07279490ccc7083148b539703ca8e3cf505aeca809bd6df2,01,SS-CUFE     ,1,true,,,
4,120367091,IPM6336,901867247,IPS MIA SAS,901543761,EPS FAMILIAR DE COLOMBIA S.A.S,435000.0,2026-01-05T00:00:00,16:37:17,2026-02-04T00:00:00,1276ad94a46a93209f1716e15686f467e4f2b8eb7bf616b41e9775070e2239380c681d8e21c30f2770fc72b729791a64,01,SS-CUFE     ,1,true,,,
4,120367094,IPM6337,901867247,IPS MIA SAS,901543761,EPS FAMILIAR DE COLOMBIA S.A.S,435000.0,2026-01-05T00:00:00,16:43:28,2026-02-04T00:00:00,0349ce2d77f806a520612d54e08b92cbef849a73139b9c513575a04250b88228d8e41a8274e03faf4c113563f8f06130,01,SS-CUFE     ,1,true,,,
4,120367102,IPM6338,901867247,IPS MIA SAS,901543761,EPS FAMILIAR DE COLOMBIA S.A.S,435000.0,2026-01-05T00:00:00,16:45:08,2026-02-04T00:00:00,7e261de8830b5be8a23c8e2476257cf3ef436b0fb951693737cafbaab74bbe66b2bd478b06982b614b7555661d892829,01,SS-CUFE     ,1,true,,,
4,120367108,IPM6339,901867247,IPS MIA SAS,901543761,EPS FAMILIAR DE COLOMBIA S.A.S,290000.0,2026-01-05T00:00:00,16:47:20,2026-02-04T00:00:00,9b6e035ebf615610815f98bf22026ce3822c36a16ab16da7238d426812c64a957a17ef205af5446fbdfb54df16d32e49,01,SS-CUFE     ,1,true,,,
4,120367114,IPM6340,901867247,IPS MIA SAS,901543761,EPS FAMILIAR DE COLOMBIA S.A.S,435000.0,2026-01-05T00:00:00,16:49:27,2026-02-04T00:00:00,663b146e2b102ccd012601a3939123499dcfd15564c52353f8a8d3242917bd94b6c40db32a43395e6fbaaeefef4bfd58,01,SS-CUFE     ,1,true,,,
4,120367127,IPM6341,901867247,IPS MIA SAS,901543761,EPS FAMILIAR DE COLOMBIA S.A.S,435000.0,2026-01-05T00:00:00,16:51:23,2026-02-04T00:00:00,4807c1918f67087d912e071ad6bed6a208f2b1ec91f16e3d96685b674143c708b474dc1755a5d20c75d1c776547e87aa,01,SS-CUFE     ,1,true,,,
4,120367132,IPM6342,901867247,IPS MIA SAS,901543761,EPS FAMILIAR DE COLOMBIA S.A.S,435000.0,2026-01-05T00:00:00,16:52:48,2026-02-04T00:00:00,85fdd95849b636d74862849c009cf54486a6c33c7fbfc45bd0f66691a659bbeae70c29eb94380f0f00b66d341ff63c1f,01,SS-CUFE     ,1,true,,,
4,120367138,IPM6343,901867247,IPS MIA SAS,901543761,EPS FAMILIAR DE COLOMBIA S.A.S,145000.0,2026-01-05T00:00:00,16:54:18,2026-02-04T00:00:00,34cb586987d60daaa3f6a67ef43f417504351db93df6f84e78ec1260a698e9f15dfb8e2ae22211035f44fdbb26b64cbf,01,SS-CUFE     ,1,true,,,
4,120367144,IPM6344,901867247,IPS MIA SAS,901543761,EPS FAMILIAR DE COLOMBIA S.A.S,435000.0,2026-01-05T00:00:00,16:56:42,2026-02-04T00:00:00,73d74f2dc7bd33271d6533ce30718623c57d5e67fc47654b505e8fbb32bed6fad7b75b71807c531e50e80210dee862ed,01,SS-CUFE     ,1,true,,,
4,120367272,EHIN1563973,890480135,FUNDACION HOSPITAL INFANTIL NAPOLEON FRANCO PAREJA,901543761,EPS FAMILIAR DE COLOMBIA S.A.S.,70700.0,2026-01-05T00:00:00,15:48:36,,cbbfbae69114215441e42cc018d8a1c0d051e343f6c0832fac11a8f731054375f6b345fdac31f725a4598184b76acb61,01,SS-CUFE     ,1,true,,,
4,120370523,EHIN1564070,890480135,FUNDACION HOSPITAL INFANTIL NAPOLEON FRANCO PAREJA,901543761,EPS FAMILIAR DE COLOMBIA S.A.S.,147600.0,2026-01-05T00:00:00,16:55:24,,53b7b2dec40195175798e1ad030ab4f1c792b403cb506c0595b6c38eaa4dd7498d30f44f7d471be4c4205cfb775c3a12,01,SS-CUFE     ,1,true,,,
4,120374097,FE42594,892200273,CLINICA LAS PEÑITAS S.A.S,901543761,EPS FAMILIAR DE COLOMBIA S.A.S.,906165.0,2026-01-05T00:00:00,17:21:19,,522d7346e254c1d3b33a7f27e7a72f3cfa13650bd744589489681c5c8519dfc51a3713982dea1ad914e06d8b459afea1,01,SS-SinAporte,37,true,,,
4,120381073,HSAJ271025,892120115,ESE HOSPITAL SAN JOSE DE MAICAO,901543761,EPS FAMILIAR DE COLOMBIA S.A.S.,1258140.0,2026-01-01T00:00:00,00:00:00,,d9542ebf05061ac952854fc32462280ed5383625003498ab435921ff51468c81d6674d442ffbd21a8e5606236f96fb15,01,SS-CUFE     ,6,true,,,
4,120381075,HSAJ271293,892120115,ESE HOSPITAL SAN JOSE DE MAICAO,901543761,EPS FAMILIAR DE COLOMBIA S.A.S.,1926190.0,2026-01-04T00:00:00,00:00:00,,19b3e767fb9ecec8de5f57e1a20c9640cb21cb5e4c9ad8f8c15b08605d1d0a82936e6d4096fc320e4e60c5d6cf2fc07b,01,SS-CUFE     ,7,true,,,
4,120398619,IMAT345531,901085352,INSTITUTO MEDICO DE ALTA TECNOLOGIA S.A.S.,901543761,EPS FAMILIAR DE COLOMBIA S.A.S,38874851.0,2026-01-05T00:00:00,00:00:00,,c3f914287db72d2fc45bf28b0281fedf6d28015eb85f64b5c7959cde7582e2e092a716217daab688e4fb70867308fb54,01,SS-CUFE     ,277,true,,,
4,120411749,FECM18891,901274992,CLINICA DE SALUD MENTAL MEDICAR,901543761,EPS FAMILIAR DE COLOMBIA SAS,61472036.0,2026-01-05T00:00:00,00:00:00,2026-02-04T00:00:00,0249b9fcaf5d9f4bcb9f1d6cbb542ea63a41eddd3979fee0491f143af1ea82cde9cf9b92008ca321fefaa5d72f94f450,01,SS-CUFE     ,1,true,,,
4,120423209,FONC293263,812007194,ONCOMEDICA S.A.S.,901543761,EPS FAMILIAR DE COLOMBIA S.A.S,58343388.0,2026-01-05T00:00:00,00:00:00,,7894437ece092155ad0ca891a39b3a83941c738af9529f27646b6832ce512c19d75d0a7ad30197e047035ed408917b55,01,SS-CUFE     ,290,true,,,
4,120423389,FONC293262,812007194,ONCOMEDICA S.A.S.,901543761,EPS FAMILIAR DE COLOMBIA S.A.S,26016760.0,2026-01-05T00:00:00,00:00:00,,30ffcc276955a240879402e2b58e90062cf55d5a9ef8aac7e8ce1b5440539271c9c79bcf67cf72b56794cbe7bb676d4b,01,SS-CUFE     ,19,true,,,
4,120424800,FONC293068,812007194,ONCOMEDICA S.A.S.,901543761,EPS FAMILIAR DE COLOMBIA S.A.S,80421.0,2026-01-05T00:00:00,00:00:00,,0732e8457aebf9bc9d90090a9c3befd0d7edb25c44f504da6d3b890aaf49a829bad50ce8107de49394e790dfc51d9bd2,01,SS-CUFE     ,1,true,,,
4,120425109,FONC293147,812007194,ONCOMEDICA S.A.S.,901543761,EPS FAMILIAR DE COLOMBIA S.A.S,85555.0,2026-01-05T00:00:00,00:00:00,,3b3625c18758ed4fed22c18e13127aa1ef71086bc92256a7e511b19a2c4ba1c824185a453455213659000fdf7c5d8330,01,SS-CUFE     ,1,true,,,
4,120425698,FONC293195,812007194,ONCOMEDICA S.A.S.,901543761,EPS FAMILIAR DE COLOMBIA S.A.S,85555.0,2026-01-05T00:00:00,00:00:00,,a48b805d2afbe2b557f7bbec571aca40642791ca6c4b825f813938eb4daea790555dd036351370f6638efbb7032ac64e,01,SS-CUFE     ,1,true,,,
4,120426088,FONC293230,812007194,ONCOMEDICA S.A.S.,901543761,EPS FAMILIAR DE COLOMBIA S.A.S,30925170.0,2026-01-05T00:00:00,00:00:00,,a34a6f1e29900a2ef250115a33c608b28f702ac3849b752851d3c137a5072a1db546c744115a652281b54512b50d00ff,01,SS-CUFE     ,35,true,,,
4,120476334,FE25286,900112364,SOCIEDAD CARDIOVASCULAR DEL CARIBE COLOMBIANO S.A.S,901543761,EPS FAMILIAR DE COLOMBIA,870229.0,2026-01-05T00:00:00,21:53:24,,ce51e4ca6f91c76e1151f2831046391ce6904ffd1315792649f1d743faf6183195c7ae7964e33a4667f2a05c35f45e9e,01,SS-CUFE     ,26,true,,,
4,120477490,FE25287,900112364,SOCIEDAD CARDIOVASCULAR DEL CARIBE COLOMBIANO S.A.S,901543761,EPS FAMILIAR DE COLOMBIA,343685.0,2026-01-05T00:00:00,21:56:58,,3ec44143a5080d8bc1e0a773d46010762e4d45b4906852250d0137eabc9732164c32a13fab603b17cb1471c72272f9ee,01,SS-CUFE     ,23,true,,,
4,120478704,FE25288,900112364,SOCIEDAD CARDIOVASCULAR DEL CARIBE COLOMBIANO S.A.S,901543761,EPS FAMILIAR DE COLOMBIA,486276.0,2026-01-05T00:00:00,22:00:30,,c02f8e302c7312dd54d15753cde8f497179ab0d54c56fb0d3ea764ead5b1d0542b8928bc01bdb986e73bd0be27d35412,01,SS-CUFE     ,22,true,,,
4,120493444,SVPH4269037,891480036,E.S.E. HOSPITAL SAN VICENTE DE PAUL DE SANTA ROSA DE CABAL,901543761,EPS FAMILIAR DE COLOMBIA SAS,105352.0,2026-01-05T00:00:00,22:50:15,,2e74d259bdc6efae176f96e71552949c8714d95dca4954bab4270c78787dace8ed9170133d1e771830fe8bdb86c16898,01,SS-CUFE     ,8,true,,,
4,120497830,FESD256697,891080015,E.S.E. HOSPITAL SANDIEGO,901543761,EPS FAMILIAR DE COLOMBIA SAS,730788.0,2025-12-23T00:00:00,00:00:00,,2a66960dd745fd8d4d457ff2704035203f8ca1104623ab2e32c5d5c295fdb954c2c562d976cdfd081a9dc3365ade89d4,01,SS-CUFE     ,16,true,,,
4,120497840,FESD257634,891080015,E.S.E. HOSPITAL SANDIEGO,901543761,EPS FAMILIAR DE COLOMBIA SAS,1204596.0,2025-12-30T00:00:00,00:00:00,,ff3acf187be428e37a569172f0c6ded83e67e974e6604fdb226c3e9153150b4e048e419dd0b9d67f5c752f9460dbdcef,01,SS-CUFE     ,23,true,,,
4,120501766,FE836466,891500084,HOSPITAL FRANCISCO DE PAULA SANTANDER EMPRESA SOCIAL DEL ESTADO,901543761,EPS FAMILIAR DE COLOMBIAS S.A.S.,83369.0,2026-01-05T00:00:00,23:03:00,,08fe89fcc9df02121313ff24ca4528a364f49f48243878fa5628008b62579b36efa4130e32bee6170d9f06d75f11c285,01,SS-CUFE     ,2,true,,,
4,120516806,6876477,900959048,SUBRED INTEGRADA DE SERVICIOS DE SALUD SUR OCCIDENTE ESE,901543761,EPS FAMILIAR DE COLOMBIA S.A.S.,172995.0,2026-01-05T00:00:00,22:04:05,,551324dfb0a6f7ccee552951e7bf078df8ab0ff2f6599c40e31930a14fcd66cb3c64e813399b9d84f9aa1033e365d196,01,SS-CUFE     ,5,true,,,
4,120529689,FEH834561,890112801,FUNDACION HOSPITAL UNIVERSIDAD DEL NORTE,901543761,EPS FAMILIAR DE COLOMBIA S.A.S.,85161.0,2026-01-05T00:00:00,15:02:18,,2c3df830bf4bfe751f7f951fb95a87b4edfea653c293715dc616415f179fed01b644d694bf330ac2f7c0e31539819699,01,SS-CUFE     ,1,true,,,
4,120575351,FE836474,891500084,HOSPITAL FRANCISCO DE PAULA SANTANDER EMPRESA SOCIAL DEL ESTADO,901543761,EPS FAMILIAR DE COLOMBIAS S.A.S.,102760.0,2026-01-06T00:00:00,01:31:00,,7b6f8eab04c64e362bd6ddc0a0ccb4b605ff63cfbf5ca79678843d6d8b0bec59a3404327335c0a7acee23ea9264e787f,01,SS-CUFE     ,2,true,,,
4,120643003,HOSF1083587,890680025,EMPRESA SOCIAL DEL ESTADO HOSPITAL SAN RAFAEL FUSAGASUGA,901543761,EPS FAMILIAR DECOLOMBIA S.A.S,813800.0,2026-01-06T00:00:00,06:28:28,,2216434c9d28e841da3d70d959a27433e2e58b08ef3631776c6313a60655d04904f3f1801158b2377785573ef27b0dc4,01,SS-CUFE     ,9,true,,,
4,120659727,FSE633132,900390423,PROMOTORA CLINICA ZONA FRANCA DE URABA S.A.S.,901543761,EPS FAMILIAR DE COLOMBIA S.A.S.,345700.0,2025-12-22T00:00:00,17:52:26,,b3032cb4b244d412f84a1a393762abe8356e6f603b91260bba84fb843fe21105ed1dab0395a563e4c1ffa544b50b301c,01,SS-CUFE     ,1,true,,,
4,120659954,SN650477,900971006,SUBRED INTEGRADA DE SERVICIOS DE SALUD NORTE E.S.E.,901543761,EPS FAMILIAR DE COLOMBIA S.AS.,70000.0,2026-01-06T00:00:00,07:27:05,,e9c393d8df95755aa722df4a21710aee425d316f60fea8d16909eb07bc2e00a3a1fbf21520a3ae391cee99faee7fe773,01,SS-CUFE     ,1,true,,,
4,120662982,FE105706,823002342,CLINICA DE VARICES S.A.S,901543761,EPS FAMILIAR DE COLOMBIA SAS,200000.0,2026-01-06T00:00:00,07:33:59,,a43b19784f47f7714751888f4b0d55bae010eedefb54591a92942b6c0a4d6c31bda47f43bbbf856064655c7f4d4e9341,01,SS-CUFE     ,1,true,,,
4,120666174,FSE639023,900390423,PROMOTORA CLINICA ZONA FRANCA DE URABA S.A.S.,901543761,EPS FAMILIAR DE COLOMBIA S.A.S.,3229729.0,2025-12-30T00:00:00,16:24:39,,f18acb7f5c957145b03addfabc8760fb959217fa1e14000313fa2ed373db09915a231c483185b199c7d1d37faf9d0381,01,SS-CUFE     ,21,true,,,
4,120667438,CEFE44017,900611060,CENEMED QUILICHAO CENTRO DE ESPECIALISTAS SAS,901543761,EPS FAMILIAR DE COLOMBIA S.A.S.,50490.0,2026-01-06T00:00:00,07:13:27,,091fe365979b6d43993831072981d1ff9539472846c6de6f4236157c9ad890dd6387bd97ba787e4ca5b4c9362d7d07e9,01,SS-Recaudo  ,1,true,,,
4,120667479,OCBP1457778,800194798,ORGANIZACION CLINICA BONNADONA-PREVENIR S.A.S,901543761,EPS FAMILIAR DE COLOMBIA S.A.S.-EVENTO -EPS FAMILIAR DE COLOMBIA S.A.S.,35000.0,2026-01-05T00:00:00,08:35:06,2026-02-04T00:00:00,f9e54326c7d710108b2efdce0a51487c9ffdfe26e0e743a41b510a31cfdd131bbbcb8b5bcba8c6ae40f6af75ff207ad3,01,SS-CUFE     ,1,true,,,
4,120668268,OCBP1457859,800194798,ORGANIZACION CLINICA BONNADONA-PREVENIR S.A.S,901543761,EPS FAMILIAR DE COLOMBIA S.A.S.-EVENTO -EPS FAMILIAR DE COLOMBIA S.A.S.,55800.0,2026-01-05T00:00:00,10:05:04,2026-02-04T00:00:00,6c544c9c64a36ef4c0162ee4e2510c0307e767b74e6af9ad774ef488af9745fd2d401f6073293d60047768045f9f9c9f,01,SS-CUFE     ,1,true,,,
4,120668318,OCBP1457865,800194798,ORGANIZACION CLINICA BONNADONA-PREVENIR S.A.S,901543761,EPS FAMILIAR DE COLOMBIA S.A.S.-EVENTO -EPS FAMILIAR DE COLOMBIA S.A.S.,55800.0,2026-01-05T00:00:00,10:05:15,2026-02-04T00:00:00,4f9c5665feb15fe700ef484699fffd95c1bce94f9aaca8fb0c81d50c90335243b8687eebf8634970d80fa3509712ca6e,01,SS-CUFE     ,1,true,,,
4,120668477,OCBP1457877,800194798,ORGANIZACION CLINICA BONNADONA-PREVENIR S.A.S,901543761,EPS FAMILIAR DE COLOMBIA S.A.S.-EVENTO -EPS FAMILIAR DE COLOMBIA S.A.S.,26598.0,2026-01-05T00:00:00,10:20:08,2026-02-04T00:00:00,a531ff1e0249d77294f7f18f1b684c70f26201b8fb9afd8fd86c1f9a4d706ce0f21e598db284747a613ae015c4bbef00,01,SS-CUFE     ,1,true,,,
4,120668501,OCBP1457879,800194798,ORGANIZACION CLINICA BONNADONA-PREVENIR S.A.S,901543761,EPS FAMILIAR DE COLOMBIA S.A.S.-EVENTO -EPS FAMILIAR DE COLOMBIA S.A.S.,26598.0,2026-01-05T00:00:00,10:20:11,2026-02-04T00:00:00,4503df13d04cea347588c899e89830696e3e9733a56236fc1eacd56a77004ad28565f18187cdb6abadc5b08123528934,01,SS-CUFE     ,1,true,,,
4,120668570,OCBP1457882,800194798,ORGANIZACION CLINICA BONNADONA-PREVENIR S.A.S,901543761,EPS FAMILIAR DE COLOMBIA S.A.S.-EVENTO -EPS FAMILIAR DE COLOMBIA S.A.S.,55800.0,2026-01-05T00:00:00,10:20:16,2026-02-04T00:00:00,5413641f21a098dcc0a9f416724458e5eac01310f5ba84b44a036d83456f38c05500600d5bbcbd2f7812b74614418f18,01,SS-CUFE     ,1,true,,,
4,120668662,OCBP1457888,800194798,ORGANIZACION CLINICA BONNADONA-PREVENIR S.A.S,901543761,EPS FAMILIAR DE COLOMBIA S.A.S.-EVENTO -EPS FAMILIAR DE COLOMBIA S.A.S.,80442.0,2026-01-05T00:00:00,10:20:30,2026-02-04T00:00:00,a5222331634f240a59bea9cc518fa9f36432756a7f91b28ea873db84c937359fae6e2c6ac62fe37b5c18b1c0605dfef1,01,SS-CUFE     ,1,true,,,
4,120668733,OCBP1457892,800194798,ORGANIZACION CLINICA BONNADONA-PREVENIR S.A.S,901543761,EPS FAMILIAR DE COLOMBIA S.A.S.-EVENTO -EPS FAMILIAR DE COLOMBIA S.A.S.,55800.0,2026-01-05T00:00:00,10:35:01,2026-02-04T00:00:00,44586f45c94f6f78df0de02a97c1787fa735116b25fb232925b7c3e96f23767c5250bfc5bbf257988ee41161919a1209,01,SS-CUFE     ,1,true,,,
4,120668748,OCBP1457893,800194798,ORGANIZACION CLINICA BONNADONA-PREVENIR S.A.S,901543761,EPS FAMILIAR DE COLOMBIA S.A.S.-EVENTO -EPS FAMILIAR DE COLOMBIA S.A.S.,13064.0,2026-01-05T00:00:00,10:35:04,2026-02-04T00:00:00,c6807fb760401504ad079e886ab1bb61818124e392fd39111c62ace1280e3a20be9671fdc70de22c3bf9de5cae73dd8e,01,SS-CUFE     ,1,true,,,
4,120668888,OCBP1457897,800194798,ORGANIZACION CLINICA BONNADONA-PREVENIR S.A.S,901543761,EPS FAMILIAR DE COLOMBIA S.A.S.-EVENTO -EPS FAMILIAR DE COLOMBIA S.A.S.,45000.0,2026-01-05T00:00:00,10:35:12,2026-02-04T00:00:00,30db620dd873b10c9d60bb27a12fd2c9202605eea02d4d2f973a20f1ac6adeed85a1bf1189e6b32c823f6645edff76ec,01,SS-CUFE     ,1,true,,,
4,120669433,OCBP1457911,800194798,ORGANIZACION CLINICA BONNADONA-PREVENIR S.A.S,901543761,EPS FAMILIAR DE COLOMBIA S.A.S.-EVENTO -EPS FAMILIAR DE COLOMBIA S.A.S.,55800.0,2026-01-05T00:00:00,11:05:06,2026-02-04T00:00:00,3c4fd4eba87a3a589a03275d40e22a660e285ddde713ae179193870335bbbb39264f37f0e1f510d52606cb1c17f5e2b4,01,SS-CUFE     ,1,true,,,
4,120671861,RSS540157,800006850,EMPRESA SOCIAL DEL ESTADO REGION DE SALUD SOACHA,901543761,EPS FAMILIAR DE COLOMBIA SAS,85700.0,2026-01-06T00:00:00,06:49:37,,347a6a049f7b18875446940d889afe43938a94f577b3a0492745c7c693740c45868384f81b718c0d239f591276d25723,01,SS-CUFE     ,1,true,,,
4,120672713,OCBP1457998,800194798,ORGANIZACION CLINICA BONNADONA-PREVENIR S.A.S,901543761,EPS FAMILIAR DE COLOMBIA S.A.S.-EVENTO -EPS FAMILIAR DE COLOMBIA S.A.S.,327260.0,2026-01-05T00:00:00,15:35:09,2026-02-04T00:00:00,59018010a1fe6b7396553688a7d7d238ac8c98f57aab63a883631de21bc5a9c3b1fd5e09a0bd68816de625fcfaf09e00,01,SS-CUFE     ,20,true,,,
4,120675354,OCBP1458052,800194798,ORGANIZACION CLINICA BONNADONA-PREVENIR S.A.S,901543761,EPS FAMILIAR DE COLOMBIA S.A.S.-EVENTO -EPS FAMILIAR DE COLOMBIA S.A.S.,55800.0,2026-01-05T00:00:00,16:20:28,2026-02-04T00:00:00,8ddc58e4d413a8c52ce35a30281f971be3aa42d1110131adfe1a4bca6018635a184c8f19b57c7d3814bad6caeb3e8da0,01,SS-CUFE     ,1,true,,,
4,120676305,FVES550411,891200679,ESE HOSPITAL JOSE MARIA HERNANDEZ,901543761,EPS FAMILIAR DE COLOMBIA SAS,92300.0,2026-01-05T00:00:00,08:16:20,,8739f0ca71ba7abcfc0a80f33b1799d73bd75d621114b8a64a459b7b2218cc92e70720555777bdaf15fe945863d115f6,01,SS-CUFE     ,1,true,,,
4,120676323,FVES550499,891200679,ESE HOSPITAL JOSE MARIA HERNANDEZ,901543761,EPS FAMILIAR DE COLOMBIA SAS,1023860.0,2026-01-05T00:00:00,13:34:35,,36d9ae7a7c954de0b9a1ae6e2a65efafb23cccb1569e461e760b4dd48bfa4cbd382ec79f8472d625de2a7d5a32b0a643,01,SS-CUFE     ,17,true,,,
4,120676344,FVES550584,891200679,ESE HOSPITAL JOSE MARIA HERNANDEZ,901543761,EPS FAMILIAR DE COLOMBIA SAS,162610.0,2026-01-06T00:00:00,06:31:02,,6af60f7bbcb5a345364ff95e826e7f05f9bfd5af77d12de17f07c968a4bc40462bdbe179a36d37563ca2bd6b5e8a4ef3,01,SS-CUFE     ,6,true,,,
4,120676369,FVES550594,891200679,ESE HOSPITAL JOSE MARIA HERNANDEZ,901543761,EPS FAMILIAR DE COLOMBIA SAS,244200.0,2026-01-06T00:00:00,07:25:39,,daadc617df8ad8b347609a059a3c255d7fcf41ddfdc41242e4fb1f1475b7adb202e1ce63838ec3cba058ae06951cdce4,01,SS-CUFE     ,5,true,,,
4,120679700,RSS540154,800006850,EMPRESA SOCIAL DEL ESTADO REGION DE SALUD SOACHA,901543761,EPS FAMILIAR DE COLOMBIA SAS,85700.0,2026-01-06T00:00:00,06:48:41,,b2b53c5e2a32a53439c418b93a0872d1076490c8d6b49e0ecea79044e5dfc808e1e269d22b7fce15df8a4990df7c62aa,01,SS-CUFE     ,1,true,,,
4,120684658,FONC293281,812007194,ONCOMEDICA S.A.S.,901543761,EPS FAMILIAR DE COLOMBIA S.A.S,144785.0,2026-01-06T00:00:00,00:00:00,,83a5efb2e2c0d5556b5da1c8b46afb8c4efc67ced6bcb4c40c8c311e781a62d045d29e26641dc8fae33c11c2f65c1190,01,SS-CUFE     ,1,true,,,
4,120685815,INCA243007,823002227,INSTITUTO DE CANCEROLOGIA DE SUCRE S.A.S,901543761,EPS FAMILIAR DE COLOMBIA S.A.S,76950.0,2026-01-06T00:00:00,08:11:01,,1bb5a69454a8fd7f543c4a64e6494034d96d99e1108aa7b930932872b4deaa1145dee93e5d02f466a074303ec778d961,01,SS-CUFE     ,1,true,,,
4,120691443,FE105722,823002342,CLINICA DE VARICES S.A.S,901543761,EPS FAMILIAR DE COLOMBIA SAS,200000.0,2026-01-06T00:00:00,08:18:23,,3bea8851f74ab6525666d2defa2feeaaa33340783541b397bba81a728d15781b6f884b4571af78d52ac9cef552c5069b,01,SS-CUFE     ,1,true,,,
4,120692367,ACM16471,900386591,GYOMEDICAL I.P.S.  S.A.S,901543761,EPS FAMILIAR DE COLOMBIA S.A.S,11468690.0,2026-01-05T00:00:00,15:59:58,,d9feccd695078a7a8e2f6e7d47d369c5548302cb79d15e59dcfb61abc13ae5ae09b88aba10767fbbf7f448b9569f60db,01,SS-CUFE     ,37,true,,,
4,120692988,FE105724,823002342,CLINICA DE VARICES S.A.S,901543761,EPS FAMILIAR DE COLOMBIA SAS,120000.0,2026-01-06T00:00:00,08:20:27,,16fa2390027daa78f4aed848de8484f9eb903986313f1e94874429ecc83e11f0b6ee20a501e522b4b130c8fc65f3b495,01,SS-CUFE     ,1,true,,,
4,120694314,FE105726,823002342,CLINICA DE VARICES S.A.S,901543761,EPS FAMILIAR DE COLOMBIA SAS,200000.0,2026-01-06T00:00:00,08:22:38,,8e13a5f2eacabca028dc844fa3e7ba4c40468079c3224aeed059dd5286678caf571fd58c46d879334a28dedc7cefda5f,01,SS-CUFE     ,1,true,,,
4,120697089,CEFE44032,900611060,CENEMED QUILICHAO CENTRO DE ESPECIALISTAS SAS,901543761,EPS FAMILIAR DE COLOMBIA S.A.S.,50490.0,2026-01-06T00:00:00,07:40:58,,486e0daadcfbbea1621612307b5d8c3e194d89998d1591868d0388264dc52a1f31c5a1f62d6bcae1877b525734e0b02d,01,SS-Recaudo  ,1,true,,,
4,120701929,COV59799,900324225,SOCIEDAD PARA LA ATENCION MEDICA E IMAGENES DIAGNOSTICAS S.A.S.,901543761,EPS FAMILIAR DE COLOMBIA S.A.S. SUB,50000.0,2026-01-05T00:00:00,14:57:00,,c42f42e21d160b129230555db7b71f34d820de6e89ae85699c9dfb14b560e9c0d3a48984c1a022c9f2b260ada5b057db,01,SS-SinAporte,1,true,,,
4,120701945,COV59800,900324225,SOCIEDAD PARA LA ATENCION MEDICA E IMAGENES DIAGNOSTICAS S.A.S.,901543761,EPS FAMILIAR DE COLOMBIA S.A.S. SUB,50000.0,2026-01-05T00:00:00,16:17:00,,a92cae328124ea14ddeb011628ce90648ef2f21d9bb127ea7ff8e1e6fc250582cbddbea86cf3c71586b9f29124977a04,01,SS-SinAporte,1,true,,,
4,120701960,COV59801,900324225,SOCIEDAD PARA LA ATENCION MEDICA E IMAGENES DIAGNOSTICAS S.A.S.,901543761,EPS FAMILIAR DE COLOMBIA S.A.S. SUB,50000.0,2026-01-05T00:00:00,13:32:00,,6e2382f428f7626290145c6fb0309644baaeef265c21255af74c9fc3e55f9cfabf0d2a6d8ec288a212464c4d481a16ba,01,SS-SinAporte,1,true,,,
4,120701967,COV59804,900324225,SOCIEDAD PARA LA ATENCION MEDICA E IMAGENES DIAGNOSTICAS S.A.S.,901543761,EPS FAMILIAR DE COLOMBIA S.A.S. SUB,50000.0,2026-01-05T00:00:00,14:19:00,,89d9fae00df4619cf7d5a7854cee35e724c9f0ad523b0f80ae3b50d0a5efe99e64680de2a147dc8e1c4a25395a9f5a84,01,SS-SinAporte,1,true,,,
4,120701973,COV59806,900324225,SOCIEDAD PARA LA ATENCION MEDICA E IMAGENES DIAGNOSTICAS S.A.S.,901543761,EPS FAMILIAR DE COLOMBIA S.A.S. SUB,50000.0,2026-01-05T00:00:00,16:50:00,,c1e966629e07174e0a9513f93b4071755c2809d6a6dfdcb4f1bb66c1830b4163fd731e2315c73bb8fde4055b919cbcec,01,SS-SinAporte,1,true,,,
4,120701978,COV59807,900324225,SOCIEDAD PARA LA ATENCION MEDICA E IMAGENES DIAGNOSTICAS S.A.S.,901543761,EPS FAMILIAR DE COLOMBIA S.A.S. SUB,50000.0,2026-01-05T00:00:00,13:35:00,,3b5b656703cfd06abf90c0af654ecf1979d5aa38f95a6e60618980338824901e386755653d3525a595bf80a9f6b1f461,01,SS-SinAporte,1,true,,,
4,120701986,COV59808,900324225,SOCIEDAD PARA LA ATENCION MEDICA E IMAGENES DIAGNOSTICAS S.A.S.,901543761,EPS FAMILIAR DE COLOMBIA S.A.S. SUB,50000.0,2026-01-05T00:00:00,14:51:00,,1d08923f430eddf271e9680a45f82ff008d0969fc94834de6fd60ea2f0d74c8f3010244008197df044bf92c4370616b8,01,SS-SinAporte,1,true,,,
4,120701999,COV59809,900324225,SOCIEDAD PARA LA ATENCION MEDICA E IMAGENES DIAGNOSTICAS S.A.S.,901543761,EPS FAMILIAR DE COLOMBIA S.A.S. SUB,50000.0,2026-01-05T00:00:00,15:07:00,,80a4c6c47318ed70bbad7fe0b1bdf7bdeee843261ce538070e0600cebb92059f78e20322c2aae462eb1b8b82e132a2b6,01,SS-SinAporte,1,true,,,
4,120702009,COV59810,900324225,SOCIEDAD PARA LA ATENCION MEDICA E IMAGENES DIAGNOSTICAS S.A.S.,901543761,EPS FAMILIAR DE COLOMBIA S.A.S. SUB,50000.0,2026-01-05T00:00:00,14:37:00,,87e36c54c14b7eeaf4c8cfff5538201eb0a16483b05f35a2f5c6b64230184f87d38a7382625de0c5c30a4240a874b094,01,SS-SinAporte,1,true,,,
4,120702015,COV59811,900324225,SOCIEDAD PARA LA ATENCION MEDICA E IMAGENES DIAGNOSTICAS S.A.S.,901543761,EPS FAMILIAR DE COLOMBIA S.A.S. SUB,50000.0,2026-01-05T00:00:00,13:37:00,,ccbc4419a5b68b38777271a919384343e37f7ed218e77db97359cc8a95afd606feebe833f3be8ccf13773a329d00b19d,01,SS-SinAporte,1,true,,,
4,120702022,COV59812,900324225,SOCIEDAD PARA LA ATENCION MEDICA E IMAGENES DIAGNOSTICAS S.A.S.,901543761,EPS FAMILIAR DE COLOMBIA S.A.S. SUB,50000.0,2026-01-05T00:00:00,16:29:00,,509206d9db453b92a35c376a9dfc100a3b7be464ba01657a3f1118475db1ef129a1e6d582090b67467ce7251ed0203d6,01,SS-SinAporte,1,true,,,
4,120702028,COV59813,900324225,SOCIEDAD PARA LA ATENCION MEDICA E IMAGENES DIAGNOSTICAS S.A.S.,901543761,EPS FAMILIAR DE COLOMBIA S.A.S. SUB,50000.0,2026-01-05T00:00:00,13:51:00,,50bc11f584e8f5de7932e0c661d2d58e31244ae106b488d179b8371275b57b89258101283f4a36d7340461357cd3d16e,01,SS-SinAporte,1,true,,,
4,120702037,COV59815,900324225,SOCIEDAD PARA LA ATENCION MEDICA E IMAGENES DIAGNOSTICAS S.A.S.,901543761,EPS FAMILIAR DE COLOMBIA S.A.S. SUB,50000.0,2026-01-05T00:00:00,16:49:00,,599f5bdcfb88bffe163f25351fb575c6dfc14b908efbfd48424b50c57a2fbca79fc621316dc864428883d0a71cea7555,01,SS-SinAporte,1,true,,,
4,120702048,COV59816,900324225,SOCIEDAD PARA LA ATENCION MEDICA E IMAGENES DIAGNOSTICAS S.A.S.,901543761,EPS FAMILIAR DE COLOMBIA S.A.S. SUB,50000.0,2026-01-05T00:00:00,16:08:00,,ea046e0ad90f5966491e7562afc6fd5759a797fc571cafbbc2294b25c7a63e0ff0120da8a5b563787677788e50fcf6ce,01,SS-SinAporte,1,true,,,
4,120702061,COV59817,900324225,SOCIEDAD PARA LA ATENCION MEDICA E IMAGENES DIAGNOSTICAS S.A.S.,901543761,EPS FAMILIAR DE COLOMBIA S.A.S. SUB,50000.0,2026-01-05T00:00:00,14:03:00,,30bae5fb35b49c75cb42122c2761d97a45c4dacf76e07044225f3d88f7120c7769b255da5afe3eeb32c030a3313bdcc5,01,SS-SinAporte,1,true,,,
4,120702072,COV59818,900324225,SOCIEDAD PARA LA ATENCION MEDICA E IMAGENES DIAGNOSTICAS S.A.S.,901543761,EPS FAMILIAR DE COLOMBIA S.A.S. SUB,50000.0,2026-01-05T00:00:00,13:49:00,,3d932840041540ea7748383ee2c35955f6b4c14fa1e58438c0fd4af9a4865a92b3a0f14dc53e28cae69e69b87cbd804d,01,SS-SinAporte,1,true,,,
4,120702077,COV59819,900324225,SOCIEDAD PARA LA ATENCION MEDICA E IMAGENES DIAGNOSTICAS S.A.S.,901543761,EPS FAMILIAR DE COLOMBIA S.A.S. SUB,50000.0,2026-01-05T00:00:00,14:59:00,,82c92c919a768567ef69ac823a88aabc39e778e957cc77857e2a841e64f791f9a87d9b39e0708e078a92a275b720944f,01,SS-SinAporte,1,true,,,
4,120702082,COV59820,900324225,SOCIEDAD PARA LA ATENCION MEDICA E IMAGENES DIAGNOSTICAS S.A.S.,901543761,EPS FAMILIAR DE COLOMBIA S.A.S. SUB,50000.0,2026-01-05T00:00:00,15:56:00,,8059330bbc614b737ad7b649a24bde3e9c7638ca176cf8ccf6cc9254761b5b67b99218c67cf8f49d57823f45e44683cf,01,SS-SinAporte,1,true,,,
4,120702090,COV59821,900324225,SOCIEDAD PARA LA ATENCION MEDICA E IMAGENES DIAGNOSTICAS S.A.S.,901543761,EPS FAMILIAR DE COLOMBIA S.A.S. SUB,50000.0,2026-01-05T00:00:00,16:31:00,,5e6ff4bd1bb4ee24c74ff37a6a772a397e11e7def38c9e3e08e211c7d7e54053dfbdbd6749f79ca370528b6b8487a39b,01,SS-SinAporte,1,true,,,
4,120702097,COV59823,900324225,SOCIEDAD PARA LA ATENCION MEDICA E IMAGENES DIAGNOSTICAS S.A.S.,901543761,EPS FAMILIAR DE COLOMBIA S.A.S. SUB,84000.0,2026-01-05T00:00:00,11:06:00,,0973752e8c2338903a6301c93fb00945ed001170d2f51bdfec45b234871cbe0529622b1d5a25e1231b2645e37fb6f55d,01,SS-SinAporte,1,true,,,
4,120702102,COV59824,900324225,SOCIEDAD PARA LA ATENCION MEDICA E IMAGENES DIAGNOSTICAS S.A.S.,901543761,EPS FAMILIAR DE COLOMBIA S.A.S. SUB,105000.0,2026-01-05T00:00:00,11:09:00,,caa5cd8f419b3bff69d6cf63ffda1531cfed67a91834964d3822583e571c0b5ac5e2306c702e09caa50d18c04e447ca0,01,SS-SinAporte,1,true,,,
4,120702111,COV59825,900324225,SOCIEDAD PARA LA ATENCION MEDICA E IMAGENES DIAGNOSTICAS S.A.S.,901543761,EPS FAMILIAR DE COLOMBIA S.A.S. SUB,130000.0,2026-01-05T00:00:00,10:20:00,,65d5efad35bdf09335853ccf79ba9c98cac1c9f0b17f44a1c315aa5f8f56cb01ac4ed4355696048168cbb4b4c20806bb,01,SS-SinAporte,1,true,,,
4,120702115,COV59826,900324225,SOCIEDAD PARA LA ATENCION MEDICA E IMAGENES DIAGNOSTICAS S.A.S.,901543761,EPS FAMILIAR DE COLOMBIA S.A.S. SUB,84000.0,2026-01-05T00:00:00,09:12:00,,501337758df8a88d83eea8adec53bda355b2cd4c3fe38548bd4751e7ed693fb7858846fd5b7367d3d6fc6da885fdbb1d,01,SS-SinAporte,1,true,,,
4,120702122,COV59828,900324225,SOCIEDAD PARA LA ATENCION MEDICA E IMAGENES DIAGNOSTICAS S.A.S.,901543761,EPS FAMILIAR DE COLOMBIA S.A.S. SUB,84000.0,2026-01-05T00:00:00,11:12:00,,943e4f04964b8e5f80f1f9d776ed4f75fed674c6fb0405e382611fc0e119d0656ee34d736d7a19c78e8b7e0125ffc06c,01,SS-SinAporte,1,true,,,
4,120702130,COV59830,900324225,SOCIEDAD PARA LA ATENCION MEDICA E IMAGENES DIAGNOSTICAS S.A.S.,901543761,EPS FAMILIAR DE COLOMBIA S.A.S. SUB,84000.0,2026-01-05T00:00:00,10:00:00,,8863cac3226e0076744fc006f391579e887d8e4fa765373c504ceb821e02b76f30547bbf942e5e63b417db21e0a62be0,01,SS-SinAporte,1,true,,,
4,120702139,COV59831,900324225,SOCIEDAD PARA LA ATENCION MEDICA E IMAGENES DIAGNOSTICAS S.A.S.,901543761,EPS FAMILIAR DE COLOMBIA S.A.S. SUB,105000.0,2026-01-05T00:00:00,09:58:00,,4d657265579e6c6594326cb063221d936d05c1aa95955ce129444d911863d3f4141c1b1be30d8210e21ca8fa349d11fd,01,SS-SinAporte,1,true,,,
4,120702143,COV59832,900324225,SOCIEDAD PARA LA ATENCION MEDICA E IMAGENES DIAGNOSTICAS S.A.S.,901543761,EPS FAMILIAR DE COLOMBIA S.A.S. SUB,168000.0,2026-01-05T00:00:00,09:26:00,,876723a2c0e2ccf9b01279beccd3e08aa3240aa2e6eca25f4c06b8c124e231c7f0293d850c24cbdacec483809ea92b51,01,SS-SinAporte,2,true,,,
4,120702150,COV59834,900324225,SOCIEDAD PARA LA ATENCION MEDICA E IMAGENES DIAGNOSTICAS S.A.S.,901543761,EPS FAMILIAR DE COLOMBIA S.A.S. SUB,84000.0,2026-01-05T00:00:00,09:49:00,,e833675d724e7388fa1df98210b2fe661be3049147644a71d57c7816a9438e97388fc5b584aaf3354724ac834e4d330f,01,SS-SinAporte,1,true,,,
4,120702161,COV59878,900324225,SOCIEDAD PARA LA ATENCION MEDICA E IMAGENES DIAGNOSTICAS S.A.S.,901543761,EPS FAMILIAR DE COLOMBIA S.A.S. SUB,84000.0,2026-01-05T00:00:00,09:28:00,,69eeaa87198900897c4f6910af6bb2000c438f247d4fc65262d8fc48d3c24709c2816827c13f5aa9cc562fe39450fd65,01,SS-SinAporte,1,true,,,
4,120702174,COV59884,900324225,SOCIEDAD PARA LA ATENCION MEDICA E IMAGENES DIAGNOSTICAS S.A.S.,901543761,EPS FAMILIAR DE COLOMBIA S.A.S. SUB,325500.0,2026-01-05T00:00:00,16:34:00,,45c411d31d03011b290255a701d9ef90640e99058eb035f3fa8425796212adf6af759c2142c26b7d19501e5a406a5e7b,01,SS-SinAporte,2,true,,,
4,120702189,COV59888,900324225,SOCIEDAD PARA LA ATENCION MEDICA E IMAGENES DIAGNOSTICAS S.A.S.,901543761,EPS FAMILIAR DE COLOMBIA S.A.S. SUB,36750.0,2026-01-05T00:00:00,08:07:00,,390e1b50091cd60ff5b030f9fc4ca1d840da86252e3d82a1a7b73ad06a659ad3aef9cdd207abf3de6b17fa9200ea130d,01,SS-SinAporte,1,true,,,
4,120702196,COV59891,900324225,SOCIEDAD PARA LA ATENCION MEDICA E IMAGENES DIAGNOSTICAS S.A.S.,901543761,EPS FAMILIAR DE COLOMBIA S.A.S. SUB,36750.0,2026-01-05T00:00:00,08:18:00,,57f7be5d784d03232eea4c92a1e0887fc6976f645e20b20cddc7743dc58338a3fec06ce556ac213ebb30c33dfed44eab,01,SS-SinAporte,1,true,,,
4,120702206,COV59892,900324225,SOCIEDAD PARA LA ATENCION MEDICA E IMAGENES DIAGNOSTICAS S.A.S.,901543761,EPS FAMILIAR DE COLOMBIA S.A.S. SUB,36750.0,2026-01-05T00:00:00,07:43:00,,ca2b7a512c40c01a55171b3898da6ed1b6a261926729d87226727e031c76b191749644a5c965543255419e264d13eccc,01,SS-SinAporte,1,true,,,
4,120702613,FSSC3626,901334785,SANAR Y CURAR IPS S.A.S,901543761,EPS FAMILIAR DE COLOMBIA S.A.S,64323000.0,2026-01-06T00:00:00,00:00:00,2026-02-05T00:00:00,e01711b9f84f98c1bb18b949d061cba9320e55b1212d7e12b946f9aed7726500129bb3d6d34380ca4be30ff7577447ae,01,SS-CUFE     ,1,true,,,
4,120702696,FSSC3627,901334785,SANAR Y CURAR IPS S.A.S,901543761,EPS FAMILIAR DE COLOMBIA S.A.S,28588000.0,2026-01-06T00:00:00,00:00:00,2026-02-05T00:00:00,cd1713a16e347bd6bf06c68cbcbc4e31bbb0ff284c068e62f1a6616a11b4a7f75d9c977549316db298ac90bfa4123125,01,SS-CUFE     ,1,true,,,
4,120702748,FSSC3628,901334785,SANAR Y CURAR IPS S.A.S,901543761,EPS FAMILIAR DE COLOMBIA S.A.S,14294000.0,2026-01-06T00:00:00,00:00:00,2026-02-05T00:00:00,dd061bff1327968140ad22d48749239e8db412904ad7144e33d11cf03c79416d072f29a4d6bbcb6975ec1468d425f9c7,01,SS-CUFE     ,1,true,,,
4,120702810,FSSC3629,901334785,SANAR Y CURAR IPS S.A.S,901543761,EPS FAMILIAR DE COLOMBIA S.A.S,14294000.0,2026-01-06T00:00:00,00:00:00,2026-02-05T00:00:00,e0284a97065ff17617ce99a0cd39d1845380b54d144603a3583f31a10b63994744bc97255579cf7b7d8e854c68624f99,01,SS-CUFE     ,1,true,,,
4,120702892,FSSC3630,901334785,SANAR Y CURAR IPS S.A.S,901543761,EPS FAMILIAR DE COLOMBIA S.A.S,57176000.0,2026-01-06T00:00:00,00:00:00,2026-02-05T00:00:00,de5c46a55c3f4503c4578b1ead8e019da04ade8600eafefd75e9b5c1733feb5ad84a9b766953105723ff49e047a9f95c,01,SS-CUFE     ,1,true,,,
4,120704169,MI11357,900145581,EMPRESA SOCIAL DEL ESTADO CENTRO 1 ESE,901543761,EPS FAMILIAR DE COLOMBIA S.A.S.,284483.0,2026-01-06T00:00:00,08:36:21,,39c5e6ee76f1f217e06f257f9cc663e05b22d4da2a009d5ea0c87ecd67069d56f663e72b79b7eae31550c1dec49b6edf,01,SS-CUFE     ,14,true,,,
4,120725594,CSI175310,901336751,CLINIVIDA Y SALUD IPS SAS,901543761,EPS FAMILIAR DE COLOMBIA S.A.S.,505654.0,2026-01-06T00:00:00,00:00:00,2026-02-05T00:00:00,91b6be8d624267742686651e056fc5eb910adc4b3b5be1b8a254b1eceee0a17905fd5d439979fdef0a38042d2c25fa03,01,SS-CUFE     ,21,true,,,
4,120729584,CEFE44099,900611060,CENEMED QUILICHAO CENTRO DE ESPECIALISTAS SAS,901543761,EPS FAMILIAR DE COLOMBIA S.A.S.,88303.0,2026-01-06T00:00:00,08:46:34,,d99e19caf16a3b76eb66b12b5d187c95894c6d20dd8810ab565312e991c434609c3a6712690edebf689c687404117f66,01,SS-Recaudo  ,1,true,,,
4,120733249,HSAJ271390,892120115,ESE HOSPITAL SAN JOSE DE MAICAO,901543761,EPS FAMILIAR DE COLOMBIA S.A.S.,140000.0,2026-01-05T00:00:00,00:00:00,,8c7f3c212e1fcce7052079053b03c9eb2d794562ddd90100e69fda75dec8e9e966a41a65455c5f856273d6ccdba87c48,01,SS-CUFE     ,1,true,,,
4,120733251,HSAJ271345,892120115,ESE HOSPITAL SAN JOSE DE MAICAO,901543761,EPS FAMILIAR DE COLOMBIA S.A.S.,511100.0,2026-01-05T00:00:00,00:00:00,,e9bb55c10e7ef8a6f46f8ee0ed38fe165695f9131e3301444df439c87ab15e1b7fb30e36de23f4c0a133d462ba2accae,01,SS-CUFE     ,4,true,,,
4,120733253,HSAJ271360,892120115,ESE HOSPITAL SAN JOSE DE MAICAO,901543761,EPS FAMILIAR DE COLOMBIA S.A.S.,93500.0,2026-01-05T00:00:00,00:00:00,,d34b68f564994a92f7e0130e40ad9783f74ac673de03959d77c182a3353418cc9b7dcd2c4e370dcfad7d671929a37687,01,SS-CUFE     ,2,true,,,
4,120733254,HSAJ271308,892120115,ESE HOSPITAL SAN JOSE DE MAICAO,901543761,EPS FAMILIAR DE COLOMBIA S.A.S.,93500.0,2026-01-05T00:00:00,00:00:00,,000d6aabbbfb1f02b736c37aea004c339f3aa7933dab453a633701d2939d9a54e436dbff669a7c9de4c6d61a18719a69,01,SS-CUFE     ,2,true,,,
4,120733255,HSAJ271366,892120115,ESE HOSPITAL SAN JOSE DE MAICAO,901543761,EPS FAMILIAR DE COLOMBIA S.A.S.,113700.0,2026-01-05T00:00:00,00:00:00,,118a27e2caaefafb0f01ee64bc93d3f40188721c144c0f50c4f2dd7e7b2cc21e16c8023513f266aa5bbf54077084a4cf,01,SS-CUFE     ,3,true,,,
4,120733258,HSAJ271396,892120115,ESE HOSPITAL SAN JOSE DE MAICAO,901543761,EPS FAMILIAR DE COLOMBIA S.A.S.,326200.0,2026-01-05T00:00:00,00:00:00,,52e32a77d76ccb047ea22eaa2ae200ce4961a44a7f7f0a360c520682359d6df95670e2c55fb6681cce461a07f41401bb,01,SS-CUFE     ,2,true,,,
4,120733283,HSAJ271406,892120115,ESE HOSPITAL SAN JOSE DE MAICAO,901543761,EPS FAMILIAR DE COLOMBIA S.A.S.,304700.0,2026-01-05T00:00:00,00:00:00,,795fcfa82a4219eea8675d4d9c684a2aa9f99ed67638888aa0e44a3274003aa8794cf71a901671f30590eccc010e2d8a,01,SS-CUFE     ,1,true,,,
4,120733287,HSAJ271400,892120115,ESE HOSPITAL SAN JOSE DE MAICAO,901543761,EPS FAMILIAR DE COLOMBIA S.A.S.,120000.0,2026-01-05T00:00:00,00:00:00,,807082d7b43f6f15d6d83c40f0e99f7ad2529a46bf728155c9b3b90332b5b77b3f906e604971477f7035a1f55382f33f,01,SS-CUFE     ,1,true,,,
4,120733289,HSAJ271410,892120115,ESE HOSPITAL SAN JOSE DE MAICAO,901543761,EPS FAMILIAR DE COLOMBIA S.A.S.,67900.0,2026-01-05T00:00:00,00:00:00,,0c69c42b132d94324cae07e9aa237391de8222e2853412fb99ed76356dcbf590f48627d911a7c5670ad33542af5e655f,01,SS-CUFE     ,1,true,,,
4,120733292,HSAJ271420,892120115,ESE HOSPITAL SAN JOSE DE MAICAO,901543761,EPS FAMILIAR DE COLOMBIA S.A.S.,67900.0,2026-01-05T00:00:00,00:00:00,,bfaf737bb1085dfc5fedd4b67af2753909765145a1fedac91593b8393d3e6667f4b78045236f6501641f416f31664e58,01,SS-CUFE     ,1,true,,,
4,120733293,HSAJ271421,892120115,ESE HOSPITAL SAN JOSE DE MAICAO,901543761,EPS FAMILIAR DE COLOMBIA S.A.S.,67900.0,2026-01-05T00:00:00,00:00:00,,b37156e9b200e3928a5aa5b214beac9fd05dcd3a9ee83e919f33e4a6aea2d1a62822b0b71cec812fd29a3743c546a2d2,01,SS-CUFE     ,1,true,,,
4,120733315,HSAJ271428,892120115,ESE HOSPITAL SAN JOSE DE MAICAO,901543761,EPS FAMILIAR DE COLOMBIA S.A.S.,86429.0,2026-01-05T00:00:00,00:00:00,,9c39b231e2a8423913c0d8540b235502f013481756652f56b19ca4feaa68943160355516649b0b5430608c17b980390b,01,SS-CUFE     ,1,true,,,
4,120737840,FVAL11513,901497939,INSTITUTO ONCOLOGICO OSPEDALE S.A.S,901543761,EPS FAMILIAR DE COLOMBIA S.A.S.,63900.0,2026-01-06T00:00:00,07:14:28,,5004ad220ce8ce6ee2bec1253bbcc9fc6f1e998e6d84fae49d813c6eaa4c6ca2156f3b0cc44883baa9fa8b54c77fea8a,01,SS-CUFE     ,1,true,,,
4,120737856,FVAL11514,901497939,INSTITUTO ONCOLOGICO OSPEDALE S.A.S,901543761,EPS FAMILIAR DE COLOMBIA S.A.S.,63900.0,2026-01-06T00:00:00,07:37:10,,8b87da006b3c6158e48d4deb1416e1d3ab672d3f026c5c7a1c47a213932b236322e5ba6320d2d6bb74a081b3cd1670a4,01,SS-CUFE     ,1,true,,,
4,120737868,FVAL11515,901497939,INSTITUTO ONCOLOGICO OSPEDALE S.A.S,901543761,EPS FAMILIAR DE COLOMBIA S.A.S.,20400.0,2026-01-06T00:00:00,08:06:12,,35c618eb909c274e2ae4e94ce95c7143a0fd8ebfd6bce23f74d243d3cd82a6931d1f21fd3ce71424b60c01f3f1e7d0e1,01,SS-CUFE     ,1,true,,,
4,120737879,FVAL11516,901497939,INSTITUTO ONCOLOGICO OSPEDALE S.A.S,901543761,EPS FAMILIAR DE COLOMBIA S.A.S.,68500.0,2026-01-06T00:00:00,08:11:43,,f460d6fc4d39c0a7a7b742f98b435bde91457c311266367f2f8c95a54b65ef0fd7b5fb52a917d7a935e6c49e36041a8c,01,SS-CUFE     ,1,true,,,
4,120737881,COV59802,900324225,SOCIEDAD PARA LA ATENCION MEDICA E IMAGENES DIAGNOSTICAS S.A.S.,901543761,EPS FAMILIAR DE COLOMBIA CONT,50000.0,2026-01-05T00:00:00,16:04:00,,321b27ff9f7fa18abda20fbcbfdb6fbc9f6e8c12d3617f550b7cde8b6812f342d60aabad58c181072ed75f60770c533f,01,SS-SinAporte,1,true,,,
4,120737895,FVAL11517,901497939,INSTITUTO ONCOLOGICO OSPEDALE S.A.S,901543761,EPS FAMILIAR DE COLOMBIA S.A.S.,28700.0,2026-01-06T00:00:00,08:20:14,,f8ed8856d6c5cd9fb0becca09a7c5c6835618332b5f3fae2cb05916e7e2b693e0cffb03fe7cd4d2ee7e1e6d826bee3ba,01,SS-CUFE     ,1,true,,,
4,120738812,FONC293319,812007194,ONCOMEDICA S.A.S.,901543761,EPS FAMILIAR DE COLOMBIA S.A.S,144785.0,2026-01-06T00:00:00,00:00:00,,b3f96fd597a839e1b647662ea14864de82c9860f8e1dc69fcfca284384925c82e092a03b573021fcbb4674c6aa4dcd98,01,SS-CUFE     ,1,true,,,
4,120742153,HRPL373893,892399994,ESE HOSPITAL ROSARIO PUMAREJO DE LOPEZ,901543761,EPS FAMILIAR DE COLOMBIA S.A.S.,1337657.0,2025-12-30T00:00:00,15:58:26,,c41d0fec0ebd07e72d1d0480e5f9f597d31f56b8235e10a0440b6221fc1910eb9b1c1402de32813002384b00b127bc52,01,SS-CUFE     ,24,true,,,
4,120742247,FE42607,892200273,CLINICA LAS PEÑITAS S.A.S,901543761,EPS FAMILIAR DE COLOMBIA S.A.S.,296056.0,2026-01-06T00:00:00,09:24:31,,d46c01f6148c40f0f0643f21617285d910c9a74b0d0b8a923bea72e7f01de3f113a4705de554e8b7c4f34ec9fd10a9b8,01,SS-SinAporte,17,true,,,
4,120742853,FEIH433990,900196347,EMPRESA SOCIAL DEL ESTADO HOSPITAL LA DIVINA MISERICORDIA,901543761,EPS FAMILIAR DE COLOMBIA SAS,468763.0,2026-01-03T00:00:00,00:00:00,,a8a2d361ce5d66fdbc53d92262ace87f6559ef6ff962793c2feebadb69ca6f350c2a38f1e4c5799e007cfd7d48b7268b,01,SS-CUFE     ,17,true,,,
4,120745490,SSCO7754444,900959051,SUBRED INTEGRADA DE SERVICIOS DE SALUD CENTRO ORIENTE E.S.E.,901543761,EPS FAMILIAR DE COLOMBIA SAS,163900.0,2026-01-06T00:00:00,09:29:14,,079c85812f297331f28a19ea371418899cc2535a7196eb481d6b53dd4b31c06e14120c000f0733b9d92b2d2f5abd7282,01,SS-CUFE     ,2,true,,,
4,120746623,CEFE44118,900611060,CENEMED QUILICHAO CENTRO DE ESPECIALISTAS SAS,901543761,EPS FAMILIAR DE COLOMBIA S.A.S.,126163.0,2026-01-06T00:00:00,09:14:00,,d03a27dcfaf1eeeeb6ba8608e09458f89acc8c35f79feefeb9b6fec114d810fd9ec2c3269984f583283cfd6bffe2a63d,01,SS-Recaudo  ,1,true,,,
4,120748200,450115274,822006595,ESE SOLUCION SALUD DEL DEPARTAMENTO DEL META,901543761,EPS FAMILIAR DE COLOMBIA S.A.S.,242300.0,2026-01-06T00:00:00,09:30:35,2026-02-05T00:00:00,2ca40125eaa0cb8c8ec78bb36aedf2b6d12eb8784d80952658d4f1e5273f19c55b09d17bc624f2afdb446a1901fb4b76,01,SS-CUFE     ,7,true,,,
4,120748585,SIR3745,901696180,SALUD INTEGRAL S.A.S,901543761,EPS FAMILIAR DE COLOMBIA - SUB,223443.0,2026-01-05T00:00:00,23:29:06,,56529359278153e8511ca8de1c0256f00b016ea6634151257d1536707da8cf71cc9fff3d3fee7534b4b49284c8e5131a,01,SS-CUFE     ,4,true,,,
4,120748947,FE42609,892200273,CLINICA LAS PEÑITAS S.A.S,901543761,EPS FAMILIAR DE COLOMBIA S.A.S.,16774.0,2026-01-06T00:00:00,09:35:05,,9c1446b3a76e26c58dbf2bc47d0b085074be4ca9ddbf668b7608272fbbf19bb50335f045f00a855d7db6a1255897c5d6,01,SS-SinAporte,1,true,,,
4,120750615,FSE640692,900390423,PROMOTORA CLINICA ZONA FRANCA DE URABA S.A.S.,901543761,EPS FAMILIAR DE COLOMBIA S.A.S.,1293019.0,2026-01-06T00:00:00,09:36:36,,9d44ad24217dcfb65640aad0fa74b911ee1f4af7492b3d758faaf7afb6278f00258eab4f47b34e1b9ae3e32953655a54,01,SS-CUFE     ,17,true,,,
4,120751812,HOSF1083774,890680025,EMPRESA SOCIAL DEL ESTADO HOSPITAL SAN RAFAEL FUSAGASUGA,901543761,EPS FAMILIAR DECOLOMBIA S.A.S,45800.0,2026-01-06T00:00:00,09:00:27,,89797751fa34d530bbb04301829a6b9e78fb27e2141549571528149050c0bb6c8a0533030fa60c4bfc2847a897f66082,01,SS-CUFE     ,1,true,,,
4,120751960,FIN57322,900979320,MEDISFARMA S.A.S. EN REORGANIZACION,901543761,EPS FAMILIAR DE COLOMBIA SAS,19650.0,2026-01-06T00:00:00,09:21:22,2026-02-05T00:00:00,bf4ca2518a0191c4a4eed8c221e0b231965527f311953da9f396784f4a8634d247467505040a726444295fba34a5c1ce,01,SS-CUFE     ,1,true,,,
